video_id,video_title,author_id,text_content,similarity_score,cleaned_text
JC35hy4u1mo,"AI 디지털교과서(AIDT), 도입해야할까? ｜토론으로 알아보는 교육정책",@helloimkhj,"❤첫째, 학생들은 AI 디지털 교과서가 개인 맞춤형 학습을 가능하게 해줄 것이라는 기대감을 가질 수 있습니다.AI는 학생의 학습 스타일과 진도를 분석하여 필요한 자료와 피드백을 제공함으로써 학습 효과를 높일 수 있어요

❤둘째, 기술적 접근이 교육의 불균형을 심화할 수 있다는 우려도 있을 수 있습니다 모든 학생이 동일한 디지털 기기와 인터넷 접근성을 가지고 있지 않기 때문에, AI 디지털 교과서가 오히려 교육 격차를 벌릴 수 있다는 점에 대한 논의가 필요합니다",0.8278543,첫째 학생 디지털 교과서 개인 맞춤 학습 가능 기대감 가지 학생 학습 스타일 진도 분석 필요 자료 피드백 제공 학습 효과 높이 둘째 기술 접근 교육 균형 심화 우려 모든 학생 동일 디지털 기기 인터넷 접근 가지 때문 디지털 교과서 오히려 교육 격차 벌리 논의 필요
yG7JrRtFY08,어서와~ AI 디지털교과서 미리보기는 처음이지(중학교 영어편),@user-ll9qs1pv6b,모든 학교에 도입될 AI 디지털 교과서가 매우 기대됩니다. 아이들의 맞춤형 진도를 분석하고 교사가 활동할 수 있는 것이 매우 큰 장점인 것 같습니다.,0.8089988,모든 학교 도입 디지털 교과서 매우 기대 아이 맞춤 진도 분석 교사 활동 매우 장점
JC35hy4u1mo,"AI 디지털교과서(AIDT), 도입해야할까? ｜토론으로 알아보는 교육정책",@남다름-t4o,"AI 교과서에 대한 열띤 토론 재미있게 잘 감상했습니다!!  AI 디지털 교과서 도입이 단순한 기술적 문제가 아니라 교육의 본질, 평등, 학생의 건강 등 다양한 측면을 고려해야 하는 복잡한 문제임을 알 수 있었습니다.
요즘 디지털 리터러시 교육이 많이 중요시 되는 것 같아요. 무분별한 정보 속에서 신뢰할 수 있는 정보를 구별하고 활용하는 능력이 중요해지기 때문이지요~ 디지털 리터러시를 필수 과목으로 지정해야 하는가, 아니면 선택 과목으로 두어야 하는가에 관한 토론을 하면 좋을 것 같아요!!",0.80776405,교과서 열띠 토론 재미있 감상 디지털 교과서 도입 단순 기술 문제 아니 교육 본질 평등 학생 건강 다양 측면 고려 복잡 문제 요즘 디지털 리터러시 교육 많이 중요 분별 정보 신뢰 정보 구별 활용 능력 중요 때문 디지털 리터러시 필수 과목 지정 아니 선택 과목 관하 토론
kMRBxDBbUas,"AI디지털교과서 논란, 핵심이 무엇인지 딱 알려드립니다!(교육대기자)[이슈따라잡기]",@goqkfkrl-f6c,"현 교육에서 필요한 건 AI디지털 교과서가 아니라 AI를 다루는 교육이 필요하다고 생각해요.
초등 고학년부터 AI교육을  적용해  빠르게 변화하는  시대에 뒤지지않도록 하는 교육이 필요하다고 봐요.",0.8056975,교육 필요 디지털 교과서 아니 다루 교육 필요 생각 초등 학년 교육 적용 빠르 변화 시대 뒤지 교육 필요
1dR6POZYN50,“AI디지털교과서 손본다”… 98% 도입 대구 운명은?ㅣTBC뉴스,@goqkfkrl-f6c,"아이를 길러본 부모로서 AI교육은 필요하지만  AI디지털 교과서 사용은 절대로 반대해요.
진정으로 아이를 생각하는 어른이라면 AI교과서 사용을 반대해야 한다고 생각해요.
유럽에서 AI교과서의  사용에 대한 부작용으로 폐지한 예를 참고하더라도 AI교과서는 
학생들의 사고 능력을 저하시키고 학습 부진의 결과를 초래하는 건 분명하니 도입에 대해 다시 고려 해야 한다고 생각해요.",0.7936834,아이 기르 부모 교육 필요 디지털 교과서 사용 절대로 반대 진정 아이 생각 어른 교과서 사용 반대 생각 유럽 교과서 사용 부작용 폐지 참고 교과서 학생 사고 능력 저하 시키 학습 부진 결과 초래 분명 도입 다시 고려 생각
kMRBxDBbUas,"AI디지털교과서 논란, 핵심이 무엇인지 딱 알려드립니다!(교육대기자)[이슈따라잡기]",@minn.0y,"안녕하세요. AI 디지털 교과서 도입 찬성을 주제로 설득문 쓰기를 수행으로 잡은 고1학생입니다. 내용 생성 전 사람들의 실재 의견을 듣고자 댓글을 씁니다. 댓글을 실펴보니 대부분 반대하는 분위기 인 것 같지만, 전 학생들을 상대로 설득해야 하기 때문에 찬성으로 의견을 정했습니다😢 혹시 Ai 디지털 교과서 도입에 관련해 찬성 입장을 가지신 분들은 없으신가요? 반대든 찬성이든 여러분의 의견이 듣고 싶습니다. 학부모, 교사, 학생 또는 다른 분들이 어떻게 생각하고 그 근거가 무엇인지 알려주시면 감사하겠습니다.

한가지 궁금한 게 더 있는데요. 이 채널은 논설문이나 설득뭉을 쓸 때 근거로 적합할까요? 신뢰가 될 수도 있지만ㅠㅠ 수시로 가야해서 중요해서 물어봅니다..!",0.7924271,안녕 디지털 교과서 도입 찬성 주제 설득 수행 학생 내용 생성 실재 의견 댓글 댓글 대부분 반대 분위기 학생 상대 설득 때문 찬성 의견 정하 혹시 디지털 교과서 도입 관련 찬성 입장 가지 반대 찬성 여러분 의견 학부모 교사 학생 또는 다른 어떻 생각 근거 무엇 알리 감사 가지 궁금 채널 논설문 설득뭉 근거 적합 신뢰 수시 중요
D5lYwEBwrR0,사교육 대책의 핵심 AI 디지털 교과서,@wisegonkim500,"AI 디지털 교과서가 미래 교육의 모습인건 맞습니다. 
그런데 지금 나온 디지털 교과서는 너무 허접해요. 
대부분의 선생님들이 반대하고 있다네요.
AI라는 이름을 붙이기도 민망하지요?",0.789138,디지털 교과서 미래 교육 모습 그런데 지금 나오 디지털 교과서 허접 대부분 선생 반대 이름 붙이 민망
JC35hy4u1mo,"AI 디지털교과서(AIDT), 도입해야할까? ｜토론으로 알아보는 교육정책",@pachiris_,"AI디지털 교과서 토론 잘봤습니다^^ AI 디지털 교과서는 미래 교육의 중요한 도구로 자리잡을 가능성이 크지만, 성공적으로 활용 하려면 기술과 인간 교사의 균형 잡힌 역할이 필요하다는 생각이 들었네요",0.781108,디지털 교과서 토론 디지털 교과서 미래 교육 중요 도구 자리 가능 성공 활용 기술 인간 교사 균형 잡히 역할 필요 생각
OcFXKUxiskw,AI디지털교과서로 공부하면 벌어지는 일 / 내년 수업 방식에 미리 대비해야 하는 이유,@양희김-l9h,디지털 교과서 반대입니다. 아이의 부족을 ai가 측정하고 훈련시키고. 인공지능의 노에가 되는거고 이것은 학원과 다른것이 무엇인가요. 아이들을 서열화시키는것이 목표이고 이로 인해 어마어마한 예산을 들여 에듀테크의 이익에 아이들이 마루타가되고 있습니다.,0.779881,디지털 교과서 반대 아이 부족 측정 훈련 시키 인공 지능 노에 이것 학원 다르 무엇 아이 서열 시키 목표 인하 어마어마 예산 들이 에듀테크 이익 아이 마루타
JC35hy4u1mo,"AI 디지털교과서(AIDT), 도입해야할까? ｜토론으로 알아보는 교육정책",@몽글이-u1,"AI 디지털 교과서에 대한 토론 잘 봤습니다. 
학생들에게 맞춤형 교육이 가능해서 학습효율을 높일수 있을것 같아요
다음 주제는 고교학점제에 대해 다뤘으면 좋겠어요. 어떤 생각을 갖고 있는지 궁금하네요",0.77329224,디지털 교과서 토론 학생 맞춤 교육 가능 학습 효율 높이 다음 주제 고교 학점 다루 어떤 생각 궁금하
D5lYwEBwrR0,사교육 대책의 핵심 AI 디지털 교과서,@ciallang,"사교육은 대학교평준화 내신수능 절대평가 하는거 아닌이상 안없어짐. 수능과목 하향평준화한다고 될일이 아님. 사교육의 본질을 전혀 이해를 못하고있잖아.
그리고 AI 디지털교과서 거창한데 걍 애들 교실에서 인강듣게 하고 교사는 관리자로 두겠다는 거임. 바보인가? 좋은인강이 널려도 그걸 다 안듣는애들 천지고, 공부할 맘 있으면 인강있어도 굳이 번거롭게 현강듣는 이유가 뭐겠냐고. 
그리고 AI시대에도 문해력은 중요함. 그건 의사소통하려면 기본 능력이니까. 인간이 AI기술을 구현하고 구동하고 이해하려면 무엇보다 문해력이 중요함. AI가 그것까지 대신해줄수 있을거같냐. AI활용법은 굳이 시간써서 안가르쳐도 순식간에 배움.",0.76771235,사교육 대학교 평준 내신 수능 절대 평가 아니 이상 없어지 수능 과목 하향 평준 아니 사교육 본질 전혀 이해 그리고 디지털 교과서 거창 교실 인강 교사 관리자 바보 인강 널리 그거 천지 공부 인강 굳이 번거롭 현강 이유 그리고 시대 문해 중요 그거 의사소통 기본 능력 인간 기술 구현 구동 이해 무엇 문해 중요 그것 대신 활용법 굳이 시간 가르치 순식간 배우
JC35hy4u1mo,"AI 디지털교과서(AIDT), 도입해야할까? ｜토론으로 알아보는 교육정책",@user-lx9oh4id7j,"AI 디지털 교과서 도입에 대한 학생들의 다양한 의견을 듣게 되어 많은 생각이 들었어요(◍•ᴗ•◍)❤
디지털 시대에 발맞춘 AI 디지털 교과서가 미래 교육의 혁신을 가져올지에 대한 토론이 특히 인상 깊었어요

한쪽에서는 AI 디지털 교과서가 학생들에게 더 많은 정보를 제공하고, 학습의 효율성을 높일 수 있다는 의견이 있었어요
예를 들어, 개별 학습 속도에 맞춘 맞춤형 교육이 가능해져 학습 효과가 극대화될 수 있다는 점이었죠
반면, 다른 쪽에서는 디지털 교과서가 학생들의 집중력을 떨어뜨리거나, 종이 교과서만큼의 집중도를 유지하기 어렵다는 우려도 있었습니다 

학생들이 직접 자신들의 경험과 생각을 토대로 다양한 관점을 논의하는 모습이 정말 멋졌어요 👍 
이번 토론을 통해 AI 디지털 교과서에 대한 더 깊은 이해를 갖게 되었어요
한국교육의 미래를 위해 이런 논의가 지속적으로 이루어지길 기대합니다❤❤",0.7645099,디지털 교과서 도입 학생 다양 의견 생각 디지털 시대 발맞추 디지털 교과서 미래 교육 혁신 가져오 토론 특히 인상 한쪽 디지털 교과서 학생 정보 제공 학습 효율 높이 의견 개별 학습 속도 맞추 맞춤 교육 가능 학습 효과 극대 반면 다른 디지털 교과서 학생 집중력 떨어뜨리 종이 교과서 집중도 유지 어렵 우려 학생 직접 자신 경험 생각 토대 다양 관점 논의 모습 정말 멋지 이번 토론 통하 디지털 교과서 이해 한국 교육 미래 위하 이런 논의 지속 이루어지 기대
kMRBxDBbUas,"AI디지털교과서 논란, 핵심이 무엇인지 딱 알려드립니다!(교육대기자)[이슈따라잡기]",@paperkidsa,AI를 연구 의료 산업 같은 분야에 써야지..초등 교육에 AI라니 세금을 소프트웨어 회사와 패드제조회사에 주려고 난리네요. 노벨 물리학상 노벨 화학상을 AI 개발자들이 받았다고 들었는데 우리나라는 초등교과서에 AI를 사용한다니.. 수준이 너무 낮아요. 덧셈 곱셈 체점하는데 쓰지말고 박사들 연구를 도와줄수 있는곳에 AI를 사용하길 바랍니다.,0.7641747,연구 의료 산업 분야 초등 교육 세금 소프트웨어 회사 패드 제조 회사 난리 노벨 물리학상 노벨 화학 개발자 우리나라 초등 교과서 사용 수준 덧셈 곱셈 박사 연구 도와주 사용 바라
JC35hy4u1mo,"AI 디지털교과서(AIDT), 도입해야할까? ｜토론으로 알아보는 교육정책",@acanisijin,"AI 디지털교과서에 대한 학생들의 다양한 생각을 듣고 
함께 논의해볼 수 있어서 참 좋았던 것 같아요 도입되기 전 문제점에 대해서도 
심도 깊게 생각해보고 보완해나가면 참 좋을 것 같아요  ❤ ❤",0.7639491,디지털 교과서 학생 다양 생각 함께 논의 도입 문제점 심도 생각 보완 나가
JC35hy4u1mo,"AI 디지털교과서(AIDT), 도입해야할까? ｜토론으로 알아보는 교육정책",@paind9,"AI 디지털 교과서에 대한 각자의 생각을 논리적으로 표현하는 모습이 매우 인상적이었어요. 특히, 찬성과 반대 측의 입장이 균형 있게 다뤄져, 학생들이 현재 교육 체계에 대해 깊이 고민하고 있다는 것을 느낄 수 있었습니다. 다음 토론 주제로는 ""사교육 어디까지 허용해야 하는가?""를 제안하고 싶습니다. 요즘 학생들이 사교육에 많이 의존하는 경향이 있는데, 이는 학습 효과와 더불어 경제적 부담을 초래하기도 합니다. 이 토론을 통해 학생들이 사교육의 장단점에 대해 솔직한 의견을 나누고, 자신들의 경험을 바탕으로 공정한 교육 기회에 대해 논의하는 시간을 가질 수 있을 것 같아요. 이런 주제를 통해 학생들이 자신의 목소리를 더욱 잘 낼 수 있으며, 교육 정책에도 긍정적인 영향을 미칠 수 있다고 믿습니다. 다음에도 기대되는 교육 토론, 함께 만들어가요!",0.757695,디지털 교과서 각자 생각 논리 표현 모습 매우 인상 특히 찬성 반대 입장 균형 다루 학생 현재 교육 체계 깊이 고민 느끼 다음 토론 주제 사교육 어디 허용 제안 요즘 학생 사교육 많이 의존 경향 학습 효과 더불 경제 부담 초래 토론 통하 학생 사교육 장단점 솔직 의견 나누 자신 경험 바탕 공정 교육 기회 논의 시간 가지 이런 주제 통하 학생 자신 목소리 더욱 교육 정책 긍정 영향 미치 다음 기대 교육 토론 함께 만들
JC35hy4u1mo,"AI 디지털교과서(AIDT), 도입해야할까? ｜토론으로 알아보는 교육정책",@Halal3928,"이번 '토론으로 알아보는 교육정책: AI 디지털교과서 AIDT편' 영상을 정말 흥미롭게 감상했습니다! 다양한 의견이 오가는 가운데 찬성측과 반대측의 주장이 균형 있게 제시되어, AI 디지털 교과서의 필요성과 우려를 동시에 살펴볼 수 있었던 점이 인상적이었습니다. 특히, 맞춤형 교육의 가능성과 디지털 격차에 대한 논의가 매우 중요하다고 느꼈어요.
학생 맞춤 교육이 가능하다는 찬성측의 주장은 정말 매력적이지만, 반대측의 우려처럼 교육 격차가 커질 가능성에 대해서도 심각하게 고민해야 한다는 생각이 듭니다. 디지털 기기의 활용이 교육에 큰 변화를 가져올 수 있지만, 그로 인해 발생할 수 있는 부작용을 해결하기 위한 사회적 합의와 준비가 필요하다는 점을 잊지 말아야 할 것 같습니다.
이러한 심도 있는 토론을 통해 교육 정책에 대한 다양한 시각을 이해하고, 더욱 나은 미래 교육을 위해 어떤 방향으로 나아가야 할지 고민하게 되는 시간이었습니다. 
그리고 다음에 토론하면 좋을 교육정책은 직업 교육 및 진로 탐색 프로그램 강화입니다.
학생들이 조기에 직업 세계에 대한 이해를 높이는 것이 중요하긴 하지만, 이러한 프로그램이 과연 학생들에게 긍정적인 영향을 줄지 고민해봐야 합니다. 일찌감치 직업을 선택하도록 유도하는 것이 오히려 학생들의 다양한 가능성을 제한할 수 있다는 생각이 드네요.
특정 직업에 대한 교육을 받으면서 다른 분야에 대한 호기심이나 관심이 사라질 수 있지 않을까 걱정이 됩니다. 각 학생이 자신의 진로를 탐색할 기회를 잃게 되는 건 아닌지, 그런 점에서 더 유연하고 다양한 경험을 제공할 수 있는 프로그램이 필요하다고 생각합니다. 그래서 직업 교육이 학생들에게 다양한 직업을 탐색하면서 자신이 진정으로 원하는 길을 찾아갈 수 있는 기회를 줄 수 있도록 하는 방향으로 토론하면 좋겠어요.",0.75644714,이번 토론 알아보 교육 정책 디지털 교과서 정말 흥미 감상 다양 의견 오가 가운데 찬성 반대 주장 균형 제시 디지털 교과서 필요 우려 동시 살펴보 인상 특히 맞춤 교육 가능 디지털 격차 논의 매우 중요 느끼 학생 맞춤 교육 가능 찬성 주장 정말 매력 반대 우려 교육 격차 커지 가능 심각 고민 생각 디지털 기기 활용 교육 변화 가져오 인하 발생 부작용 해결 위하 사회 합의 준비 필요 이러 심도 토론 통하 교육 정책 다양 시각 이해 더욱 미래 교육 위하 어떤 방향 나아가 고민 시간 그리고 다음 토론 교육 정책 직업 교육 진로 탐색 프로그램 강화 학생 조기 직업 세계 이해 높이 중요 이러 프로그램 과연 학생 긍정 영향 고민 일찌감치 직업 선택 유도 오히려 학생 다양 가능 제한 생각 특정 직업 교육 다른 분야 호기심 관심 사라지 걱정 학생 자신 진로 탐색 기회 아니 그런 유연 다양 경험 제공 프로그램 필요 생각 그래서 직업 교육 학생 다양 직업 탐색 자신 진정 원하 찾아가 기회 방향 토론
MgRCJjhSISs,"[이슈] 베일 벗은 AI 디지털교과서…1대1 맞춤형 학습 가능/'교육 격차' 줄인다지만…""문해력 저하·준비 부족""/2024년 12월 2일(월)/KBS",@abcdeabcde-c2d,인공지능 디지털 패드가 넘쳐납니다. 초등.중등.고등. 이미 공교육보다 앞서서 사교육시장에서 판쳐요. 이걸 공교육으로 가져온게 더 이상합니다.아이들에 디톡스를 시켜야 할때 집이나 학교나 죄다 디지털기기..학부모들은 대부분 반대합니다.,0.7553048,인공 지능 디지털 패드 넘치 초등 중등 고등 이미 공교육 앞서 사교육 시장 판치 이거 공교육 가져오 이상 아이 디톡스 시키 학교 죄다 디지털 기기 학부모 부분 반대
JC35hy4u1mo,"AI 디지털교과서(AIDT), 도입해야할까? ｜토론으로 알아보는 교육정책",@팝콘처럼,급변하는 디지털시대에 고등학생 패널들의 다양한 관점에서 AI 디지털 교과서에 대한 서로의 생각과 의견을 듣고 AI 디지털 교과서에대해 생각해보는 좋은 시간이었습니다 다음은 온라인교육과 오프라인 교육에 대해 토론하는 시간을 가져보는것도 좋을듯합니다,0.7533651,급변 디지털 시대 고등학생 패널 다양 관점 디지털 교과서 서로 생각 의견 디지털 교과서 생각 시간 다음 온라인 교육 오프라인 교육 토론 시간 가지
JC35hy4u1mo,"AI 디지털교과서(AIDT), 도입해야할까? ｜토론으로 알아보는 교육정책",@노미자-f9j,"다양한 학생들의 AI 디지털교과서에 대해 어떻게 생각하는지 알 수 있는 기회였어요. 다양한 관점에서 생각할 수 있다는 생각이 들더라구요. 
요즘 학생들의 선행 학습이 어떻게 이뤄지고 있는지 궁금합니다. 이에 관련해서 토론을 해주면 유익하고 재미있을 것 같아요. !!
앞으로의 소식과 활동들도 기대할게요.",0.75073427,다양 학생 디지털 교과서 어떻 생각 기회 다양 관점 생각 생각 요즘 학생 선행 학습 어떻 이뤄지 궁금하 관련 토론 유익 재미있 소식 활동 기대
-ZUoWn6uvlc,(수업시연) AI 디지털교과서가 찾아왔어요 ㅣ 초등학교 4학년 수학,@abyssalvoyage,"이 영상을 보고 많은 생각이 들었습니다. AI 디지털 교과서가 기존 수업 방식에 비해 학생들에게 맞춤형 학습 경험을 제공할 수 있다는 점은 분명 흥미롭고 장점이 될 수 있지만, 영상에서 소개된 일부 기능들이 얼마나 현장에서 실효성을 가질지에 대한 의문도 생깁니다. 특히 초등학생들에게 적합한 도구로 사용될 경우, 기계에 의존한 학습이 오히려 창의력과 협동 능력을 저하시킬 위험은 없는지 고민하게 되네요.
영상 속 4명만 참여한 시연 장면도 실제 교실 상황과는 거리가 멀어 보였습니다. 다양한 학급 규모에서의 시범 운영 결과를 더 투명하게 공개해 주었더라면 이해와 신뢰가 더 높아지지 않았을까 싶습니다. 디지털 기기 도입이 아이들에게 긍정적인 영향을 주려면 단순히 기술적 가능성을 넘어, 학생 개개인의 학습 환경과 실제 교사들의 역할 변화까지 고려한 종합적인 접근이 필요해 보입니다.
부디 도입 과정에서 충분한 검토와 의견 수렴을 통해 실질적인 효과와 공감대를 이끌어내는 방향으로 나아가길 바랍니다. AI가 모든 걸 해결하기보다는 교사의 지도를 보완하고, 아이들이 스스로 탐구할 수 있는 도구로 자리 잡는다면 더 의미 있는 변화가 될 것 같아요.",0.75046325,생각 디지털 교과서 기존 수업 방식 비하 학생 맞춤 학습 경험 제공 분명 흥미 장점 소개 일부 기능 얼마나 현장 실효 가지 의문 생기 특히 초등학생 적합 도구 사용 경우 기계 의존 학습 오히려 창의력 협동 능력 저하 시키 위험 고민 참여 시연 장면 실제 교실 상황 거리 보이 다양 학급 규모 시범 운영 결과 투명 공개 이해 신뢰 디지털 기기 도입 아이 긍정 영향 단순히 기술 가능 학생 개개인 학습 환경 실제 교사 역할 변화 고려 종합 접근 필요 보이 부디 도입 과정 충분 검토 의견 수렴 통하 실질 효과 공감대 이끌 방향 나아가 바라 모든 해결 교사 지도 보완 아이 스스로 탐구 도구 자리 의미 변화
JC35hy4u1mo,"AI 디지털교과서(AIDT), 도입해야할까? ｜토론으로 알아보는 교육정책",@ole_ole_oo,"서로 토론을 통해 AI 디지털교과서 도입에 대한 정보를 알려주고 각자의 생각을 볼 수 있었네요
시간이 걸리더라도 어쩔 수 없이 AI 디지털교과서가 도입 될 수 밖에 없어 보이네요
토론을 통해 관련한 유용한 정보 많이 알려주셔서 많은 분들 보고 더 관심을 가지는 기회가
될거라 생각이 들고 교육정책에 대한 토론을 통해 더 많은 분들이 교육정책 알렸으면 좋겠네요",0.7496684,서로 토론 통하 디지털 교과서 도입 정보 알리 각자 생각 시간 걸리 어쩌 없이 디지털 교과서 도입 보이 토론 통하 관련 유용 정보 많이 알리 관심 가지 기회 생각 교육 정책 토론 통하 교육 정책 알리
JC35hy4u1mo,"AI 디지털교과서(AIDT), 도입해야할까? ｜토론으로 알아보는 교육정책",@아크훈,"AI 디지털 교과서에 대한 고등학생들의  교과 토론으로 유익한 시간보냈습니다
이용자의 목소리를 경청하고 투명하고 공정하게 행동
언제나 함께하며 힘차게 응원할게요 
초심을 잃지않고 꾸준히 진보하여 끝을 보았으면 합니다
앞으로의 향후를 기억합니다 이용자와 소통하는 장을 만들어주세여
전통을 오래도록 이어갔으면 좋겠습니다
앞으로도 유익하고 좋은 소식과 정보 많이 많이 전해주세요
많은 분들에게 즐거움과 함께 힐링을 주는 공간으로 
우리 꽃길만 걷기를 응원합니다",0.74718356,디지털 교과서 고등학생 교과 토론 유익 시간 보내 이용 목소리 경청 투명 공정 행동 언제나 함께 힘차 응원 초심 꾸준히 진보 향후 기억 이용자 소통 만들 전통 오래도록 유익 소식 정보 많이 많이 전하 즐거움 함께 힐링 공간 우리 꽃길 응원
ZOp_tXkpPH0,[단독] 말 많고 탈 많은 'AI 교과서'…교육자료로도 못 쓴다? / SBS 8뉴스,@아무고나-f3r,AI디지털 교과서에..실제 AI있나..걍 AI없고 디지털만이지..정해진 루틴대로 출력하는게 무슨 AI야..실제 AI면..학생 성취결과에 맞게 레벨 맞춰줘서 다음 단계로 진행하게 해줘야하는게..그게 있을리가 없고,0.7469475,디지털 교과서 실제 디지털만 정하 루틴 출력 무슨 실제 학생 성취 결과 레벨 맞추 다음 단계 진행 그것
-ZUoWn6uvlc,(수업시연) AI 디지털교과서가 찾아왔어요 ㅣ 초등학교 4학년 수학,@윤종인-d2y,"AI 디지털 교과서의 가장 큰 장점은 학생 개개인의 학습 요구에 맞춰 진행 상황을 모니터링하고 개인화된 경험을 제공한다는 점입니다. 이를 통해 학생들은 자신의 속도로 학습하고 필요한 부분에 집중하여 더욱 효율적인 학습을 할 수 있습니다. 특히 힌트와 오답노트를 활용한 맞춤형 학습 지원이 인상적이었습니다. 그러나 현재 대한민국에서는 디지털 교과서 도입이 다소 이른 감이 있습니다. 학부모로서 충분한 검증과 보완이 이루어진 후에 도입되기를 바랍니다. 기술적 및 콘텐츠적 개선이 필요하므로, 앞으로도 지속적인 발전을 통해 더 나은 교육 환경을 만들어 주시기를 바랍니다. 디지털 교과서가 학교 교육에 적극 도입될 때, 학생들에게 큰 도움이 되기를 기대합니다!😊😊",0.7441484,디지털 교과서 가장 장점 학생 개개인 학습 요구 맞추 진행 상황 모니터링 개인 경험 제공 통하 학생 자신 속도 학습 필요 부분 집중 더욱 효율 학습 특히 힌트 오답 노트 활용 맞춤 학습 지원 인상 그러나 현재 대한민국 디지털 교과서 도입 다소 이르 학부모 충분 검증 보완 이루어지 도입 바라 기술 콘텐츠 개선 필요 지속 발전 통하 교육 환경 만들 바라 디지털 교과서 학교 교육 적극 도입 학생 도움 기대
JC35hy4u1mo,"AI 디지털교과서(AIDT), 도입해야할까? ｜토론으로 알아보는 교육정책",@kds4885,AI 디지털교과서에 대한 토론 잘봤습니다. 학생들의 열기가 느껴지네요. AI의 장단점까지 학습은 변화 되겠죠. 다음은 입시 방식에 대해 이야기 하면 좋을거 같아요.,0.7432904,디지털 교과서 토론 학생 열기 느끼 장단점 학습 변화 다음 입시 방식 이야기
JC35hy4u1mo,"AI 디지털교과서(AIDT), 도입해야할까? ｜토론으로 알아보는 교육정책",@루나양,영상을   통해   AI 디지털교과서에 대한 학생들의 다양한 의견을   알수있어   참  좋은  영상이엤어요      다음에는     이런 AI가  우리 사회에 미치는    영향등에 대해서도      우리 학생들과  같이   심도 잇게     고민해보고   싶네요,0.74286926,통하 디지털 교과서 학생 다양 의견 다음 이런 우리 사회 미치 영향 우리 학생 같이 심도 고민
JC35hy4u1mo,"AI 디지털교과서(AIDT), 도입해야할까? ｜토론으로 알아보는 교육정책",@user-qt6hg2xy9j,"AI 디지털교과서에 대해 찬성과 반대로 토론 잘 보았습니다. 학생들의 생각의 깊이와 준비성이 엄청나군요 다음에 토론하면 좋을 것으로 자유학기제 유지해야할지 폐지해야할지 다루면 좋을것 같아요. 학력저하가 굉장히 큰 문제로 대두되는데, 자유학기제로 인한 것도 크다는 의견이 있어서요 어떻게 생각하는지 궁금하네요",0.74250555,디지털 교과서 찬성 반대 토론 학생 생각 깊이 준비 엄청나 다음 토론 자유 학기 유지 폐지 다루 학력 저하 굉장히 문제 대두 자유 학기 인하 의견 어떻 생각 궁금하
JC35hy4u1mo,"AI 디지털교과서(AIDT), 도입해야할까? ｜토론으로 알아보는 교육정책",@노오란-e9k,"미래 교육의 혁식 AI 디지털교과서에 대해 학생들의 다양한 의견 들을수 있어서 좋은 시간이었습니다!!!
다음시간에는 아이돌에 너무 집착하고 빠져있는 학생들에 대한 여러가지 입장차이 들으면 좋은 시간 될것 같아요^✅",0.7416807,미래 교육 디지털 교과서 학생 다양 의견 시간 다음 시간 아이돌 집착 빠지 학생 여러 가지 입장 차이 시간
JC35hy4u1mo,"AI 디지털교과서(AIDT), 도입해야할까? ｜토론으로 알아보는 교육정책",@티니-b5c,미래의 교육에서 AI가 차지할 역할은 어떻게 변화할지에 대한 토론도 좋을것같아요!,0.74152327,미래 교육 차지 역할 어떻 변화 토론
OcFXKUxiskw,AI디지털교과서로 공부하면 벌어지는 일 / 내년 수업 방식에 미리 대비해야 하는 이유,@CrazyACatAde,"어린 아이들은 디지털교과서 안쓰는게 훨 낫습니다. 아무리 봐도 장점보다 단점이 많죠. AI로 맞춤 학습하는거.. 조금 수동적이긴 한데 EBS에서 맞춤 설계 가능하고 내용도 확인할 수 있고요. 하지만 쓰기가 약한 아이들 읽기가 약한 아이들에게는 쥐약이죠. 읽는 법을 디지털에만 맞추게 되면 글쎄요. 

고등학생이면 모를까 중학생까지는 별로 입니다. 
선생님이 보조로 활용하시면 상당히 좋겠지만 지금 교사분들도 내용을 잘 모르시잖아요. 내년되면 음...내년은 너도나도 실험만 하다 끝납니다. 
코로나19 비대면 수업도 1년을 지지고 볶았습니다. 
ㅠ ㅠ 
굳이 교과서를 디지털로 해야하는 까닭을 사실 모르겠습니다. 나와있는 것을 잘 이용하는 것도 중요한데 그것조차 손을 못대는데요.",0.7408892,어리 아이 디지털 교과서 아무리 장점 단점 맞춤 학습 조금 수동 맞춤 설계 가능 내용 확인 하지만 약하 아이 약하 아이 쥐약 디지털 맞추 글쎄요 고등학생 모르 중학 별로 선생 보조 활용 상당히 지금 교사 내용 모르 내년 내년 너도나도 실험 끝나 코로나 대면 수업 지지 굳이 교과서 디지털 까닭 사실 모르 나오 이용 중요 그것
JC35hy4u1mo,"AI 디지털교과서(AIDT), 도입해야할까? ｜토론으로 알아보는 교육정책",@winsmin-s5j,미래 교육 AI 디지털 교과서에 대해 학생들의 다양한 의견을 직접 들어볼 수 있어서 좋네요. 교육 정책에는 학생과 교원 등 다양한 의견들이 들어가야 더 좋은 쪽으로 의견이 모일 수 있을 것 같습니다. 앞으로도 다양한 콘텐츠 응원합니다.,0.74065876,미래 교육 디지털 교과서 학생 다양 의견 직접 교육 정책 학생 교원 다양 의견 들어가 의견 모이 다양 콘텐츠 응원
YWw1QP4l3QQ,"새학기 두 달 앞두고 AI교과서 좌초 위기...""재의요구 건의"" / YTN",@totolim2230,AI 교과서 반대!,0.74027324,교과서 반대
-ZUoWn6uvlc,(수업시연) AI 디지털교과서가 찾아왔어요 ㅣ 초등학교 4학년 수학,@이형진-d6l,5:07  디지털 교과서로 끝이 아닌 교육 내용으로 토론하고 의겨나누는 모습이 요즘 아이들은 당차고 야무지다라는 느낌을 받았습니다  AI 디지털 교과서 화이팅 입니다,0.7385593,5:07 디지털 교과서 아니 교육 내용 토론 나누 모습 요즘 아이 당차 야무지 느낌 디지털 교과서 화이팅
JC35hy4u1mo,"AI 디지털교과서(AIDT), 도입해야할까? ｜토론으로 알아보는 교육정책",@hoony39,"AI 디지털교과서에 대한 학생들의 생각을 들을수 있어서 너무 좋았어요 
학생들의 다양한 생각과 의견을 나누고 들려주는 모습이 앞으로의 교육 방향을 잡는데 큰 도움이 될 거 같아요
다음 토론 주제는 사교육 어디까지 허용해야 되는지에 대해 이야기 나누면 좋겠습니다",0.73833823,디지털 교과서 학생 생각 학생 다양 생각 의견 나누 들리 모습 교육 방향 도움 다음 토론 주제 사교육 어디 허용 이야기 나누
QqBYIYTDHuQ,AI 디지털교과서' 어떻게 쓰나?…영어·수학 수업 참관해 보니｜지금 이 뉴스,@HibikeQuantum,맨날 AIAI 하길래 뭔가봤더만 그냥 디지털화된 교실인거네 에효 이거 가지고 무슨 AI에이전트 시대를 대비함?,0.73474807,맨날 그냥 디지털 교실 이거 가지 무슨 에이전트 시대 대비
D5lYwEBwrR0,사교육 대책의 핵심 AI 디지털 교과서,@뭉쳐야산다_00,아 AI 디지털 교과서가 두종류군여 교과서가 전부 전자책만 있는줄 알고 반대 했는데 그게 아니었군요 외국 학교에서는 학교에서 수업시간에 패드를 각 학생한테 제공 해요 그래서 그걸로 학교네서 앱으로 문제도 풀고 이어폰 꽂고 발음도 듣고 공부해요 보편화 되어 있어요 아마 이주호 장관님이 말씀하시는 건 그걸 말하는것 같네요,0.7331075,디지털 교과서 종류 교과서 전부 전자책 반대 그것 아니 외국 학교 학교 수업 시간 패드 학생 제공 그래서 학교 문제 이어폰 발음 공부 보편 아마 이주호 장관 말씀 그거
-ZUoWn6uvlc,(수업시연) AI 디지털교과서가 찾아왔어요 ㅣ 초등학교 4학년 수학,@FEAR_of_GOD_1,"점차 늘리는게 아니라 일괄변경으로 밀어부치는 이유도 설명이 필요할거 같고
시범학교 선정이 먼저인거 같은데 시범을 다양하게 해보시고 다양한 사례를 올려주세요
이게 집에서하는 AI학습기계랑 다를게 뭔지도 잘 모르겠고 선생님들이 별도의 수업준비 안해도 된다는 설명은 선생님들의 찬성을 유도하기위한 것인가요?
그리고 이거 사용하다 아이들이 고장이나 파손시켰을 경우 누가 배상하나요?",0.73139006,점차 늘리 아니 일괄 변경 밀어부치 이유 설명 필요 시범학교 선정 먼저 시범 다양 다양 사례 올리 이것 학습 기계 다르 모르 선생 별도 수업 준비 설명 선생 찬성 유도 위하 그리고 이거 사용 아이 고장 파손 시키 경우 누구 배상
D5lYwEBwrR0,사교육 대책의 핵심 AI 디지털 교과서,@쩡이이모의樂,"1:1교습소도 아니고, 교사들이 지금도 한 반 안에서 수준격차때문에 수업진행을 어려워하는데요...  다수를 상대하시는 우리 선생님들의 교육적인 측면에서 AI 학습이 정말 다 아우를 수 있으리라 생각하십니까? 정말 이게 격차를 줄이고 사교육을 줄여줄까요? 한 아이는 중1 수준이고 한 아이는 초3수준인 초 6 교실에서 개인 맞춤화된 교과서를 통해 수업을 진행하려면 그 아이 각.각. 다 교사가 파악하고 과제, 수업진행을 각.각. 다 짚어주셔야 합니다. 대략 1시간 안에서 30명 가까이 되는 아이들을 한명한명 다 체크 하면서 수업진행이 될꺼라 생각하시나요? 시범진행학교 데이터 있으십니까ㅡ? 우리 학원선생님들도 어려워하실겁니다. 직접 3개월간 수업 해보시고 추진해보세요. 초등학교 선생님들 업무 무덤으로 밀어넣고 교육질을 떨어뜨릴겁니다.",0.7302959,1:1 교습소 아니 교사 지금 수준 격차 때문 수업 진행 어려워하 다수 상대 우리 선생 교육 측면 학습 정말 아우르 생각 정말 이것 격차 줄이 사교육 줄이 아이 수준 아이 수준 교실 개인 맞춤 교과서 통하 수업 진행 아이 교사 파악 과제 수업 진행 대략 시간 가까이 아이 체크 수업 진행 생각 시범 진행 학교 데이터 우리 학원 선생 어려워하 직접 개월 수업 추진 초등학교 선생 업무 무덤 교육 떨어뜨리
1dR6POZYN50,“AI디지털교과서 손본다”… 98% 도입 대구 운명은?ㅣTBC뉴스,@renei6716,"대구는  역시  답이  없다.
AI 교과서는   아이들을  생각할 힘을  없애는   바보로...미래를  바보로  만들겠다는거다.   학부모의  한  사람으로 AI교과서는     적극    반대!",0.7302571,대구 역시 교과서 아이 생각 없애 바보 미래 바보 만들 학부모 교과서 적극 반대
JC35hy4u1mo,"AI 디지털교과서(AIDT), 도입해야할까? ｜토론으로 알아보는 교육정책",@이건호-j1e,학생들이 토론하는거 잘 들었습니다 학생들의 AI 디지털 교과서에 관한 생각이 굉장히 다양하고 깊네요 앞으로도 좋은 영상 부탁드립니다,0.7295512,학생 토론 학생 디지털 교과서 관하 생각 굉장히 다양 부탁 드리
VRyVZG_q8SQ,종이 없는 AI 디지털 교과서 시대 열린다 [AI 교과서 도입]① [9시 뉴스] / KBS  2024.03.14.,@yuikim1031,애들 집중력 떨어지고 충동성 강해져요. 전자파랑 디지털에 저렇게 노출해서 득보다 실이 큰 걸 알면서도 진행하는 저의가 뭔지. 디지털 AI도 단점이 엄청 큰데 그걸 무시하고 장점이 있는 척 하는 거 좀 그만해라. 교사도 아이들도 싫어한다. 종이교과서 손글씨 읽고 쓰고 말하는 시대로 돌아가자. 전자파 계속 노출되면 면역력 떨어진다. 문해력도 정말 처참하다.,0.7281862,집중력 떨어지 충동 강하 전자파 디지털 저렇 노출 진행 저의 디지털 단점 엄청 그거 무시 장점 그만 교사 아이 싫어하 종이 교과서 글씨 시대 돌아가 전자파 계속 노출 면역력 떨어지 문해 정말 처참
e1B7xhJgg28,AI 디지털교과서 반년 만에 퇴출‥교육계는 혼란 (2025.08.07/뉴스데스크/제주MBC),@성이름-x9c7q,"AI시대는 중요하지만 모든걸 다 디지털화 할필요는 없음. 아이들 가뜩이나 스마트폰 중독인데 교과서까지 탭으로 하는게 어질어질함
글씨를 쓰고 책을 보는건 굉장히 중요하다.. 전자책이랑 실물책을 병행해서 읽던가 해야지..",0.72745734,시대 중요 모든 디지털 필요 아이 가뜩이나 스마트폰 중독 교과서 어질어질 글씨 굉장히 중요 전자책 실물 병행
ZOp_tXkpPH0,[단독] 말 많고 탈 많은 'AI 교과서'…교육자료로도 못 쓴다? / SBS 8뉴스,@서랑이-v6h,"대통령은 소버린AI 하겠다고 하던데 AI교과서는 팽? 윤가 때 시작했든 뭐든 AI로 수준별 교육했을 때 학생들 학업성취도에 큰 도움이 됐다는 자료들도 있고, 교육의 빈부격차 해소에도 도움이 된다는 이야기도 많은데? 이미 사교육 시장에선 AI 개발하고 있는데 또 정치놀음에 뒷걸음질 치는 거냐? 붕당도 아니고 ㅉㅉ",0.72724354,대통령 버리 교과서 시작 수준 교육 학생 학업 성취 도움 자료 교육 빈부 격차 해소 도움 이야기 이미 사교육 시장 개발 정치 놀음 뒷걸음 붕당 아니
D5lYwEBwrR0,사교육 대책의 핵심 AI 디지털 교과서,@yy-no2sg,"선생님이 아이들을 파악해야지 AI가 하면 선생님이 왜 필요하냐
반대야반대
더이상의 미디어는 아이들을 망친다",0.726769,선생 아이 파악 선생 필요 반대 반대 이상 미디어 아이 망치
JC35hy4u1mo,"AI 디지털교과서(AIDT), 도입해야할까? ｜토론으로 알아보는 교육정책",@zzazzala3,"AI 디지털 교과서를 주제로 한 토론 영상을 너무 흥미롭게 잘 봤습니다.
과거에는 교재와 교사가 중심이 되어 지식을 전달하는 방식이 주를 이루었다면, 이제는 AI와 디지털 도구들이 학습의 패러다임이 변화된다는건 자연스러운 변화라고 생각해요.
특히 고등학생 패널들이 직접 참여해 찬성 측과 반대 측으로 나뉘어 자신들의 의견을 개진하고 설득과 경청, 공감을 통해 서로의 주장을 주고받는 과정을 들으면서 서로의 의견도 일리가 있다는게 느껴지지만 저는 찬성에 한 표를 주고 싶네요.
앞서 말했듯이 교육의 변화는 필연적이며, 이번 주제인 AI 디지털 교과서를 통해서 학생 개개인의 맞춤형 교육을 가능하게 하고, 데이터를 통해 학습 성향을 파악하여 더 효과적인 수업 설계를 할 수 있다는 점에서 미래 교육으로 나아가는 출발점이 될 것 같아요.. 디지털 교과서로 학습자의 다양성을 반영하고 효율적인 교육, 그리고 자신이 원하는 교육까지 배울 수 있다는게 가장 큰 장점!
이번 토론도 너무 재미있게 시청했습니다.

다음에는 고교학점제와 관련된 토론이 있었으면 좋겠습니다.
대학처럼 자기주도로 원하는 수업을 선택할 수 있다는 점에서 학생들의 학습 동기와 진로 설계에 큰 도움이 될 수 있을 것 같습니다
하지만, 학교 간 자원 불균형과 과목 선택에 따른 학습 격차, 교사의 수업 준비 부담 등 여러 문제점도 제기되고 있는만큼 이 주제를 토론으로 학생들의 자기주도적 학습 능력을 강화하면서도, 공정성과 실효성을 어떻게 보장할지에 대해 깊이 있는 이야기를 나눠보았으면 좋겠어요.",0.72589576,디지털 교과서 주제 토론 흥미 과거 교재 교사 중심 지식 전달 방식 이루 이제 디지털 도구 학습 패러다임 변화 자연 스럽 변화 생각 특히 고등학생 패널 직접 참여 찬성 반대 나뉘 자신 의견 개진 설득 경청 공감 통하 서로 주장 주고받 과정 서로 의견 일리 느끼 찬성 앞서 교육 변화 필연 이번 주제 디지털 교과서 통하 학생 개개인 맞춤 교육 가능 데이터 통하 학습 성향 파악 효과 수업 설계 미래 교육 나아가 출발점 디지털 교과서 학습자 다양 반영 효율 교육 그리고 자신 원하 교육 배우 가장 장점 이번 토론 재미있 시청 다음 고교 학점 관련 토론 대학 자기 주도 원하 수업 선택 학생 학습 동기 진로 설계 도움 하지만 학교 자원 균형 과목 선택 따르 학습 격차 교사 수업 준비 부담 여러 문제점 제기 만큼 주제 토론 학생 자기 주도 학습 능력 강화 공정 실효 어떻 보장 깊이 이야기 나누
JC35hy4u1mo,"AI 디지털교과서(AIDT), 도입해야할까? ｜토론으로 알아보는 교육정책",@sorrjj,"AI 디지털 교과서에 대한 다양한 관점에 대해 생각의 폭이 넓어지는 것 같아서 좋네요. 다음 토론에서는 암기식 교육이 과연 필요한가에 대한 토론을 하면 좋을 것 같아요. AI가 득세하는 시대에 과연 암기식 성취도 평가가 필요한지에 대해 논쟁하면 재미있을 것 같아요. 즉, 줄세우기교육으로 무얼 할 수 있을지 토론해보면 좋을 것 같아요.",0.7248409,디지털 교과서 다양 관점 생각 다음 토론 암기식 교육 과연 필요 토론 득세 시대 과연 암기식 성취도 평가 필요 논쟁 재미있 세우 교육 무어 토론
D5lYwEBwrR0,사교육 대책의 핵심 AI 디지털 교과서,@hwi_ba_hwiba,"AIDT 종류별로 보셨나요? 상상속에 AI를 이야기하시는 것만 같은 비현실적인 논리

잘함과 매우잘함 그 사이 어딘가에 있는 아이들이 “점검”,“확인”하기위해서 총정리 수준별로 상중하 나눠진 디지털교과서라고 생각이 드는데요

기초확립이 필요한 학생들에게는 절대 권장하고 싶지 않은/ 교육자료로라도 말이죠

이게 최선으로 만들어진 거 맞는지요??",0.72286904,종류 상상 이야기 현실 논리 매우 사이 어디 아이 점검 확인 위하 정리 수준 나누 디지털 교과서 생각 기초 확립 필요 학생 절대 권장 교육 자료 이것 최선 만들
1dR6POZYN50,“AI디지털교과서 손본다”… 98% 도입 대구 운명은?ㅣTBC뉴스,@duriburngun,해당 교육 AI 교육부가 밀어붙혔는데 정작 해당 AI 만든 개발자 분은 이거 애들 교육용으로 쓰면 안된다 반대함. 본인에게 큰 성과자 이득인데도 아직 미진하다며 부작용 우려하며 반대함.,0.71866935,해당 교육 교육부 정작 해당 만들 개발자 이거 교육 반대 본인 성과 이득 아직 미진 부작용 우려 반대
QqBYIYTDHuQ,AI 디지털교과서' 어떻게 쓰나?…영어·수학 수업 참관해 보니｜지금 이 뉴스,@양선주-s1r,"역시 비효율적인 공부 방식이네
그러니까 
학부모나 교사들이 
싫어하는 이유이다

매 시간마다 체크하는 것보다는 
개별 학습 진도 형태로 
보충 심화가 이루어져야 
인공지능 AI 시대의 
실질적인 학습이라고 할 것이다

그러나 
사교육 시장의 영역이 
너무 커져서

공교육의 위기를 대체할 수 없다면~, 
사교육 시장이 
할 수 있는 것을 
공교육 시장이 
감당하지 못하는 이유에 대해 
고민해야 할 것이다

하루하루 급변하는 
지식기반 인공 지능 사회에서
오직 고민하는 것은 
돈이 되느냐의 문제이다

실질적인 효율성있는 학습이어야 하는가에 대해
우리 사회의 구조나 시스템에서는
언제나 비효율을 선택할 수 밖에 없다

이래서 빼고 
저래서 못 빼고 
그러면
선택지는 정해져 있는 것이다

아마도 
출산 인구가 
지금의 20만 대에서
10만대로 줄어들어도 

모두들 내 탓은 아니라고 
모르는 척 뒷짐만 질 것이다

나만 아니면 된다는 
안일한 사고와 

굿이나 보고 
떡이나 먹는다는 식의 태도에서는 
변화는 불가능하며

남 탓만 하는 게 
가장 편리한 
소시오패스의 방식이다

이직이 많다는 것은 
우리 사회가 
끝으로 밑바닥으로 
추락한다는 것을 
반영하는 증거이다

독서 논술 토론은 
인공지능 AI가 담당하니~, 
굳이 학교갈 이유가 있을까~???
공교육이라는 학교의 필요성은 
점점 더 줄어들 뿐이다

삼성 기기와 
선생님들을 위해
학교가 존재한다는 느낌이 
더 더욱 강하게 
들 것이다

그렇다고 
직장을 그만둘 수도 없고
부모 되기의 포기는 
점점 더 필수 선택지가 될 수도 있다",0.71800214,역시 효율 공부 방식 그러니까 학부모 교사 싫어하 이유 시간 체크 개별 학습 진도 형태 보충 심화 이루어지 인공 지능 시대 실질 학습 그러나 사교육 시장 영역 커지 공교육 위기 대체 사교육 시장 공교육 시장 감당 못하 이유 고민 하루하루 급변 지식 기반 인공 지능 사회 오직 고민 문제 실질 효율 학습 우리 사회 구조 시스템 언제나 효율 선택 이렇 저렇 그러 선택지 정하 아마도 출산 인구 지금 줄어들 모두 아니 모르 뒷짐 아니 안일 사고 태도 변화 가능 가장 편리 소시 패스 방식 우리 사회 밑바닥 추락 반영 증거 독서 논술 토론 인공 지능 담당 굳이 학교 이유 공교육 학교 필요 점점 줄어들 삼성 기기 선생 위하 학교 존재 느낌 더욱 강하 그렇 직장 그만두 부모 포기 점점 필수 선택지
kMRBxDBbUas,"AI디지털교과서 논란, 핵심이 무엇인지 딱 알려드립니다!(교육대기자)[이슈따라잡기]",@bokhai-lee,"이제는 학습하는 방법도 바뀌고 있습니다 (NotebookLM, 마인드맵 기능)https://youtu.be/DR_3RK99Xyc?si=6faCn9cadwcwKtx7

그때 그때  모르는것  질문만 할수 있는 것만으로도  AI    그 가치는 차고 넘친다  ~  난 고등학교 까지  교실은  악몽이엿다 ~  남자들에게   군대 잡혀 가는거 학교 잡혀 가는 꿈  악몽이다 ~  강남 이미 선행학습  등교해서 책상에 업드려  자는 교실이 현실 아닌가 ~",0.71759796,이제 학습 방법 바뀌 마인드맵 기능 그때 모르 질문 가치 넘치 고등학교 교실 악몽 남자 군대 잡히 학교 잡히 악몽 강남 이미 선행 학습 등교 책상 드리 교실 현실 아니
OcFXKUxiskw,AI디지털교과서로 공부하면 벌어지는 일 / 내년 수업 방식에 미리 대비해야 하는 이유,@mijungkim8348,자기주도…초등학생들에게??요즘애들 똑똑하지만 해야되는게 오ㅐ 더 많을까?학교에서 진도만 나가기때문. 그런데 AI수업이라니,0.71517396,자기 주도 초등학생 요즘 똑똑 학교 진도 나가 때문 그런데 수업
D5lYwEBwrR0,사교육 대책의 핵심 AI 디지털 교과서,@eunheejeon1325,영국에서 공부하는데 여기도 종이책은 안쓰고 온라인 플랫폼을 사용해서 노트북이나 패드만 들고 다니지만 수업은 샘과 학생들이 함께 토론하고 발표하면서 관계에 더 집중한다. 디지털은 교실밖에서도 과제를 위해서 샘이나 또래와 편리하게 소통하고 협업하기 위한 도구와 과제 제출용으로만 쓰일 뿐 AI를 막진 않지만 개인의 생각을 많이 존중하고 인정하는 분위기가 형성되어 AI에 몰입하지 않는다.. AI를 잘 다룰 수 있을 때 시도를해도 늦지 읺을텐데ㅠㅠ 제발 나라걱정 좀 해주시길..😢,0.7076556,영국 공부 여기 종이 온라인 플랫폼 사용 노트북 패드 다니 수업 학생 함께 토론 발표 관계 집중 디지털 교실 과제 위하 또래 편리 소통 협업 위하 도구 과제 제출 쓰이 개인 생각 많이 존중 인정 분위기 형성 몰입 다루 시도 제발 나라 걱정
zc0SrejBP1s,"AI 디지털 교과서 도입, 공교육 강화 대책 (24.11.21.) | 정관용의 정책토론 | 국회방송",@user-bz3jq6jk1h,"단순한 문제풀이 용도 외에, AI가 아이들 교육에 도입되기에는 기술적으로 턱없이 부족할텐데, 어린 초등학생을 대상으로 테스트하는건 무리한 시도로 보입니다. AI라 이름 붙여서 기술적으로 다 해결할 것처럼 말하는 것도 무책임한 주장 같구요.",0.70635235,단순 문제 풀이 용도 아이 교육 도입 기술 턱없이 부족 어리 초등학생 대상 테스트 무리 시도 보이 이름 붙이 기술 해결 책임 주장
D5lYwEBwrR0,사교육 대책의 핵심 AI 디지털 교과서,@Raphael-YJ,"저게 실현되려면 AI가 진짜로 능동적으로 교사수준으로 학생을 진단할 수 있어야함
수준에 따른 과제나 자료를 제공하는건 옛날부터 가능했는데
진단이 어려운거",0.705817,저것 실현 능동 교사 수준 학생 진단 수준 따르 과제 자료 제공 옛날 가능 진단 어렵
JC35hy4u1mo,"AI 디지털교과서(AIDT), 도입해야할까? ｜토론으로 알아보는 교육정책",@shoya009,학생들이 AI 디지털 교과서에 대해 이렇게 깊이 있는 토론을 하다니 정말 인상적이었어요! 찬반 양쪽 의견 모두 공감 되는 부분이 많았는데 특히 디지털 격차에 대한 고민이 중요하다는 생각이 들었어요. 다음 토론 주제로는 코딩 교육 의무화가 좋을 것 같아요. 미래 사회에 꼭 필요한 기술이지만 모든 학생에게 의무화하는 것이 과연 최선인지 논의해보면 좋겠어요!,0.70288515,학생 디지털 교과서 이렇 깊이 토론 정말 인상 찬반 양쪽 의견 모두 공감 부분 특히 디지털 격차 고민 중요 생각 다음 토론 주제 코딩 교육 의무 미래 사회 필요 기술 모든 학생 의무 과연 최선 논의
JC35hy4u1mo,"AI 디지털교과서(AIDT), 도입해야할까? ｜토론으로 알아보는 교육정책",@황준혁-i3e,"AI 디지털교과서 토론 정말 알차게 잘 봤습니다! 다들 토론을 너무 잘해서 둘다 납득이 가네요..!

다음 주제는 정시비중확대에 대한 토론을 들어보고 싶습니다! 급변하는 교육환경 속에 어떤 정책이 올바른지 찬반 의견을 듣고 싶어요!",0.7025117,디지털 교과서 토론 정말 알차 토론 납득 다음 주제 정시 비중 확대 토론 급변 교육 환경 어떤 정책 올바르 찬반 의견
JC35hy4u1mo,"AI 디지털교과서(AIDT), 도입해야할까? ｜토론으로 알아보는 교육정책",@달무리-j3d,"AI 디지털 교과서의
다양한 활용법에 대해 알찬 토론이 필요해요!",0.70071423,디지털 교과서 다양 활용법 알차 토론 필요
JC35hy4u1mo,"AI 디지털교과서(AIDT), 도입해야할까? ｜토론으로 알아보는 교육정책",@레기온-j1w,"AI 디지털교과서에 대한 토론 잘 시청했습니다!
고교학점제나 기존 교육과정과의 비교와 대입 정책에 따른 교육과정의 변화에 대한 토론도 기대가 됩니다.",0.6993191,디지털 교과서 토론 시청 고교 학점 기존 교육 과정 비교 대입 정책 따르 교육 과정 변화 토론 기대
JC35hy4u1mo,"AI 디지털교과서(AIDT), 도입해야할까? ｜토론으로 알아보는 교육정책",@Teram7,"이번 토론 정말 유익했어요! AI 디지털 교과서에 대해 학생들이 직접 다양한 의견을 나누는 모습을 보니 참 흥미로웠습니다. 다양한 목소리가 모여야 교육이 더 나은 방향으로 나아갈 수 있을 것 같아요.
다음 토론 주제로는 고교학점제를 다뤘으면 좋겠어요. 장단점이 뚜렷한 만큼 많은 논의를 통해 단점을 보완한다면 더욱 의미 있는 시간이 될 것 같습니다.",0.6959722,이번 토론 정말 유익 디지털 교과서 학생 직접 다양 의견 나누 모습 흥미 다양 목소리 모이 교육 방향 나아가 다음 토론 주제 고교 학점 다루 장단점 뚜렷 만큼 논의 통하 단점 보완 더욱 의미 시간
LKQITkR1SRg,"AI 디지털교과서 '교육자료' 격하에…발행사들 ""헌법소원 불사"" / EBS뉴스 2025. 08. 06",@donglee-cj2dg,학교에서는 책을 쓰고 개인들에게 팔게 해라. AI 교과서도 이점이 있어 영어 교육에는 올바른 발음을 쉽게 많이 들어볼수 있다.,0.69333565,학교 개인 교과서 영어 교육 올바르 발음 많이
QqBYIYTDHuQ,AI 디지털교과서' 어떻게 쓰나?…영어·수학 수업 참관해 보니｜지금 이 뉴스,@조윤성-f2n,교사가 편해졌다는 것 외에 뭐가 맞춤형이고 뭐가 AI 이지?,0.69119847,교사 편하 맞춤
D5lYwEBwrR0,사교육 대책의 핵심 AI 디지털 교과서,@최용준-z6p,AI 교과서로 배우면 학벌이 없어지나요? 취직걱정 없어지나요? 경쟁이 없어지나요? 므슨 사교육대책?,0.6874912,교과서 배우 학벌 취직 걱정 경쟁 므슨 사교육 대책
JC35hy4u1mo,"AI 디지털교과서(AIDT), 도입해야할까? ｜토론으로 알아보는 교육정책",@902nam,"학생들의 AI 디지털 교과서에 대한 관점이 다양하고 깊어서 흥미롭게 보았습니다~
교육과정이 개편되면서 토론에도 소신있게 참여하는 모습이 인상적이고 대견하네요.
학생마다 편차가 있겠지만 전통적인 방식으로 종이책으로만 수업한다면 너무 획일적인 교육이 될 것 같다는 단점도 있을 것 같습니다.

다음 주제는 1. 졸업 앨범이 꼭 필요한가에 대해서 토론해보고, 2. 요즘 아이들은 동문회에 대해서 어떻게 생각하는지에 대해서도 들어보고 싶습니다 😊",0.68714905,학생 디지털 교과서 관점 다양 흥미 교육 과정 개편 토론 소신 참여 모습 인상 대견 학생 편차 전통 방식 종이 수업 획일 교육 단점 다음 주제 졸업 앨범 필요 토론 요즘 아이 동문회 어떻 생각
-ZUoWn6uvlc,(수업시연) AI 디지털교과서가 찾아왔어요 ㅣ 초등학교 4학년 수학,@루나양,4: 02     학생의  학습능력과  이해도를   충분히 분석하고   우리  학생들의 수준에 맟는   학습을 하고      어려움을 격는 학생들에게   문제에 대한    다각도의 제안을  해주는     AI  교과서   울 아이들의  학습능력을   높여주는거 같아요,0.68705016,4: 02 학생 학습 능력 이해도 충분히 분석 우리 학생 수준 학습 어려움 학생 문제 다각도 제안 교과서 아이 학습 능력 높이
OcFXKUxiskw,AI디지털교과서로 공부하면 벌어지는 일 / 내년 수업 방식에 미리 대비해야 하는 이유,@Kim-rx6jz,"반대하시면
2025년 교육부의 AI 디지털교과서 도입 유보 요구에 관한 청원에 동의 하는 걸로 아이들을 지켜보아요",0.6864188,반대 교육부 디지털 교과서 도입 유보 요구 관하 청원 동의 아이 지키
JC35hy4u1mo,"AI 디지털교과서(AIDT), 도입해야할까? ｜토론으로 알아보는 교육정책",@d911d07,"AI 디지털교과서에 대한 토론 잘 시청했습니다.
대입기준 수시와 정시비중을 어느것을 늘려야 하는지 토론을 듣고 싶어요 
또 고교학점제나 기존 교육과정과의 비교와 대입 정책에 따른 교육과정의 변화에 대한 토론도 기대가 됩니다.",0.6861222,디지털 교과서 토론 시청 대입 기준 수시 정시 비중 어느 늘리 토론 고교 학점 기존 교육 과정 비교 대입 정책 따르 교육 과정 변화 토론 기대
QqBYIYTDHuQ,AI 디지털교과서' 어떻게 쓰나?…영어·수학 수업 참관해 보니｜지금 이 뉴스,@hje274,뭐가 Ai라는건지... 수업 하는 것 봐도 이미 예전부터 에듀테크라고 사용하던 어플이나 방법들과 다를게 없음. 이게 다 Ai에 대한 이해도 없는 윗대가리들의 하향식 정책이 문제임.,0.68399286,수업 이미 예전 에듀테크 사용 어플 방법 다르 이것 이해 대가리 하향식 정책 문제
8hw4k3-pSn4,고양이 단어도 인식 못하는 AI 디지털교과서?...전자사전보다 못하다,@권성국-h4k,수천억 들여서 싸구려 AI 애들한테 가르치냐?,0.6835241,수천억 들이 싸구려 가르치
-ZUoWn6uvlc,(수업시연) AI 디지털교과서가 찾아왔어요 ㅣ 초등학교 4학년 수학,@윤오핑,4:34 AI가 도와주면 요런게 좋죠! 아이의 현재 학습 속도를 알 수 있고 그에 맞추어 적절한 교육이 진행될 수 있다는 것! 개별화 교육이라는 게 뭐 별거 있을까요. 우리 아이들의 상황을 알고 지식이 잘 학습될 수 있도록 돕는 것. 그거면 충분하죠 ❤ AI디지털 교과서 응원할게요!,0.6807473,4:34 도와주 요렇 아이 현재 학습 속도 맞추 적절 교육 진행 개별 교육 별거 우리 아이 상황 지식 학습 그거 충분 디지털 교과서 응원
MgRCJjhSISs,"[이슈] 베일 벗은 AI 디지털교과서…1대1 맞춤형 학습 가능/'교육 격차' 줄인다지만…""문해력 저하·준비 부족""/2024년 12월 2일(월)/KBS",@mkcho4780,효율적으로 자 활용되면 반대할 국민은 없을 것이다. 그런데도 우려가 앞서는 것은 왜 일까? 교육부가 AI 교육 컨텐츠를 잘 관리 할까 ? 컨텐츠 수준은 경쟁력 없고 국민 세금으로 막대한 예산만 사용하여 업자들에게는 눈먼돈이 되는 사업으로 전락할것 같은 우려가앞선다.,0.68070227,효율 활용 반대 국민 그런데 우려 앞서 교육부 교육 컨텐츠 관리 컨텐츠 수준 경쟁력 국민 세금 막대 예산 사용 업자 눈멀 사업 전락 우려 앞서
yG7JrRtFY08,어서와~ AI 디지털교과서 미리보기는 처음이지(중학교 영어편),@warmtact,영어교과 AI 디지털교과서에 대한 오해를 이해로 바꿔주셔서 감사합니다 조래정선생님!,0.67885506,영어 교과 디지털 교과서 오해 이해 바꾸 감사 조래정 선생
JC35hy4u1mo,"AI 디지털교과서(AIDT), 도입해야할까? ｜토론으로 알아보는 교육정책",@jooholee1124,"AI 디지털교과서에 대한 상이한 의견 흥미롯게 봤습니다.
다음엔 전공자율선택제에 대한 토론 주제도 너무 좋을 것 같네요.
다음 주제도 기대됩니다.",0.67793036,디지털 교과서 상이 의견 흥미롯게 다음 전공 자율 선택 토론 주제 다음 주제 기대
-ZUoWn6uvlc,(수업시연) AI 디지털교과서가 찾아왔어요 ㅣ 초등학교 4학년 수학,@luckday999,"6:31  AI가 학생 개개인의 학습 수준을 분석하여 맞춤형 문제를 제공하고, 부족한 부분을 보완할 수 있도록 도와주는
맞춤형 문제풀이가 인상적이였어요, 학생 수준에 맞게 학습할 수 있어서 많은 도움이 될 거 같아요",0.6773727,6:31 학생 개개인 학습 수준 분석 맞춤 문제 제공 부족 부분 보완 도와주 맞춤 문제 풀이 인상 학생 수준 학습 도움
JC35hy4u1mo,"AI 디지털교과서(AIDT), 도입해야할까? ｜토론으로 알아보는 교육정책",@wealloncenoob,"AI 디지털교과서에 대한 토론 잘 시청했습니다, 다음 토론 주제는 고교학점재 시행에 따른 과목당 제한 인원으로 인해 발생하는 수시편차에 관해서 토론해주길 바랍니다.",0.67356306,디지털 교과서 토론 시청 다음 토론 주제 고교 학점 시행 따르 과목 제한 인원 인하 발생 수시 편차 관하 토론 바라
JC35hy4u1mo,"AI 디지털교과서(AIDT), 도입해야할까? ｜토론으로 알아보는 교육정책",@2feman,"AI 디지털 교과서에 대해 이렇게 다양한 생각을 가지고 열띤 토론을 벌이다니!  찬성하는 친구들의 논리적인 주장도 인상적이었고, 반대하는 친구들의 걱정 어린 목소리도 귀 기울여 들었어요. AI가 득세하는 시대에 과연 암기식 성취도 평가가 필요한지에 대해 논쟁하면 재미있을 것 같아요",0.6726581,디지털 교과서 이렇 다양 생각 가지 열띠 토론 벌이 찬성 친구 논리 주장 인상 반대 친구 걱정 어리 목소리 기울이 득세 시대 과연 암기식 성취도 평가 필요 논쟁 재미있
JC35hy4u1mo,"AI 디지털교과서(AIDT), 도입해야할까? ｜토론으로 알아보는 교육정책",@박동진-j3c,AI 디지털교과서에 대한 토론주제로 학생분들의 심도있고 깊은 토론 영상 너무 유익하게 시청했고 향후 언젠가는 AI 디지털교과서가 우리 일상생활속에서 자주 쓰일텐데 어떻게 발전할지 너무 궁금하고 다음화에는 개인적으로 대입정책에 대해 토론해주셨으면 좋겠습니다!!,0.6710892,디지털 교과서 토론 주제 학생 심도 토론 유익 시청 향후 언젠가 디지털 교과서 우리 일상 생활 자주 쓰이 어떻 발전 궁금 다음 개인 대입 정책 토론
4WSFPdpVR7E,사실상 퇴출 'AI 디지털교과서'…남은 쟁점은? [뉴스브릿지]/ EBS뉴스 2025. 08. 11,@hisheart4445,이주호는 이명박 정권 때부터 디지털 교과서를 주도할 정도로 관련 분야에 관심이 있던 사람으로 보이지만 최근 빠른 속도로 발전하고 있는 인공지능의 가능성에 대한 지식이나 비전이 있었던 것으로 보이지는 않습니다. 단순히 인공지능이라는 이름만 붙이고 디지털 교과서에 아주 살짝의 조정만 이루어진 챗봇을 붙이는 수준에 그쳤지요. 디지털 교과서라고 불릴 수 있는 부분은 그럭저럭 괜찮았습니다만 적어도 인공지능을 이야기 한다면 솔직히 말해서 훨씬 적은 돈으로도 개발할 수 있는 정도의 수준이었다고 평가됩니다. 차라리 지금 가장 뛰어난 인공지능의 API로 챗봇을 제공하는게 차라리 나을 수준이라고 보이지요. 그러니 AI라는 표현은 무색한 표현이라고 볼 수 있습니다. 그냥 디지털 교과서라고 부른다면 이명박 정부 때 만들었던 그 것보다 조금이라도 발전은 했다고 볼 수는 있겠지요.,0.66896546,이주호 이명박 정권 디지털 교과서 주도 정도 관련 분야 관심 보이 최근 빠르 속도 발전 인공 지능 가능 지식 비전 보이 단순히 인공 지능 이름 붙이 디지털 교과서 아주 살짝 조정 이루어지 챗봇 붙이 수준 그치 디지털 교과서 불리 부분 그럭저럭 괜찮 적어도 인공 지능 이야기 솔직히 훨씬 개발 정도 수준 평가 차라리 지금 가장 뛰어나 인공 지능 챗봇 제공 차라리 수준 보이 그러 표현 무색 표현 그냥 디지털 교과서 부르 이명박 정부 만들 조금 발전
1dR6POZYN50,“AI디지털교과서 손본다”… 98% 도입 대구 운명은?ㅣTBC뉴스,@user-yf6cd6zl5x,"1:32 대구교육청 임종환 이 사람말은 시작부터 틀렸죠
디지털 교과서에 AI 기능 없습니다",0.66699463,1:32 대구교육청 임종환 시작 틀리 디지털 교과서 기능
-ZUoWn6uvlc,(수업시연) AI 디지털교과서가 찾아왔어요 ㅣ 초등학교 4학년 수학,@Queengodking,"5:46 수학에 대한 직관적인 이해를 돕는 AI 디지털 교과서의 활용 기능이 매우 인상 깊었습니다.  영상에서 소개된 학습 과정이 너무 흥미롭고 시간 가는 줄 모르고 집중하며 봤어요. 학생들에게 실시간으로 맞춤형 학습 기회를 제공한다는 점이 정말 매력적이었고, 학습 환경이 크게 개선될 것 같아 기대가 됩니다!",0.66490495,5:46 수학 직관 이해 디지털 교과서 활용 기능 매우 인상 소개 학습 과정 흥미 시간 모르 집중 학생 실시간 맞춤 학습 기회 제공 정말 매력 학습 환경 개선 기대
QqBYIYTDHuQ,AI 디지털교과서' 어떻게 쓰나?…영어·수학 수업 참관해 보니｜지금 이 뉴스,@CsmCspo,"AI가되면 교사가 필요없지
교사의 지도를 애들에맞춰서 자동지도하면 되니까",0.6647284,교사 필요 교사 지도 맞추 자동 지도
kMRBxDBbUas,"AI디지털교과서 논란, 핵심이 무엇인지 딱 알려드립니다!(교육대기자)[이슈따라잡기]",@yoonjeong-k1v,"막대한 예산 퍼붓고 안그래도 문해력 걱정되는 요즘 아이들에게 비체계적인 스마트교육을 왜 밀어붙이는지 모르겠어요.. 현직 교사들과 학부모도
반대하며 외국 사례에서도 실패한 이정책을 AI기업들의 배만 불려주는 불편한 이현실이 개탄스럽습니다ㅜ",0.66442597,막대 예산 퍼붓 그렇 문해 걱정 요즘 아이 체계 스마트 교육 밀어붙이 모르 현직 교사 학부모 반대 외국 사례 실패 정책 기업 불리 불편 현실 개탄 스럽
JC35hy4u1mo,"AI 디지털교과서(AIDT), 도입해야할까? ｜토론으로 알아보는 교육정책",@delphi2502,"AI 디지털교과서에 대한 토론 너무 좋습니다.
다음에는 고교학점제에 대한 주제로 듣고 싶습니다.",0.661808,디지털 교과서 토론 다음 고교 학점 주제
JC35hy4u1mo,"AI 디지털교과서(AIDT), 도입해야할까? ｜토론으로 알아보는 교육정책",@지야꿍,AI 디지털교과서에 대한 토론 잘봤어요 다음 영상에서는 고교 학점제 도입에 대한 토론 했으면 합니다,0.6578553,디지털 교과서 토론 다음 고교 학점 도입 토론
e1B7xhJgg28,AI 디지털교과서 반년 만에 퇴출‥교육계는 혼란 (2025.08.07/뉴스데스크/제주MBC),@ridia2024,이게 무슨 인공지능이라는 거지? 프로그램 수준이 기존 앱 수준을 못 벗어난 것 같은데? 그리고 얘들 학교에서 인터넷 안배웠다. 이건 생활 기술이지 교육이 아니다.,0.65686345,이것 무슨 인공 지능 프로그램 수준 기존 수준 벗어나 그리고 학교 인터넷 배우 이거 생활 기술 교육 아니
-ZUoWn6uvlc,(수업시연) AI 디지털교과서가 찾아왔어요 ㅣ 초등학교 4학년 수학,@김미-y5p,6:32 오 이게 개별적으로 교사가 지도하기 힘든데 AI를 통해 맞춤형 문제 풀이를 한다니 인상깊네요.,0.65616786,6:32 이것 개별 교사 지도 힘들 통하 맞춤 문제 풀이 인상
zc0SrejBP1s,"AI 디지털 교과서 도입, 공교육 강화 대책 (24.11.21.) | 정관용의 정책토론 | 국회방송",@ellashouse5044,"자기들 토론 관련 자료들은 종이로 다 뽑아오고 상대방 토론 할 때 메모도 종이에다가 펜으로 쓰고 앉아 있네... 안성훈교수는 준비된게 없어 보이고 정영식교수는 교사가 있어서 괜찮다고 있네... 어휴...
AI 학습자료 구독료 6.6조원 쓸 돈으로 아이들 수준에 맞게 그룹화해서 수업할 수 있게 선생님들 더 채용하고 야외에서 놀 수 있게 운동장 크게 똑바로 만들어 줘라.... 과밀학교가 신도시에 천지고 아파트 또 지으면 간이건물 만든다고 운동장만 없애고 있다...",0.6511305,자기 토론 관련 자료 종이 상대방 토론 메모 종이 안성훈 교수 준비 보이 정영 교수 교사 괜찮 어휴 학습 자료 구독료 아이 수준 그룹 수업 선생 채용 야외 운동장 똑바로 만들 과밀 학교 도시 천지 아파트 간이 건물 만들 운동장 없애
kMRBxDBbUas,"AI디지털교과서 논란, 핵심이 무엇인지 딱 알려드립니다!(교육대기자)[이슈따라잡기]",@siyoungyang4850,"AI교과서 디지털 성급하게 도입하는 교육부와 정부의 정책에 결사반대합니다. 교육부장관과 자신의 딸이 AI디지털교과서 찬성에 관련된 논문을 써서 그런지 이렇게 반대하는데도 도입하려는것보면 그 저의가 의심스럽고 몹시 화가 나네요. 
이렇게 중요한 일을 꼼꼼한 설계과 대책없이, 대기자님이 말씀하신 숙의를 거치치 않고 도입하는 것은 결사반대입니다.",0.64758253,교과서 디지털 성급 도입 교육부 정부 정책 결사 반대 교육부 장관 자신 디지털 교과서 찬성 관련 논문 그렇 이렇 반대 도입 저의 의심 스럽 몹시 이렇 중요 꼼꼼 설계 대책 없이 대기자 말씀 숙의 거치 도입 결사반대
K5xHXY8rgvw,AI디지털교과서 도입 첫해‥ 교실은 아직 '준비 중' (2025.05.07/뉴스데스크/춘천MBC),@sunghanlee2865,아니 이미 실패 한 사례를 왜 도입해서 난리나게 만들지. 안 그래도 스마트폰에 미쳐있는데. AI교육을 할려면 조금도 새로운 방안을 만들어서 가야지,0.64187944,아니 이미 실패 사례 도입 난리 만들 그래도 스마트폰 미치 교육 조금 새롭 방안 만들
QqBYIYTDHuQ,AI 디지털교과서' 어떻게 쓰나?…영어·수학 수업 참관해 보니｜지금 이 뉴스,@goodday834,"아이가 AI 교과서에 반대합니다 눈이 너무 피곤하대요 밝은 화면을 계속해서 쳐다보는거 눈에 안좋아서 저는 반대하고 아이들 문해력도 약화시켜서 결코 좋다고 볼수 없습니다 

문제 풀이나 이해를 높이기 위한 보조역할로 사용하는건 찬성합니다",0.64181983,아이 교과서 반대 피곤 화면 계속 쳐다보 반대 아이 문해 약화 시키 결코 문제 풀이 이해 높이 위하 보조 역할 사용 찬성
yG7JrRtFY08,어서와~ AI 디지털교과서 미리보기는 처음이지(중학교 영어편),@김요셉-y1y,매우 기대가 됩니다. 중학교에서 사용하는 영어 기능들이 초등학교 디지털 교과서에도 그대로 적용되었으면 좋겠습니다^^,0.6403586,매우 기대 중학교 사용 영어 기능 초등학교 디지털 교과서 그대로 적용
JC35hy4u1mo,"AI 디지털교과서(AIDT), 도입해야할까? ｜토론으로 알아보는 교육정책",@white_jjanga,AI 디지털교과서 토론 영상 즐겁게 시청했습니다! 학생분들 시선에서 바라본 AI 디지털교과서는 어떤지 다양한 의견을 들어 볼 수 있어서 좋았습니다. 다음에는 고교학점제에 대해 토론하는 시간을 가져봤으면 좋겠어요 !!~~🩵,0.6399246,디지털 교과서 토론 즐겁 시청 학생 시선 바라보 디지털 교과서 어떻 다양 의견 다음 고교 학점 토론 시간 가지
8hw4k3-pSn4,고양이 단어도 인식 못하는 AI 디지털교과서?...전자사전보다 못하다,@user_RnDwoRDs,"학생들한테 AI를 가르쳐줄 교과서를 만들 생각은 안하고, 완성도 못시킨 AI한테 교과서를 만들라고 하고 있음ㅋㅋㅋ",0.63954484,학생 가르치 교과서 만들 생각 완성 시키 교과서 만들
vM6_u3czNfY,'AI 디지털교과서' 검정 절차 중단…2학기부터 교과서로 못 쓴다  / EBS뉴스 2025. 08. 05,@gbcszcfdcvc001,"AI 교과서 개발사업의 
소요제기 ~ 결정, 진행 사항이 산출물대로 관리되고
   결과물의 성능 검증 결과가 제대로 나왔는지도 매우 중요한데

그런 내용은 언급이 없더라",0.63897526,교과서 개발 사업 소요 제기 결정 진행 사항 산출 관리 결과물 성능 검증 결과 제대로 나오 매우 중요 그런 내용 언급
JC35hy4u1mo,"AI 디지털교과서(AIDT), 도입해야할까? ｜토론으로 알아보는 교육정책",@cyangirl1976,"학생들의 AI 디지털 교과서에 대한 관점이 다양하고 깊어서 흥미롭게 보았습니다~
교육과정이 개편되면서 토론에도 소신있게 참여하는 모습이 인상적이고 멋진 모습입니다.. #교육tv 언제나 더 많은 사람들에게 사랑받길 바랍니다. 앞으로 멋진 콘텐츠와 함께 더 많은 이들과 소통하며 번창하시길 기원합니다!",0.6385697,학생 디지털 교과서 관점 다양 흥미 교육 과정 개편 토론 소신 참여 모습 인상 멋지 모습 #교육tv 언제나 사랑 바라 멋지 콘텐츠 함께 소통 번창 기원
uf4_FfcWmzk,[🕵🏻AI 디지털교과서 미리보기] 초등학교  영어편,@Jeongsi86,"인공지능이 맞나요? 그냥 디지털 스마트 학습기 인것 같은데, 러닝으로 스스로 학습하는 AI기술이 접목된 요소가 보이지 않네요.",0.6375549,인공 지능 그냥 디지털 스마트 학습 러닝 스스로 학습 기술 접목 요소 보이
JC35hy4u1mo,"AI 디지털교과서(AIDT), 도입해야할까? ｜토론으로 알아보는 교육정책",@user-zj8tk3ny8k,AI 디지털교과서에 대한 토론 정말 흥미롭고 정말 재미있었습니다,0.6356398,디지털 교과서 토론 정말 흥미 정말 재미있
kMRBxDBbUas,"AI디지털교과서 논란, 핵심이 무엇인지 딱 알려드립니다!(교육대기자)[이슈따라잡기]",@감사와찬양1004,"기자님의 아이가 아직 어려서 잘 모르시는거 같은데요. 요즘 중고등 학생들은 이미 GPT에 익숙하고 이를 활용해서 과제를하고 교과서와 각종 문제집과 참고서를 파일로 만들어서  태블릿에 가지고 다녀요. 오히려 초등 영재원 아이들은 이미 벌써 AI 활용을 배워왔구요. 아니 초등아이들 조차 학습지를 태블릿으로 하고 AI오답을 한지가 10년이 지났지요. 갑작스러운게 아닙니다. 양질의 컨텐츠를 교육부가 소외계층까지 공정하게 제공해주겠다는데도, 가지가지 이유를 들어 정책에 반대하는 사럼들보면, 오히려 본인들은 자녀교육에 교육적 인프라를 구축한 교사, 사교육자들 또는 그 주변인 이더군요. 디지털교과서 확인해본 학부모 입장에서 오히려, 반대하는 그들의 저의가 의심스러웠어요. 본인 자녀만 좋은 자료를 주려고 했는데, 교육부가 공개해서 주는게 싫은건가??? 그런생각도 들었습니다.",0.6349213,기자 아이 아직 어리 모르 요즘 중고등 학생 이미 익숙 활용 과제 교과서 각종 문제집 참고서 파일 만들 태블릿 가지 다니 오히려 초등 영재 아이 이미 벌써 활용 배우 아니 초등 아이 학습지 태블릿 오답 지나 갑작스럽 아니 양질 컨텐츠 교육부 소외 계층 공정 제공 가지가지 이유 정책 반대 사럼 오히려 본인 자녀 교육 교육 인프라 구축 교사 사교육 또는 주변 디지털 교과서 확인 학부모 입장 오히려 반대 저의 의심 스럽 본인 자녀 자료 교육부 공개 그런 생각
kMRBxDBbUas,"AI디지털교과서 논란, 핵심이 무엇인지 딱 알려드립니다!(교육대기자)[이슈따라잡기]",@노지영-c1g,교육주체인 교사와 학부모가 반대하는 정책을 기업을 위해 강행하는 이유가 무엇인가요? 우리 아이들은 실험쥐가 아닙니다. 우리 아이들이 불안세대갸 되는데 교육이 앞장서면 될까요?  디지털 시대에 우리아이들울 위해 학교에서 어떤 교육을 해야할지 정말 깊은 고민과 정책이 필요한 중요한 시기에 졸속으로 ai교과서 도입이라니요! 교과서에 매달 구독료를 내야한다는 사실은 다들 알고 계신가요?,0.6348057,교육 주체 교사 학부모 반대 정책 기업 위하 강행 이유 무엇 우리 아이 실험 아니 우리 아이 불안 세대 교육 앞장서 디지털 시대 우리 아이 위하 학교 어떤 교육 정말 고민 정책 필요 중요 시기 졸속 교과서 도입 교과서 매달 구독료 사실 계시
Hm2mj361syM,AI 디지털교과서가 오히려 격차 유발,@HS-jz7zy,"적극 반대합니다.
누가 도입원한다고...ㅜ
초등생에게 디지털교과서는 애들 망치는 길이죠. 스스로의  조절 감각으로 읽는게 아닌 자동으로 읽어주는 미디어형식 이게 교육적으로 초등생들에게 얼마나 최악인지 모르는지. 답답하군요.",0.63420165,적극 반대 누구 도입 초등 디지털 교과서 망치 스스로 조절 감각 아니 자동 미디어 형식 이것 교육 초등 얼마나 최악 모르 답답하
JC35hy4u1mo,"AI 디지털교과서(AIDT), 도입해야할까? ｜토론으로 알아보는 교육정책",@Jihyega,"AI 디지털교과서 찬반 토론 잘 들었습니다.
절대 평가와 상대 평가에 대해서 토론하면 좋겠습니다.",0.6340474,디지털 교과서 찬반 토론 절대 평가 상대 평가 토론
JC35hy4u1mo,"AI 디지털교과서(AIDT), 도입해야할까? ｜토론으로 알아보는 교육정책",@kiz0422,AI 디지털교과서에 대한 흥미로운 토론 잘시청했습니다 정시비중확대에 대한 토론을 보고싶습니다 좋은콘텐츠 앞으로도 잘부탁드립니다 늘 많은분들에게 사랑받는 채널되세요,0.63273185,디지털 교과서 흥미 토론 시청 정시 비중 확대 토론 콘텐츠 부탁 드리 사랑 채널
VRyVZG_q8SQ,종이 없는 AI 디지털 교과서 시대 열린다 [AI 교과서 도입]① [9시 뉴스] / KBS  2024.03.14.,@까미보미,선생님은 감독 지도만 하면 되겠네요 인공지능시대에 공부 내용도 바꿔야할듯,0.62988067,선생 감독 지도 인공 지능 시대 공부 내용 바꾸
-ZUoWn6uvlc,(수업시연) AI 디지털교과서가 찾아왔어요 ㅣ 초등학교 4학년 수학,@manlabshark,6:13 어려운 개념도 쉽게 알 수 있다는 점이 가장 인상 깊었어요 수학은 개념을 이해하는 것이 가장 중요하고 어려운데 아이들이 AI 디지털교과서를 통해 더욱 수학을 쉽게 접할 수 있는 길이 열린 것 같아요,0.62780905,6:13 어렵 개념 가장 인상 수학 개념 이해 가장 중요 어렵 아이 디지털 교과서 통하 더욱 수학 접하 열리
QqBYIYTDHuQ,AI 디지털교과서' 어떻게 쓰나?…영어·수학 수업 참관해 보니｜지금 이 뉴스,@별빛달빛-p9z,"학원 영어 온라인숙제  수업만 해도
우리집 두아이 시력이 엄청 떨어졌는데.
참..개판이네.
우리나라 교육현실도 방향성도
완전 개판.
디지털은 컴퓨터 시간으로 따로해라.",0.6248791,학원 영어 온라인 숙제 수업 우리 아이 시력 엄청 떨어지 개판 우리 나라 교육 현실 방향 완전 개판 디지털 컴퓨터 시간 따로
ZOp_tXkpPH0,[단독] 말 많고 탈 많은 'AI 교과서'…교육자료로도 못 쓴다? / SBS 8뉴스,@prupri02,"그런데 경기도 교육청은 대책으로 서논술형 수행평가를  ai로 하겠다고 하더라고요. 
갑자기 ai로 평가를 하겠다니...  지금도 고교학점제 처음 시행으로  고등학교 학생들 충분히 힘든데 더 혼란만 가중될겁니다. 
경기도 고1 학부모인데 경기도 교육청 정책때문에 이사가고 싶습니다. 
고등학생 아이들이 실험대상이 아닙니다. 좋은 취지는 이해하지만 갑자기 도입하면 학교 선생님도 학생도 혼란스럽습니다. 
Ai평가는 충분히 몇년동안 시범과 연구를 해보고 완전히 문제점이 없는지 확인해 본 후 도입해주세요. 아이들을 외국으로 유학보내지 못한게 미안할 정도입니다. 제발 부디 졸속으로 교육정책 도입하지 말고 충분한 연구기간을 가지고 사회적합의를 마친후 도입해주세요.",0.6242431,그런데 경기도 교육청 대책 논술 수행 평가 갑자기 평가 지금 고교 학점 처음 시행 고등학교 학생 충분히 힘들 혼란 가중 경기도 학부모 경기도 교육청 정책 때문 이사 고등학생 아이 실험 대상 아니 취지 이해 갑자기 도입 학교 선생 학생 혼란 스럽 평가 충분히 동안 시범 연구 완전히 문제점 확인 도입 아이 외국 유학 보내 못하 미안 정도 제발 부디 졸속 교육 정책 도입 충분 연구 기간 가지 사회 합의 마치 도입
kMRBxDBbUas,"AI디지털교과서 논란, 핵심이 무엇인지 딱 알려드립니다!(교육대기자)[이슈따라잡기]",@angelasim4937,"AI교과서로 어떻게 교육격차를 해소시킵니까? 실질적으로 사용하는 교사와 학생, 학부모 모두 반대하는데도 추진하는 이유가 무엇입니까!!",0.6241635,교과서 어떻 교육 격차 해소 시키 실질 사용 교사 학생 학부모 모두 반대 추진 이유 무엇
Hm2mj361syM,AI 디지털교과서가 오히려 격차 유발,@고릴라-i9y,"거니와 이권개입된 정책일 것 같아요. 철저한 검토. 공청회도 없는 졸속정책. 부작용이 더 클것입니다.
요즘 어린이들이 너무나 전자기기에 노출되어 사고력. 창의력저하  우려되는데 학교에서까지 절대 반대합니다. 
38년 경력.교사.",0.62156963,이권 개입 정책 철저 검토 공청회 졸속 정책 부작용 요즘 어린이 너무나 전자 기기 노출 사고 창의력 저하 우려 학교 절대 반대 경력 교사
D5lYwEBwrR0,사교육 대책의 핵심 AI 디지털 교과서,@Saera-k2d,AI컨텐츠가 한명한명 학생에게 어떻게 습득까지 시킵니까? 결국 그 아이가 읽고 보고 이해해야하는데요.,0.62117004,컨텐츠 학생 어떻 습득 시키 결국 아이 이해
OcFXKUxiskw,AI디지털교과서로 공부하면 벌어지는 일 / 내년 수업 방식에 미리 대비해야 하는 이유,@CrazyACatAde,"현재 디지털 교과서에서 주 정보 수집원은 문제 푸는거예요. 그게 있어야 수준을 파악을 할 수 있으니까요. 즉, 3~4학년부터 문제풀이에 집중할 수도 있다는거죠. 

그리고 중학교부터는 교과서 잘 안씁니다. 저도 이게 참 불만이었는데요. 다양한 교과서에서 학습내용을 뽑아와서 활용하다보니 교과서 하나만으로 사용하고 있지 않다는거죠. 근데 디지털교과서? 글쎄요. 지금은 수업평가도 단답형 시험을 보지 않아요. 점점 서술 평가도 늘어나고 있죠. 근데 이걸 디지털 교과서가 확인할 수 있는지 모르겠어요. 

GPT최신버전이면 모르겠는데 그 정도 퍼포먼스를 보여줄 수 있는지 모르겠습니다. 

흠.... 고등은 수능 안없애는 이상. 문제 풀겠죠. 단, 중학교때부터 진로 잘 결정하지 못하면 이것도 저것도 아닌걸로 ㅠ ㅠ",0.61977184,현재 디지털 교과서 정보 수집 문제 그것 수준 파악 학년 문제 풀이 집중 그리고 중학교 교과서 이것 불만 다양 교과서 학습 내용 활용 교과서 하나 사용 근데 디지털 교과서 글쎄요 지금 수업 평가 단답 시험 점점 서술 평가 늘어나 근데 이거 디지털 교과서 확인 모르 최신 버전 모르 정도 퍼포먼스 보이 모르 고등 수능 없애 이상 문제 중학교 진로 결정 못하 이것 저것 아니
-ZUoWn6uvlc,(수업시연) AI 디지털교과서가 찾아왔어요 ㅣ 초등학교 4학년 수학,@beo2wulf4,"그 많은 돈 들여 도입하는 것이 출판사 디지털 문제집 하나 들여오는 거랑 뭐가 달라. 
ai교과서라면 교육 문제가 해결되냐? 교육문제가 뭐냐? 아이들이 대학가는 점수 높게 하는 것이 교육목적이냐?
아이들이 문제를 푸는 기계따라 하는 것이 아니라 스스로 생각하게 해야 하는 것 아니냐? 생각을 깊게 혹은 넓게 하는 인간이 되게 하는 것이 교육 아니냐? 그 많은 돈 들여 문제 푸는 방법 알려 주는 것을 만들어 주는 것이 대체 무슨 교육이냐? ai교육이라면 소통이 되어서 계속 의문점을 가지게 해야지 이건 정해진 답을 찾는 방법은 이런게 있다고 주입식이잖아. 이젠 방법을 주입하는 거냐? 이것만 봐서는 그런 생각 밖에는 안든다. 그럼 또 평가를 못한다는 소리를 하겠지 그럼 평가를 개선해. 평가는 놔두고 그 평가를 잘하는 방식으로 주입하는게 교육부가 할 일이냐?",0.61892647,들이 도입 출판사 디지털 문제집 하나 들여오 다르 교과서 교육 문제 해결 교육 문제 아이 대학 점수 교육 목적 아이 문제 기계 따르 아니 스스로 생각 아니 생각 혹은 인간 교육 아니 들이 문제 방법 알리 만들 대체 무슨 교육 교육 소통 계속 의문점 가지 이거 정하 방법 이런 주입식 이제 방법 주입 이것 그런 생각 그럼 평가 소리 그럼 평가 개선 평가 놔두 평가 방식 주입 교육부
zvq8hpetGLM,오답 처리에 번역 오류까지… AI 디지털교과서 논란,@starsand999,"한심하네, 오류 투성이에. 애초에 AI는 이름만 있고,그냥 옛날 디지털 교과서랑 똑같잖아? 어디가 AI인데?",0.61810935,한심 오류 투성이 애초 이름 그냥 옛날 디지털 교과서 똑같 어디
vM6_u3czNfY,'AI 디지털교과서' 검정 절차 중단…2학기부터 교과서로 못 쓴다  / EBS뉴스 2025. 08. 05,@flower_hongeg,"정말 다행입니다 !!!
이미 스웨덴에서 디지털 교과서를 시행했다가 부작용으로 종이교과서와 종이에 글을 쓰는 아날로그식 교육을 강화하기로했고 다른 국가에서도 이미 실패한 선례가 이미 있었습니다.
타 국가의 AI 교육은 패드 학습이 아닌 창의력을 키워주는 행동,체험,토론 학습이었습니다.
AI 교육 어쩌고하면서 시설 설비부터 업체 선정 까지 국가 예산 빼먹으려한 도둑놈들 !!! 
돈이야 둘째치고 아이들을 망칠뻔한 위기에서 구했습니다!! 정말 다행입니다!! 🎉🎉🎉🎉🎉",0.6180271,정말 다행 이미 스웨덴 디지털 교과서 시행 부작용 종이 교과서 종이 아날로그 교육 강화 다른 국가 이미 실패 선례 이미 국가 교육 패드 학습 아니 창의력 키우 행동 체험 토론 학습 교육 어쩌 시설 설비 업체 선정 국가 예산 도둑놈 둘째 아이 망치 위기 구하 정말 다행
OcFXKUxiskw,AI디지털교과서로 공부하면 벌어지는 일 / 내년 수업 방식에 미리 대비해야 하는 이유,@CrazyACatAde,그리고 아이들이 게임식 수업한다고 좋아할 거라는건 착각이예요. 아이들도 바보가 아니라서 학습인지 놀이인지 정도는 귀신같이 압니다. 아이들 인터넷으로 학습하다가 게임처럼 문제 나오는게 기존 디지털교과서에는 있었거든요. 그거 가지고 장난치지 수업을 하진 않아요.. 그리고 생각보다 아이들은 디지털이란 환경에서 어른보다 매우 자유롭다. 이거 하나면 장단점을 다 아우를 수 있죠. 장점이라면 좋겠지만 단점으로 나오는 순간 손 못댑니다. 전쟁일거예요....우리보다 나은 세대거든요.,0.61758184,그리고 아이 게임 수업 좋아하 착각 아이 바보 아니 학습 인지 놀이 정도 귀신 아이 인터넷 학습 게임 문제 나오 기존 디지털 교과서 그거 가지 장난치 수업 그리고 생각 아이 디지털 환경 어른 매우 자유 이거 하나 장단점 아우르 장점 단점 나오 순간 전쟁 우리 세대
t_s5gfG3ORw,"""10만 명 여론조사를 못 믿어요?"" AI 디지털교과서 여론조사 못 믿는 장관에게",@hjk6956,초등 교육 교재는 기존 교과서로 충분하다 디지털 교과서 절대반대,0.61628926,초등 교육 교재 기존 교과서 충분 디지털 교과서 절대 반대
OcFXKUxiskw,AI디지털교과서로 공부하면 벌어지는 일 / 내년 수업 방식에 미리 대비해야 하는 이유,@muvw8342,"어른도 디지털기기 중독 벗어나기 힘든데 ㅠㅠ 아이들은 더 힘들지 않읆가 싶어요 ㅠㅠ 저희 아이는 내년에 3학년이라 디지털 교과서 시범 대상이에요. 다니고 있는 학교는 코로나 이후부터 고학년은 이미 태블릿으로 수업 중이래요... 환경과 경험이 있으니 염려 마시래요.

선생님께서 종이책이 전자책보다는 더 정보습득이 잘 된다고 하셨던 게 기억나서 ㅠㅠ 염려되었는데 영상에서 말씀해 주셨네요.

아이마다 모바일 기기 활용 능력이 다양할텐데, 기기 사용 방법부터 가르쳐야 할 텐데 그것도 걱정..
아이들의 데이터 처리를 통해 만들어진 자료가 과연 어떤 식으로 활용되고 사용될 지 걱정..
장단점이 흑백처럼 극단적인 디지털 기기에 기대되는 마음 반 걱정되는 마음 반
이런 저런 고민이 가득한데 선생님께서 답안을 주셨네요.

올해에 던져진 돌맹이가 너무 많아서 물결이 마구 흔들거리는 격동의 시대가 될 거 같아 무섭기도 해요 ㅠㅠ

기본적으로
자기조절력을 길러주며 격변할 사회에 대처해야 겠네요.

오늘도 영상 감사합니다 😊❤",0.6152226,어른 디지털 기기 중독 벗어나 힘들 아이 힘들 않읆 저희 아이 내년 학년 디지털 교과서 시범 대상 다니 학교 코로나 이후 학년 이미 태블릿 수업 환경 경험 염려 선생 종이 전자책 정보 습득 기억나 염려 말씀 아이 모바일 기기 활용 능력 다양 기기 사용 방법 가르치 그것 걱정 아이 데이터 처리 통하 만들 자료 과연 어떤 활용 사용 걱정 장단점 흑백 극단 디지털 기기 기대 마음 걱정 마음 이런 저런 고민 가득 선생 답안 던지 돌맹이 물결 마구 흔들거리 격동 시대 무섭 기본 자기 조절 기르 격변 사회 대처 감사
YWw1QP4l3QQ,"새학기 두 달 앞두고 AI교과서 좌초 위기...""재의요구 건의"" / YTN",@맥스그랜마,AI교과서로 이득을 보는 자 누구인가? 교육마저 거꾸로 가면 안됩니다.,0.6139535,교과서 이득 누구 교육 거꾸로
D5lYwEBwrR0,사교육 대책의 핵심 AI 디지털 교과서,@rueidudjidjdjdjd,"학교 교사는 아니고 아이들은 가르치는 일을 하고 있는 사람입니다. 참고로 사범대 출신에 교원자격증도 있는 사람입니다.
개인적인 사견을 말해보자면, 개인별 수준학습을 AIDT(에이아이디지털교과서)를 홍보하면서 굉장히 많이 강조하고 있습니다. 그런데 재 생각엔 공교육에서 개인별 수준학습은 아닌거 같다는 생각이 듭니다.
지극히 사적인 의견으로 공교육의 기준은 정상적인 지능과 배경을 갖춘 학생이라면, 노력을 통해 얻을 수 있는 정도라고 생각합니다. 그렇기에 공교육은 사교육처럼 가장 높은 위치에 있는 학생을 기준으로 하는 것이 아니라, 가장 낮은 위치에 있는 학생을 기준으로 설정하고 끌어올릴 수 있도록 설계해야하다고 생각합니다.
 그런데 수준별 학습을 진행하게 되면 사교육을 받은 학생들은 당연히 본인의 학년보다 높은 수준의 학습을 진행하게 되고, 그렇지 못한 생각은 뒤쳐지게 될 것입니다. 그리고 이게 초등학교 때부터 이어지면 중고등 학교에 다다르면 격차는 더 심해질 겁니다. 그럼 하위에 있는 학생들은 어린시절부터 반복된 좌절을 경험하게 됩니다. 교육계나 심리학계 혹은 배운 부모라면 어린시절 '학습된 무기력'이 얼마나 위험한지 아실 겁니다.
공교육은 사교육과 확실히 구분되야 합니다. 그렇지 못하면 어린시절부터 학습격차는 점점 커지고, 이런 현상이 지속되면 훗날 사회전체가 무기력과 물질만능주의에 빠질 수도 있습니다.",0.6134279,학교 교사 아니 아이 가르치 참고 사범대 출신 교원 자격증 개인 사견 개인 수준 학습 에이아이 디지털 교과서 홍보 굉장히 많이 강조 그런데 생각 공교육 개인 수준 학습 아니 생각 지극히 의견 공교육 기준 정상 지능 배경 갖추 학생 노력 통하 정도 생각 그렇 공교육 사교육 가장 위치 학생 기준 아니 가장 위치 학생 기준 설정 끌어올리 설계 생각 그런데 수준 학습 진행 사교육 학생 당연히 본인 학년 수준 학습 진행 그렇 못하 생각 뒤쳐지 그리고 이것 초등학교 이어지 중고등 학교 다다르 격차 심하 그럼 하위 학생 어리 시절 반복 좌절 경험 교육 심리학 혹은 배우 부모 어리 시절 학습 무기력 얼마나 위험 공교육 사교육 확실히 구분 그렇 못하 어리 시절 학습 격차 점점 커지 이런 현상 지속 훗날 사회 전체 기력 물질 만능주의 빠지
JC35hy4u1mo,"AI 디지털교과서(AIDT), 도입해야할까? ｜토론으로 알아보는 교육정책",@bonglimi,"AI 디지털교과서에 대해서 잘 몰랐었는데 찬반토론을 통해서 장점과 단점에 대해서 아주 
잘 이해하게 되었습니다 감사합니다! 저는 다음주제로  변화되는 대입전형에 대해서 
이야기 나눠보면 좋을것 같아요!",0.6113587,디지털 교과서 모르 찬반 토론 통하 장점 단점 아주 이해 감사 다음 주제 변화 대입 전형 이야기 나누
D5lYwEBwrR0,사교육 대책의 핵심 AI 디지털 교과서,@user_775,공부 안하려는 애를 AI가 상담해서 공부하게 만들 수 있어? ㅋ,0.61100876,공부 상담 공부 만들
e1B7xhJgg28,AI 디지털교과서 반년 만에 퇴출‥교육계는 혼란 (2025.08.07/뉴스데스크/제주MBC),@goqkfkrl-f6c,"컴퓨터나 디지털 기기 사용은 초등 고학년 이후에 시작해도 충분하다고 봐요.
디지털기기에 많이 노출된 아이들은 생각을 하지 않으려 하고 조금 복잡하고 사고를 요하는 문제를 접하면 바로 포기해버리는 경향이 있다고 해요.
유럽의 사례를 보더라도 디지털 교과서를 사용 한 아이들의 사고력과 학력이 크게 저하 되었다는 결과가 이런 현상을 보여 주는 것 같아요.",0.60870206,컴퓨터 디지털 기기 사용 초등 학년 이후 시작 충분 디지털 기기 많이 노출 아이 생각 조금 복잡 사고 요하 문제 접하 바로 포기 버리 경향 유럽 사례 디지털 교과서 사용 아이 사고력 학력 저하 결과 이런 현상 보이
D5lYwEBwrR0,사교육 대책의 핵심 AI 디지털 교과서,@Abcjfg-x5k,"Ai 교과서를 제대로 만들었으면 모르지

근데.. 그냥 무료 오픈 AI보다 못하던데",0.60838544,교과서 제대로 만들 모르 근데 그냥 무료 오픈
OcFXKUxiskw,AI디지털교과서로 공부하면 벌어지는 일 / 내년 수업 방식에 미리 대비해야 하는 이유,@maxmax-yg7oc,"현재 중학생의 입장에서 볼때 디지털 교과서에 대해 주제를 벗어난 염려가 많은것 같은데 1. 스마트폰 조절력이 떨어진다 : 
아무리 스마트폰과 비슷하다고 해도 허용된 목적 이외의 인터넷과 SNS, 게임도 안되는 기기에 조절력 문제는 일어나지 않습니다. 다만 초등학생의 경우에는 반 강제적으로 디지털 기기를 익숙하게 만드는 경향이 있어서 없다고는 항 수 없을 것 같습니다
2. 기기에 사용이 익숙해 질때까지 기다려야 한다 : 이번에 도입된다면 초3, 4학년 제외하면 큰 문제는 아닙니다 문제는 격차가 날 수 있는 초등학생에 경우인데 그래서 저는 1번 이유와 합쳐서 초등학생에겐 절대 도입하지 않았으면 좋겠네요
3 . 기기로 수업을 하면 눈 마주치는 시간이 줄어든다? : 기기 대신 선생님과 친구들을 보게 만들면 되는 것 아닐까요? 애초에 그냥 교과서를 많이 쓰지 않고 많이 안 보게 만들면 될 일입니다. 지금 학교에서 태블릿 수업을 할때 별 문제가 없는 걸 봐서는 이런 부작용은 없을 것 같습니다

근데 문제는 그 외의 것들이죠 제대로 만들어나 줄건지....",0.6073943,현재 중학 입장 디지털 교과서 주제 벗어나 염려 스마트폰 조절 떨어지 아무리 스마트폰 비슷 허용 목적 이외 인터넷 게임 기기 조절 문제 일어나 다만 초등학생 경우 강제 디지털 기기 익숙 만들 경향 기기 사용 익숙 기다리 이번 도입 학년 제외 문제 아니 문제 격차 초등학생 경우 그래서 이유 합치 초등학생 절대 도입 기기 수업 마주치 시간 줄어들 기기 대신 선생 친구 만들 아니 애초 그냥 교과서 많이 많이 만들 지금 학교 태블릿 수업 문제 이런 부작용 근데 문제 제대로 만들
D5lYwEBwrR0,사교육 대책의 핵심 AI 디지털 교과서,@장주인백,"AI교과서는 2가지 종류가 있는데 
1.첫째 눈을 피곤하게 하지 않는 자료중심의 디지털 교과서 말 그대로 전자책이 있고
2.둘째 테블릿이나 노트북처럼 자료를 검색하고 교사와 학생간 온라인 연결된 눈이 피로한 컴퓨터 화면의 디지털 북이 있다.
대부분의 성인들은 이 전자책 과 디지털북을 구분하지 못하고 
이번 교육 정책의 AI디지털 교과서는 그냥 노트북이 교실수업에 활용된다고 보면 된다.",0.60728574,교과서 가지 종류 첫째 피곤 자료 중심 디지털 교과서 그대로 전자 둘째 테블릿 노트북 자료 검색 교사 학생 온라인 연결 피로 컴퓨터 화면 디지털 대부분 성인 전자책 디지털북 구분 못하 이번 교육 정책 디지털 교과서 그냥 노트북 교실 수업 활용
e1B7xhJgg28,AI 디지털교과서 반년 만에 퇴출‥교육계는 혼란 (2025.08.07/뉴스데스크/제주MBC),@goqkfkrl-f6c,"학부모 입장에서 지금이라도 디지털 교과서를 퇴출하게 된 건 너무나 잘한  결정이라고 봐요.
초등 저학년까지는 가능한 디지털 기기나 스마트폰 컴퓨터 사용을 자제하는 것이 우리 아이들을 위하는 길이라고 봐요.
책을 읽으며 생각해보고 직접 손 글씨를 써 보는 과정이 정말 중요 하다고 봐요.",0.6066345,학부모 입장 지금 디지털 교과서 퇴출 너무나 결정 초등 학년 가능 디지털 기기 스마트폰 컴퓨터 사용 자제 우리 아이 위하 생각 직접 글씨 과정 정말 중요
OcFXKUxiskw,AI디지털교과서로 공부하면 벌어지는 일 / 내년 수업 방식에 미리 대비해야 하는 이유,@yi7215,"디지털이 다 빨리빨리 해주면
아이들은 무얼하나요
어떤 큰 교육적 효과가 없을것
같은데😂
생각하는 힘이 없어질것 같은데
걱정입니다.
방과후 보충용으로 쓰면 될것 같은데ㅡ 아이들을 바라보는 철학의 부재입니다.",0.6053796,디지털 빨리빨리 아이 무어 어떤 교육 효과 생각 걱정 방과 보충 아이 바라보 철학 부재
QqBYIYTDHuQ,AI 디지털교과서' 어떻게 쓰나?…영어·수학 수업 참관해 보니｜지금 이 뉴스,@쁘아-d4p,디지털교과서는 AI랑 아무 상관없음 그저 이주호장관의 에듀 테크의 돈만 연결되있음,0.60466695,디지털 교과서 아무 상관 그저 이주호 장관 에듀 테크 연결
-ZUoWn6uvlc,(수업시연) AI 디지털교과서가 찾아왔어요 ㅣ 초등학교 4학년 수학,@risa9598,"0:30 AI 디지털교과서를 통한 학습리포트를 통해 약점을 바로 체크가능해서 도움이 될 거 같아요
7:48 오답노트 기능도 마찬가지 일거 같아요",0.60155857,0:30 디지털 교과서 통하 학습 리포트 통하 약점 바로 체크 가능 도움 7:48 오답 노트 기능 마찬가지
kMRBxDBbUas,"AI디지털교과서 논란, 핵심이 무엇인지 딱 알려드립니다!(교육대기자)[이슈따라잡기]",@오예스-e5h,디지털교과서가 왜 중독이 된다는 거죠?  ㅜ.ㅜ 학습이 중독이 되면 좋죠^^ 답을 찾아주는게 아니라 답을 분석하는 것도 AI에요 제발 혹시 박람회라도 가보셨나요?,0.6011938,디지털 교과서 중독 학습 중독 아니 분석 제발 혹시 박람회
-ZUoWn6uvlc,(수업시연) AI 디지털교과서가 찾아왔어요 ㅣ 초등학교 4학년 수학,@주주맘-n7i,학부모  교사 80%가  디지털  교과서   반대하고  외국의  실패 사례가 있음에도불구하고 굳이  이렇게  밀어  부치는  이유가  뭡니까? 그리고  댓글  전부  다  읽어  봤습니다. 타임  라인  설정해서 댓글 조작  작업 했나여?  교육부가  홍보한다고  댓글 주작하고  있다는  느낌이드네요???학부모들이  디지털 교과서 수업을  거부 해야  합니다.,0.6006217,학부모 교사 디지털 교과서 반대 외국 실패 사례 불구 굳이 이렇 부치 이유 그리고 댓글 전부 타임 라인 설정 댓글 조작 작업 교육부 홍보 댓글 느낌 학부모 디지털 교과서 수업 거부
yG7JrRtFY08,어서와~ AI 디지털교과서 미리보기는 처음이지(중학교 영어편),@그린티-t6x,"반대하는 목소리가 많은것 같은데 먼저 학부모들의 디지털교과서 이해 교육이 필요할것 같습니다.
저도 막연하게 교과서까지 전자기기로 한다고? 반대하는 엄마였는데 알고 나니 장점이 많습니다. 현재도 학교에서 태블릿 수업하는 과목도 많구요
해외사례도 찾아보면 종이교과서로 한계가 있는 수업에 다양한 컨텐츠가 있어 학생들의 이해도에 있어 좋은것 같아요.
디지털교과서를 잘 활용해서 그동안의 주입식 교육에서 
학생 중심 수업으로 변화되길 기대해봅니다.",0.6004635,반대 목소리 먼저 학부모 디지털 교과서 이해 교육 필요 막연 교과서 전자 기기 반대 엄마 장점 현재 학교 태블릿 수업 과목 해외 사례 찾아보 종이 교과서 한계 수업 다양 컨텐츠 학생 이해도 디지털 교과서 활용 동안 주입식 교육 학생 중심 수업 변화 기대
-ZUoWn6uvlc,(수업시연) AI 디지털교과서가 찾아왔어요 ㅣ 초등학교 4학년 수학,@이윤희-f8t,5:55 AI디지털교과서의 다양한 수학교구가 가장 흥미롭네요! 수학교구라고 하면 실제로 뭔가를 들고와야 한다고 생각했는데 디지털 이미지로 보이게 만들어놓은게 신기하네요😁 학생들이 직접 수학문제를 만들고 풀어본다는 게 인상깊네요😊,0.5995232,5:55 디지털 교과서 다양 수학 교구 가장 흥미 수학 교구 실제로 생각 디지털 이미지 보이 만들 신기하 학생 직접 수학 문제 만들 인상
1dR6POZYN50,“AI디지털교과서 손본다”… 98% 도입 대구 운명은?ㅣTBC뉴스,@judithlapinou6583,대구가 대구했내. 설마 AI가 극우교과서 ?,0.59879196,대구 대구 설마 극우 교과서
kMRBxDBbUas,"AI디지털교과서 논란, 핵심이 무엇인지 딱 알려드립니다!(교육대기자)[이슈따라잡기]",@HayleyKim-jp8qo,AI 교과서가 어떤 것인지 소개도 안해주고 그냥 검증이루어지지 않았으니 나쁘다고만 ㅎ 이번 컨텐츠는 주장만 있고 근거는 제대로 없네요 실망스럽습니다,0.59804857,교과서 어떤 소개 그냥 검증 이루어지 나쁘 이번 컨텐츠 주장 근거 제대로 실망 스럽
kMRBxDBbUas,"AI디지털교과서 논란, 핵심이 무엇인지 딱 알려드립니다!(교육대기자)[이슈따라잡기]",@오예스-e5h,디지털기기 보급할 때는 왜 가만히 있었을까요? 왜 AI교과서를 교육자료로 쓰게 할까요? 대통령과 교육부장관이 바뀐 것 뿐인데요. 그 때는 자기들이 계속 할 줄 알고 시작했던 거였을까요? 디지털교과서와 AI교과서는 다른데 어떻게 이걸 비교하는지 전제가 다릅니다...,0.596595,디지털 기기 보급 가만히 교과서 교육 자료 대통령 교육부 장관 바뀌 자기 계속 시작 디지털 교과서 교과서 다르 어떻 이거 비교 전제 다르
yG7JrRtFY08,어서와~ AI 디지털교과서 미리보기는 처음이지(중학교 영어편),@cat_black2018,"영어 디지털교과서가 잘 활용되면 좋을거 같지만 저희집 어린이가 영어쓰는 꼴(?)을 보면 답답합니다.  문해력도 딸리고, 손글씨도 못쓰는 아이들은 현장에서 맞닥칠 다양한 어려움이 걱정됩니다. 하지만 영어라는 교과의 특성상 발음이나 복습이 가능한 부분은 좋네요.  교사들의 학습기기 숙지력에 따라 많이 차이가 날 것으로 우려가 됩니다.",0.59264827,영어 디지털 교과서 활용 저희 어린이 영어 답답 문해 딸리 글씨 아이 현장 닥치 다양 어려움 걱정 하지만 영어 교과 특성 발음 복습 가능 부분 교사 학습 기기 숙지 따르 많이 차이 우려
vM6_u3czNfY,'AI 디지털교과서' 검정 절차 중단…2학기부터 교과서로 못 쓴다  / EBS뉴스 2025. 08. 05,@prupri02,"경기도 교육청은 대책으로 서논술형 수행평가를  ai로 하겠다고 하더라고요. 갑자기 ai로 평가를 하겠다니...지금도 학생들과 선생님들 고교학점제만으로도 충분히 힘든데 더 혼란만 가중될겁니다. 
경기도 고1 학부모인데 경기도 교육청 정책때문에 다른지역으로 이사가고 싶습니다. 
고등학생 아이들이 실험대상이 아닙니다. 좋은 취지는 이해하지만 갑자기 도입하면 학교 선생님도 학생도 혼란스럽습니다. 
Ai평가는 충분히 몇년동안 시범과 연구를 해보고 완전히 문제점이 없는지 확인해 본 후 도입해주세요. 아이들을 외국으로 유학보내지 못한게 미안할 정도입니다. 제발 부디 졸속으로 교육정책 도입하지 말고 충분한 연구기간을 가지고 진짜 좋은 방법인지 충분히 고려한 후에... 사회적 합의를 마친후 도입해주세요.",0.59048265,경기도 교육청 대책 논술 수행 평가 갑자기 평가 지금 학생 선생 고교 학점 충분히 힘들 혼란 가중 경기도 학부모 경기도 교육청 정책 때문 다른 지역 이사 고등학생 아이 실험 대상 아니 취지 이해 갑자기 도입 학교 선생 학생 혼란 스럽 평가 충분히 동안 시범 연구 완전히 문제점 확인 도입 아이 외국 유학 보내 못하 미안 정도 제발 부디 졸속 교육 정책 도입 충분 연구 기간 가지 방법 충분히 고려 사회 합의 마치 도입
OcFXKUxiskw,AI디지털교과서로 공부하면 벌어지는 일 / 내년 수업 방식에 미리 대비해야 하는 이유,@juyeoun2,핀란드에서 ai코딩교육을 제일 먼저 시작했고 현재도 하고 있지만 디지털 교과서도 함께 도입했다가 문해력과 주의집중력 일회성으로 끝나 습득하는 공부로는 도움이 안되기때문에 종이 교과서로 갔는데 왜 우리나라는 반대로 가나요. 수능과 논술은 지필로 보면서 아이들은 시각적으로 보고 들었으면 다 이해했다고 착각하고 심지어 공부가 끝났다고 생각해요.  디지털로 공부한 아이들은 지필로 따로 테스트하면 소나기내립니다. 그 기계 안에서 방금 전에 푼 유형의 닮은 꼴 문제만 맞출 수 있어요. 생각하는 문제는 쓰고 골똘히 생각하고 싶어하지 않아요. 결국 학업의 구멍이 커지면 학원에 더 많은 아이들이 가겠지요?!,0.5900408,핀란드 코딩 교육 먼저 시작 현재 디지털 교과서 함께 도입 문해 주의 집중 끝나 습득 공부 도움 때문 종이 교과서 우리 나라 반대 수능 논술 지필 아이 시각 이해 착각 심지어 공부 끝나 생각 디지털 공부 아이 지필 따로 테스트 소나기 내리 기계 방금 유형 문제 맞추 생각 문제 골똘히 생각 결국 학업 구멍 커지 학원 아이
yG7JrRtFY08,어서와~ AI 디지털교과서 미리보기는 처음이지(중학교 영어편),@하양이튜브-j6w,"AI교과교재는 어떤걸로 선정되나요?  스마트공부하면  화면을 잘 안보는 학생들도 많던데 그건 어떻게 할 생각이신지? 다른 과목도 있는건지 궁금하네요.  여기는 영어 교과서만 나오는데 ..,  학교에서만 쓸수있는건지요?",0.58938915,교과교재 어떤 선정 스마트 공부 화면 학생 그거 어떻 생각 다른 과목 궁금하 여기 영어 교과서 나오 학교
e1B7xhJgg28,AI 디지털교과서 반년 만에 퇴출‥교육계는 혼란 (2025.08.07/뉴스데스크/제주MBC),@prupri02,"그런데도 경기도 교육감은 대책으로 서논술형 수행평가를  ai로 하겠다고 하더라고요. 갑자기 ai로 평가를 하겠다니... ai가 평가한 평가점수가 내신에 반영되는건데 이렇게 졸속으로 도입해도 되나요? 
고교학점제 첫 시행으로 고등학교는 지금도 충분히 힘든데 더 혼란만 가중될겁니다. 
경기도 고1 학부모인데 경기도 교육청 정책때문에 타지역으로 이사가고 싶습니다. 
고등학생 아이들이 실험대상이 아닙니다. 좋은 취지는 이해하지만 갑자기 도입하면 학교 선생님도 학생도 혼란스럽습니다. 
Ai평가는 충분히 몇년동안 시범과 연구를 해보고 완전히 문제점이 없는지 확인해 본 후 도입해주세요. 아이들을 외국으로 유학보내지 못한게 미안할 정도입니다. 제발 부디 졸속으로 교육정책 도입하지 말고 충분한 연구기간을 가지고 사회적합의를 마친후 도입해주세요.",0.5888621,그런데 경기도 교육감 대책 논술 수행 평가 갑자기 평가 평가 평가 점수 내신 반영 이렇 졸속 도입 고교 학점 시행 고등학교 지금 충분히 힘들 혼란 가중 경기도 학부모 경기도 교육청 정책 때문 지역 이사 고등학생 아이 실험 대상 아니 취지 이해 갑자기 도입 학교 선생 학생 혼란 스럽 평가 충분히 동안 시범 연구 완전히 문제점 확인 도입 아이 외국 유학 보내 못하 미안 정도 제발 부디 졸속 교육 정책 도입 충분 연구 기간 가지 사회 합의 마치 도입
8hw4k3-pSn4,고양이 단어도 인식 못하는 AI 디지털교과서?...전자사전보다 못하다,@suep162,AI 교과서 반대. 제대로 계발되면 그때해도된다. 지금 만든건 엉망.,0.5878831,교과서 반대 제대로 계발 그때 지금 만들 엉망
NJagO8h0OFU,2025년부터 AI 디지털교과서 도입!📚｜AI 교과서 76종 검정 완료｜정책 속으로🔎,@glory_jane,디지털교과서 반대합니다 애들에게 디지털로 가르치는건 도움이 안된다고요... 다른나라들은 수업만은 아날로그로 돌아가는데 이게 뭔..  역행입니까,0.587365,디지털 교과서 반대 디지털 가르치 도움 다른 나라 수업 아날로그 돌아가 이것 역행
1dR6POZYN50,“AI디지털교과서 손본다”… 98% 도입 대구 운명은?ㅣTBC뉴스,@싹-t2l,"듣던중 반가운소리~~~
종이 교과서 환영합니다~
참고 자료가 맞습니다
졸속으로 만들어진
쓰레기 디지털 교과서....😤
그 목적이 궁금합니다☹️
아이들 사상교육용 아닙니까??~🤬
강제적으로 디지털 교과서를
도입한 이주호는 진짜 문제가
심각합니다~리박스쿨이랑
연관 관계도 밝혀주세요~~
아이들이 생각할 시간을
많이 주어야 합니다
가뜩이나 테블릿,핸드폰
컴퓨터...등등
학부모는 머리가 지끈거립니다
점점 생각이 좁아지고 문해력
이해력 낮아지는 아이들~
생각의 폭이 넓어지길 바라면서
종이 교과서 적극 찬성입니다🙏🙏👏",0.5872072,반갑 소리 종이 교과서 환영 참고 자료 졸속 만들 쓰레기 디지털 교과서 목적 궁금하 ☹️ 아이 사상 교육 아니 강제 디지털 교과서 도입 이주호 문제 심각하 리박스쿨 연관 관계 밝히 아이 생각 시간 많이 가뜩이나 테블릿 핸드폰 컴퓨터 등등 학부모 머리 지끈거리 점점 생각 문해 이해력 아이 생각 바라 종이 교과서 적극 찬성
e1B7xhJgg28,AI 디지털교과서 반년 만에 퇴출‥교육계는 혼란 (2025.08.07/뉴스데스크/제주MBC),@햇살최가진,교육계가 왜 혼란? 디지털하기 전 대로 하면 되지.,0.58268654,교육 혼란 디지털 대로
-ZUoWn6uvlc,(수업시연) AI 디지털교과서가 찾아왔어요 ㅣ 초등학교 4학년 수학,@ildeepskys,학습이 부진한 학생은 자발적인 학습 태도나 필요한 내용을 찾아가는 자발성 자체가 결여된 경우가 많다. 그래서 개별학습도 교사가 엪에서 도와주어야 한다. 또한 아동발달상 손을 움직이고 직접 써보는 건 지식을 단순히 외는 것과는 차별되는 것이다. AI교과서 절대 반대다.,0.5826561,학습 부진 학생 자발 학습 태도 필요 내용 찾아가 자발 자체 결여 경우 그래서 개별 학습 교사 도와주 또한 아동 발달 움직이 직접 지식 단순히 차별 교과서 절대 반대
-ZUoWn6uvlc,(수업시연) AI 디지털교과서가 찾아왔어요 ㅣ 초등학교 4학년 수학,@력이맘마,"3:46 다양한 콘텐츠로 개념을 설명하고 단계별, 수준별 문제해결 능력을 평가하는 과정을 통해서 단원별 학습이 진행되는군요~
학습 진단을 통해서 부족한 부분은 집중적으로 관리를 할 수 있고, 학교뿐만 아니라 가정에서도 활용이 가능하다고 하니
우리 아이들, 교육주체들이 보다 나은 디지털 학습 환경으로 변화할 수 있기를 바래요❤",0.5824303,3:46 다양 콘텐츠 개념 설명 단계 수준 문제 해결 능력 평가 과정 통하 단원 학습 진행 학습 진단 통하 부족 부분 집중 관리 학교 아니 가정 활용 가능 우리 아이 교육 주체 보다 디지털 학습 환경 변화 바래
H0wt-yjiay8,베일 벗은 AI 디지털교과서…1대1 맞춤형 학습 가능 [9시 뉴스] / KBS  2024.12.02.,@geospring00,디지털 교과서 구독료 이 돈으로 교사를 증원해 학급 및 교사당 학생수를 줄여라. 교육과정을 개혁해 과목을 줄이고 과목당 수업 시수를 늘려라.,0.5822029,디지털 교과서 구독료 교사 증원 학급 교사 학생 줄이 교육 과정 개혁 과목 줄이 과목 수업 시수 늘리
t_s5gfG3ORw,"""10만 명 여론조사를 못 믿어요?"" AI 디지털교과서 여론조사 못 믿는 장관에게",@black_violin,관련 업체를 조사해보세요 거기에 답이 있을겁니다 초등 교과서담당자로서 샘플보니 학습보조자료가 딱 마자요 현장에서 보면 초등 어린이들은 교사와 친구들과 직접 소통하며 교육해야함을 절실히 느낍니다 소중한 우리 아이들을 이용해서까지 박박 긁어 해먹을려는거죠,0.58109766,관련 업체 조사 거기 초등 교과서 담당자 샘플 학습 보조 자료 현장 초등 어린이 교사 친구 직접 소통 교육 절실히 느끼 소중 우리 아이 이용 박박
zc0SrejBP1s,"AI 디지털 교과서 도입, 공교육 강화 대책 (24.11.21.) | 정관용의 정책토론 | 국회방송",@아이스맨-w2h,교실에서 수업 중 아이들에게 태블릿 쥐어주면 난리가 납니다. 재밌는 장난감으로 생각하기에 다들 들썩들썩 거리죠. aidt를 사용함으로써 얻어지는 이익보다 태블릿을 계속 쥐어줬을 때의 문제점이 더 크다고 생각해요. 그리고 교육청에서 교사들이 이수했다는 aidt연수요? 지금까지 했던 연수는 실체없는 aidt를 그냥 개념만 홍보하는 시간이었습니다. 자발적으로 교사들이 들었다고요? 이수 결과가 교육청 평가에 들어간다며 꼭 이수하라고 각 학교 담당자들에게 강조했죠. 이것 저것 코스웨어 끌어와서 활용사례만 말해놓고선 연수 제목은 aidt더군요.,0.5789089,교실 수업 아이 태블릿 난리 재밌 장난감 생각 들썩들썩 거리 사용 이익 태블릿 계속 문제점 생각 그리고 교육청 교사 이수 연수 지금 연수 실체 그냥 개념 홍보 시간 자발 교사 이수 결과 교육청 평가 들어가 이수 학교 담당자 강조 이것 저것 코스웨어 활용 사례 연수 제목
QqBYIYTDHuQ,AI 디지털교과서' 어떻게 쓰나?…영어·수학 수업 참관해 보니｜지금 이 뉴스,@gpflsdntjd,"장점만 부각 시키면 안된다! 아이들을 가르쳐서 아는데 AI교과서는 아이들이 직접 혼자서 배운걸 익히고 임계점까지 끌어올리는데 사실 아무 도움 안된다. 글쎄 모둠수업이나 프로젝트수업 필요할때 빼고는... 아이들이 글을 읽지 못한다.  모국어니까 눈으로  읽지만, 정작 이해하고 분석해서 구조화시키는 과정을 거의 해내는 아이들이 없다.  잘하는 아이가 글쎄 좋게 생각해도  8% ?  5%?  교과서는 반드시 필요하다.",0.57890844,장점 부각 시키 아이 가르치 교과서 아이 직접 혼자 배우 익히 임계점 올리 사실 아무 도움 글쎄 모둠 수업 프로젝트 수업 필요 아이 못하 모국어 정작 이해 분석 구조 시키 과정 거의 해내 아이 아이 글쎄 생각 교과서 반드시 필요
1dR6POZYN50,“AI디지털교과서 손본다”… 98% 도입 대구 운명은?ㅣTBC뉴스,@girl-mu2sd,"중3교실 참관수업 가보니 수학시간인데 애들이 선생님 설명은 안듣고 다른 페이지 열어보고, 선생님은 그거 제지시키느라 수업 계속 끊기고... 
디지털교과서는 정말 그냥 도구일 뿐이지 교과서로는 절대 안되겠더라구요.",0.5788009,교실 참관수업 수학 시간 선생 설명 다른 페이지 선생 그거 제지 시키 수업 계속 끊기 디지털 교과서 정말 그냥 도구 교과서 절대
yG7JrRtFY08,어서와~ AI 디지털교과서 미리보기는 처음이지(중학교 영어편),@이파리-h7f,"이건 아닙니다. 
아이들에겐 독이 될듯 합니다.
선생님들은 좀편하실듯.. 누구를 위한 디지털교과서인지..",0.578712,이거 아니 아이 선생 편하 누구 위하 디지털 교과서
-ZUoWn6uvlc,(수업시연) AI 디지털교과서가 찾아왔어요 ㅣ 초등학교 4학년 수학,@불면봄바람,"외국에서는 도입했다 교육효과 전혀 없고 오히려 아이들 교육수준만 떨어져서 철회하거나 완전히 없애버린 디지털 교과서를 왜 도입하려는 것인지 설명해 보세요. 하물며 독서를 할 때도 패드로 보는 것과 종이책을 보는 것이 시폭 수준이나 역행 수준, 지문이해도 등이 달리 나오는데 전자기기로 공부를 하겠다구요? 그리고 화면에 다양한 수학교구들 나오는데 아날로그로 직접 만져보고 이해하는 것과 패드로 게임하듯 화면 전환되는 게 같다고 생각하시는지. 보조적인 도구로 쓰이는 것이지 모든 것을 ai로 해결하겠다는 생각은 누구 머리에서 나온 건가요?? 국가적 사업으로 눈먼 돈 먹으려는 게 아니고선 이런 멍청한 정책을 다들 반대하는데 밀어부친다는 건 이해할 수 없네요.",0.5783106,외국 도입 교육 효과 전혀 오히려 아이 교육 수준 떨어지 철회 완전히 없애 버리 디지털 교과서 도입 설명 하물며 독서 패드 종이 수준 역행 수준 지문 이해도 달리 나오 전자 기기 공부 그리고 화면 다양 수학 교구 나오 아날로그 직접 만지 이해 패드 게임 화면 전환 생각 보조 도구 쓰이 모든 해결 생각 누구 머리 나오 국가 사업 눈멀 아니 이런 멍청 정책 반대 부치 이해
K5xHXY8rgvw,AI디지털교과서 도입 첫해‥ 교실은 아직 '준비 중' (2025.05.07/뉴스데스크/춘천MBC),@아딩구,기존교육 시스템 강화하그 앞으로 미래세대를 위핫 ai교육지원 하는게 맞지 무슨 전자시스템 하나가 모든것을 해결가능 한것처럼 답없네,0.577109,기존 교육 시스템 강화 미래 세대 교육 지원 무슨 전자 시스템 하나 모든 해결 가능
QqBYIYTDHuQ,AI 디지털교과서' 어떻게 쓰나?…영어·수학 수업 참관해 보니｜지금 이 뉴스,@teiyun322,"참관수업 가봤더니 난리도 아님..시끄럽고 산만하고 도떼기시장인줄..  누구편하라고 저런걸 도입하는거냐. 집에서도 전자기기 절제시키느라 조심하는데.학교서 봉인해제되는 격..학교는 학교다워야지..전자교과서 저런수업은 학교안가도 다 집.학원 사교육에서 이미 다 접해본 방식아님? 굳이 학교 교실에서까지 저걸 써야함? 왜.애들 되게 산만하고 시끄럽고 발표할때 목소리도 안들리고 수업내내 어수선하던데.,제발좀 정신차리자...",0.5768311,참관수업 난리 아니 시끄럽 산만 도떼기시장 누구 편하 저런 도입 전자 기기 절제 시키 조심 학교 봉인 해제 학교 학교 전자 교과서 저런 수업 학교 학원 사교육 이미 접하 방식 아니 굳이 학교 교실 저거 되게 산만 시끄럽 발표 목소리 들리 수업 내내 어수선 제발 정신 차리
Hm2mj361syM,AI 디지털교과서가 오히려 격차 유발,@CHERISH_MIWOO,전혀 아니라고 봄 AI 하는순간 더 공부안할껄  글씨도 못쓰고 맞춤법은 더 엉망이 되고 지능은 더 떨어질껄 연필을 쓰면서 배우는게 더 좋다고 들었는데 수학은 어떻게 계산하려나 풀이과정을  필요한경우는,0.574958,전혀 아니 순간 공부 글씨 맞춤법 엉망 지능 떨어지 연필 배우 수학 어떻 계산 풀이 과정 필요 경우
D5lYwEBwrR0,사교육 대책의 핵심 AI 디지털 교과서,@dkc2018,"아이들은 흙, 물, 공기와 접촉을 늘려야함. 더 이상의 디지털은 아이들을 병들게 하고 있다는걸 지금 이 순간의 초중고 학생들에게서 보이는데 뭔 개소리야?",0.5747569,아이 공기 접촉 늘리 이상 디지털 아이 병들 지금 순간 초중고 학생 보이 개소리
D5lYwEBwrR0,사교육 대책의 핵심 AI 디지털 교과서,@한마음-i5j,그런거라면 온라인 교육도 많은데 굳이 학교에서 하겠다는건지....학부모들이 반대한다는데 왜 교육부 장관만 하겠다고 그러는지.  애들 입장에서 생각해 주시길.....,0.5745667,그런 온라인 교육 굳이 학교 학부모 반대 교육부 장관 그러 입장 생각
D5lYwEBwrR0,사교육 대책의 핵심 AI 디지털 교과서,@sdfjo1iu23,글도 못 쓰는 아이들이 디지털 교과서라고 효과적으로 학습이 될까?,0.57297385,아이 디지털 교과서 효과 학습
MgRCJjhSISs,"[이슈] 베일 벗은 AI 디지털교과서…1대1 맞춤형 학습 가능/'교육 격차' 줄인다지만…""문해력 저하·준비 부족""/2024년 12월 2일(월)/KBS",@user-wm3mz9mc1y,ㅎ ㅎ ㅎ 왜 그럼 사교육에서 ai교재사용안하겠어요. 사교육은 무조건 효과좋은거 쓰는데 ㅋ ㅋ ㅋ 영어단어외우기 리스닝같은건 앱개발해서 사용하는거 찬성이지만 결국 사교육에서도 다 종이책써요,0.57238543,그럼 사교육 교재 사용 사교육 무조건 효과 영어 단어 외우 리스닝 개발 사용 찬성 결국 사교육 종이
MgRCJjhSISs,"[이슈] 베일 벗은 AI 디지털교과서…1대1 맞춤형 학습 가능/'교육 격차' 줄인다지만…""문해력 저하·준비 부족""/2024년 12월 2일(월)/KBS",@mkml9133,부교재로는 활용가능할것 같은데 주교과서로는 부족해 보여요 저런 프로그램은 많아요  거기다가 아이들 온라인 수업해보면 집중 잘 못해요,0.5717132,교재 활용 가능 교과서 부족 보이 저런 프로그램 거기 아이 온라인 수업 집중
zc0SrejBP1s,"AI 디지털 교과서 도입, 공교육 강화 대책 (24.11.21.) | 정관용의 정책토론 | 국회방송",@김영환-t2t,"제발 학생들에게 디지털 기기 좀 쥐어주지 말자. 그렇게 하면 학생들 바보 된다고 이놈들아!!!  필기 도구(연필, 볼펜)로 직접 글을 쓰고, 친구들과 직접 대화하고 토론하고, 교사와 학생의 상호 작용에서 창의성과 인성이 길러진다 말이다.!!! 저출산으로 학생 수도 적은 마당에  또 기업에 교육권을 줄 셈이냐? 
이러다 망한다 망해, 정부 및 교육부 양반들아!!!!! 내가 당신 자녀들 과외 필요하면, 디지털 과외 프로그램 몇 개 던져 주면 기분 좋나???? 당신들 논리대로 하면, 이 세상의 모든 선생님, 강사, 교수들은 없어져야 한다. 그 대신 디지털 교과서와 관리자만 있으면 된다.
창의성과 인성은 디지털  프로그램의 구조화된 코스에서 나오지 않는다. 종이 교과서 속 내용과 또 내용의 여백에서 그 묘한 지적 호기심과 창의성이 나오는 법이다. 

어떤 것이든 현재의 체제를 부숴 버리면 자본 및 기업이 그것을 대체하게 된다. 그것이 의료계 현실이며, 지금의 교육부가 하려고 하는 만행이다. 디지털 교과서 시스템에 익숙해져 버리면, 다시 종이 교과서로 돌아올 때 얼마나 힘이 들까 생각하니 한숨밖에 안 나온다.",0.5701878,제발 학생 디지털 기기 그렇 학생 바보 이놈 필기 도구 연필 볼펜 직접 친구 직접 대화 토론 교사 학생 상호 작용 창의 인성 기르 출산 학생 마당 기업 교육 이러 망하 망하 정부 교육부 양반 당신 자녀 과외 필요 디지털 과외 프로그램 던지 기분 당신 논리 세상 모든 선생 강사 교수 없어지 대신 디지털 교과서 관리자 창의 인성 디지털 프로그램 구조 코스 나오 종이 교과서 내용 내용 여백 묘하 호기심 창의 나오 어떤 현재 체제 부수 버리 자본 기업 그것 대체 그것 의료 현실 지금 교육부 만행 디지털 교과서 시스템 익숙 버리 다시 종이 교과서 돌아오 얼마나 생각 한숨 나오
-ZUoWn6uvlc,(수업시연) AI 디지털교과서가 찾아왔어요 ㅣ 초등학교 4학년 수학,@hippy_s,"똘똘한 4명 데리고 수업하면 AI교과서 아니라 뭘 해도 잘 됩니다. 이걸 수업시연이라고...😂 
실제 현장에선 2n명 데리고 수업해야 하고요, 학습흥미가 없는 중하위권 친구들은 선생님이 1:1로 붙어서 계속 더 쉽게, 더 쉽게 설명해줘야 그나마 이해 할랑말랑 합니다.
 
어른들도 태블릿으로 공부하는 거 유혹이 너무 많다고 하고, 눈에도 안 좋다고 하는데, 애들한테 이게 진짜 좋은 거라고 생각하시는지? 중고등은 모르겠지만, 초등은 AI 교과서가 들어오는 게 옳지 않다고 생각합니다. 물론 장점도 있겠지만 그 장점을 소화할 인지적 능력도 다 발달하지 않았고 단점이 더 커보입니다.

(그리고... 댓글 알바 쓰시는 건지... 참...)",0.5699853,똘똘 데리 수업 교과서 아니 이거 수업 시연 실제 현장 데리 수업 학습 흥미 중하위 친구 선생 1:1 계속 설명 그나마 이해 말랑 어른 태블릿 공부 유혹 이것 생각 중고등 모르 초등 교과서 들어오 생각 물론 장점 장점 소화 인지 능력 발달 단점 보이 그리고 댓글 알바
yG7JrRtFY08,어서와~ AI 디지털교과서 미리보기는 처음이지(중학교 영어편),@메롱-u6n,AI지만 조기에 정서적 지원과 지도가 가능하다고 하는 점에서는 긍정적으로 생각이 듭니다. 또한 첨삭도 가능하고 오답노트 기능도 있어서 잘 활용한다면 유익할 것 같습니다. 무엇보다도 역기능(MDM)학부모들의 우려를 조금은  잠재울 수 있을 것 같은 기대감이 듭니다. 디벗을 가정에서도 연계하여 학습한 다면 공교육의 신뢰도가 더 높아질 수 있을 것같네요. 다른 과목들도 이 시스템과 유사한지 궁금하네요~,0.569242,조기 정서 지원 지도 가능 긍정 생각 또한 첨삭 가능 오답 노트 기능 활용 유익 무엇 역기능 학부모 우려 조금 잠재우 기대감 디벗 가정 연계 학습 다면 공교육 신뢰도 다른 과목 시스템 유사 궁금
-ZUoWn6uvlc,(수업시연) AI 디지털교과서가 찾아왔어요 ㅣ 초등학교 4학년 수학,@EsteyGrey,"댓글들 기괴하네요. 미국 실리콘밸리 부모들은 14세 미만은 전자기기 스마트폰 등 사용못하게하고 아날로그로 교육하는 풍조라는데, 유럽국가들도 습득력 이슈로 패드에서 종이책으로 전환하는 이 마당에 교사학부모 80%이상이 반대하는 정책을 강제로 밀고나가려는 저의가 너무나 투명하고 어른들의 눈먼 이익실현을 위해 실험대에 올라가야하는 아이들이 안타까울 따름입니다.",0.5691481,댓글 기괴 미국 실리콘밸리 부모 미만 전자 기기 스마트폰 사용 아날로그 교육 풍조 유럽 국가 습득 이슈 패드 종이 전환 마당 교사 학부모 이상 반대 정책 강제 나가 저의 너무나 투명 어른 눈멀 이익 실현 위하 실험 올라가 아이 안타깝 따름
JH1H3o8XdVI,THE인터뷰_정제영 원장 1부: AI 디지털 교과서 편,@이은정-z7o2q,"아이언맨의 비서 자비스, 선생님의 보조도구 AIDT! 교사의 역할이 지식전달자에서 더 나아가 학습지원자,지지자의 역할로 강화되고, 학부모가 학생의 매일 학습정도를 확인할 수 있어 가정연계 지도가 가능해 지면 좋을것 같아요.학부모도 내아이를 객관적으로 볼수 있는 기회가 될거라 기대해봐요.",0.5689984,아이언맨 비서 자비스 선생 보조 도구 교사 역할 지식 전달자 나아가 학습 지원자 지지자 역할 강화 학부모 학생 매일 학습 정도 확인 가정 연계 지도 가능 학부모 아이 객관 기회 기대
-ZUoWn6uvlc,(수업시연) AI 디지털교과서가 찾아왔어요 ㅣ 초등학교 4학년 수학,@옳은일,"디지털 교과서 반대!!!
문해력 바닥됩니다.
4명모아놓고 저게 과연 수업인가요? 
현실과 뒤떨어진 시연이네요. 수업분량이 많은데,
저런수업을 할수있다는것이 말이 않되고
 홍보영상일뿐이라는 극명한 진실",0.56738293,디지털 교과서 반대 문해 바닥 모으 저것 과연 수업 현실 뒤떨어지 시연 수업 분량 저런 수업 홍보 극명 진실
OcFXKUxiskw,AI디지털교과서로 공부하면 벌어지는 일 / 내년 수업 방식에 미리 대비해야 하는 이유,@sybookdang,"전 세계 유래없는 디지털 교과서 아이들에게 도움이 될 거라고 생각하지 않아요. 정말 극소수만 도움이 될까요? 전 병행하는 게 좋다고 생각하지만, 제발 다시 돌이키길 바랍니다. 어른도 자기 조절력이 어려운데... 이것을 어린이에게 접한다? 전 판타지라고 생각합니다.",0.56732845,세계 유래 디지털 교과서 아이 도움 생각 정말 극소수 도움 병행 생각 제발 다시 돌이키 바라 어른 자기 조절 어렵 이것 어린이 접하 판타지 생각
JC35hy4u1mo,"AI 디지털교과서(AIDT), 도입해야할까? ｜토론으로 알아보는 교육정책",@choiyoojinn,"AI디지털교과서 토론 재밌네요~ 학생들이 정말 똑똑하게 말도 잘하고..! 저도 생각이 이랬다가 저랬다가 자꾸 설득당하게 됩니다..ㅎㅎ 저는 아직은 그래도 종이책이 더 필요하는 입장이어서요... 글쎄 아직은 AI교과서 도입은 좀 이르지 않을까 싶은 마음입니다 ㅠㅠ 
다음 토론은 그저 외우기만 하는 공부 방식에 대해서 해보면 좋을 것 같습니다! 아직도 다양한 과목들에서 선생님들이 그냥 외워! 라는 이야기를 많이 하시거든요... 학생들이 어떻게 생각할지 너무 궁금합니다!",0.5660464,디지털 교과서 토론 재밌 학생 정말 똑똑 생각 이렇 저렇 자꾸 설득 당하 아직 그래도 종이 필요 입장 글쎄 아직 교과서 도입 이르 마음 다음 토론 그저 외우 공부 방식 아직 다양 과목 선생 그냥 외우 이야기 많이 학생 어떻 생각 궁금하
ZOp_tXkpPH0,[단독] 말 많고 탈 많은 'AI 교과서'…교육자료로도 못 쓴다? / SBS 8뉴스,@TiTiHealingmusic,AI시대에 중요한건 아날로그 교육. 디지탈 기기의 과도한 사용으로 인간의 뇌가 퇴화하고 있다.ㅠㅠ,0.5631813,시대 중요 아날로그 교육 디지탈 기기 과도 사용 인간 퇴화
QqBYIYTDHuQ,AI 디지털교과서' 어떻게 쓰나?…영어·수학 수업 참관해 보니｜지금 이 뉴스,@Ladaengi,AI 업체에서 얼마나 받아 처먹었으면 별거도 아닌걸로 이렇게 판을 키워서 놓았을까,0.5611367,업체 얼마나 처먹 아니 이렇 키우
JH1H3o8XdVI,THE인터뷰_정제영 원장 1부: AI 디지털 교과서 편,@늘푸른-k2b,"대부분엄마들은 디지털교과서 반대합니다!
문해력 떨어지는 아이들 너무 많아요. 독서 수업 늘리고 한자수업 해주세요",0.56096923,대부분 엄마 디지털 교과서 반대 문해 떨어지 아이 독서 수업 늘리 한자 수업
D5lYwEBwrR0,사교육 대책의 핵심 AI 디지털 교과서,@oldboy0202,"학교는 학습만 하는 곳이 아니다.
공감, 소통교육 중요하고?
Ai로 점점 인간들의 교류줄어들고 그 부분은 예체능으로 메꾸든?
점점 예체능으로 메마른 감정, 정서채워야하고?
학습적으로는 좋음.
잘 만들었음.
그러나 전수업을 태블릿으로 하는 건 반대임.
집에서 나머지 보완하든?
기계화로 점점 소통줄어드는데 학교교육까지?
세계 최초 마케팅한다 아이들 망침.
기계는 한 대씩 지원하되, 수업은 오후 2시간정도?
밥먹고 잠오니 게임처럼이 좋지?
아침 9시가 집중도가 가장 좋은 때인데?
그 때 책으로 집중, 통제능력길러줘야지?
이건 아니지?",0.5589802,학교 학습 아니 공감 소통 교육 중요 점점 인간 교류 줄어들 부분 예체능 메꾸 점점 예체능 메마르 감정 정서 채우 학습 만들 그러나 수업 태블릿 반대 나머지 보완 기계 점점 소통 학교 교육 세계 최초 마케팅 아이 망치 기계 지원 수업 오후 시간 정도 게임 아침 집중도 가장 집중 통제 능력 기르 이거 아니
-ZUoWn6uvlc,(수업시연) AI 디지털교과서가 찾아왔어요 ㅣ 초등학교 4학년 수학,@츄피츄피츄,"5:54 AI디지털교과서의 다양한 수학교구가 가장 인상깊었어요!
다양한 수학 교구를 통해 아이들이 능동적으로 학습하면서 수학적 사고력과 창의력을 기를 수 있는데 정말 많은 도움될것같아요!
어려운 개념도 직접 그 원리를 AI디지털 교과서로 학습하면서 책으로 풀때보다 훨씬 직관적인 이해가 가능할것같구요! 
이번 수업 시연을 통해 AI디지털 교과서에 기존에 갖고있던 선입견과 걱정이 많이 줄어들었네요! 좋은 내용 감사합니다 :)",0.55852336,5:54 디지털 교과서 다양 수학 교구 가장 인상 다양 수학 교구 통하 아이 능동 학습 수학 사고력 창의력 기르 정말 도움 어렵 개념 직접 원리 디지털 교과서 학습 훨씬 직관 이해 가능 이번 수업 시연 통하 디지털 교과서 기존 선입견 걱정 많이 줄어들 내용 감사
kMRBxDBbUas,"AI디지털교과서 논란, 핵심이 무엇인지 딱 알려드립니다!(교육대기자)[이슈따라잡기]",@hisat30,교육자료로는 활용할수있다고하지만 교과서는 절대 안된다고 생각합니다. 아이들에게 사고할 시간을 주세요. 사교육에도 패드수업은 많구요. 개개인이 선택할수 있는데 왜 굳이 교육부에서 이런 교육과정을 시행하려하는건가요! 제발 중단해주세요.,0.5579852,교육 자료 활용 교과서 절대 생각 아이 사고 시간 사교육 패드 수업 개개인 선택 굳이 교육부 이런 교육 과정 시행 제발 중단
kMRBxDBbUas,"AI디지털교과서 논란, 핵심이 무엇인지 딱 알려드립니다!(교육대기자)[이슈따라잡기]",@양양-1,"AI교과서 반대합니다.
제발 좀 바른 정책을 좀 하세요 
학부모님 의견은 수렴하지 않나요?",0.5562526,교과서 반대 제발 바르 정책 학부모 의견 수렴
yG7JrRtFY08,어서와~ AI 디지털교과서 미리보기는 처음이지(중학교 영어편),@SDGs지킴이,내년에 도입될 ai dt가 더더욱 기대가 되는 영상입니다. 학생 교사 모두 만족하는 교과서가 되길 바라봅니다.,0.5538255,내년 도입 더더욱 기대 학생 교사 모두 만족 교과서 바라
-ZUoWn6uvlc,(수업시연) AI 디지털교과서가 찾아왔어요 ㅣ 초등학교 4학년 수학,@utube989,6교시동안 디지털교과서를 보려면 죽겠다 ai교육이나 기초컴교육 수업이나 지원하면 더 좋겠다. 막상 애들 영상만 보지 컴터 oa 구글 활용못한다. 40분수업에 개념하고 몇문제나 채점해주길래 약점과 보완할점 알려준다고?하교후 복습시간에 단원평가나 풀고나서 확인될거고 중고생은 스스로 못느낄정도면 문제가 더 있지않나?이미 존재하는 ebs 초등이나 매쓰사이트 단추도 알지도 못하고 안보는 애들이?도서관에서 찾고싶은 주제의 자기수준에 맞는 관련책부터 찾는 훈련이 더 신뢰있고 검증된 정보를 얻는 연습이지,0.55355996,교시 동안 디지털 교과서 교육 기초 교육 수업 지원 막상 컴터 구글 활용 수업 개념 문제 채점 약점 보완 알리 하교 복습 시간 단원 평가 확인 스스로 느끼 정도 문제 이미 존재 초등 매쓰사이트 단추 못하 도서관 주제 자기 수준 관련 훈련 신뢰 검증 정보 연습
kMRBxDBbUas,"AI디지털교과서 논란, 핵심이 무엇인지 딱 알려드립니다!(교육대기자)[이슈따라잡기]",@greenlove1124,디지털교과서 반대합니다. 교육대기자 좀 더 힘내주세요!,0.55351114,디지털 교과서 반대 교육 대기자 힘내
OcFXKUxiskw,AI디지털교과서로 공부하면 벌어지는 일 / 내년 수업 방식에 미리 대비해야 하는 이유,@laelsworld1116,"이 또한 가정 마다 격차가 크겠네요. 컴퓨터가 집집 마다 다 있는 것도 아니고 부모가 다 컴퓨터를 잘하는 것도 아니고 디지털 사용에 다 긍정적인 것도 아니라 가정에서의 역할이 하나 또 늘어난  것 같아요. 작은 것부터 세심하게 신경 써주는 가정의 아이들은 오히려 디지털 사용 능력 또 하나  생기는 것이므로 새로운 격차가 생길것도 같네요. 이것도 학원이 생기는 거 아닌가 싶네요~~ 새로운 문물에 대해 무조건 적인 반대보다 오히려 그것을 어떻게 활용하여 아이의 능력을 끌어줄 것인가에 더 관심이 가는 편이라  기대도 됩니다. 다만, 현장에서 가르치시는 교사들이 격차가 걱정됩니다. 디지털이 익숙한 교사들이 있고 그렇지 못한 교사들이 있어 연수로 해결되는지 걱정이 되네요.",0.5526898,또한 가정 격차 컴퓨터 집집 아니 부모 컴퓨터 아니 디지털 사용 긍정 아니 가정 역할 하나 늘어나 세심 신경 가정 아이 오히려 디지털 사용 능력 하나 생기 새롭 격차 생기 이것 학원 생기 아니 새롭 문물 조건 반대 오히려 그것 어떻 활용 아이 능력 관심 기대 다만 현장 가르치 교사 격차 걱정 디지털 익숙 교사 그렇 못하 교사 연수 해결 걱정
JC35hy4u1mo,"AI 디지털교과서(AIDT), 도입해야할까? ｜토론으로 알아보는 교육정책",@slacker3512,"학생들이 AIDT에 대한 자신의 생각을 논리적으로 표현하고 토론하는 모습이  정말 보기 좋았습니다. 👍
특히 서책형 교과서와 디지털 교과서의  장단점을  객관적으로  비교하고,  사회적  합의의  중요성을  언급한  부분이  인상  깊었습니다.
코로나19  팬데믹  이후  디지털  교과서  활용이  늘어나면서  학생들의  문해력  저하  문제가  제기되고  있는데,  이에  대한  우려를  표명하고  
서책형  교과서의  필요성을  강조한  것은  매우  시의적절 했다고  생각합니다.
앞으로도  이처럼  다양한  교육  주제에  대한  토론  영상을  통해  학생들의  생각을  듣고,  교육  현장의  목소리를  반영하는  콘텐츠를  만들어  주시면 감사하겠습니다
다음 주제로는 대학방식 처럼 수업을 찾아서 듣는 학점제 방식 도입에 대해서 한번 검토해봐야 되지 않을 까요?",0.5524639,학생 자신 생각 논리 표현 토론 모습 정말 특히 서책 교과서 디지털 교과서 장단점 객관 비교 사회 합의 중요 언급 부분 인상 코로나 팬데믹 이후 디지털 교과서 활용 늘어나 학생 문해 저하 문제 제기 우려 표명 서책 교과서 필요 강조 매우 시의 적절 생각 다양 교육 주제 토론 통하 학생 생각 교육 현장 목소리 반영 콘텐츠 만들 감사 다음 주제 대학 방식 수업 학점 방식 도입 검토
OcFXKUxiskw,AI디지털교과서로 공부하면 벌어지는 일 / 내년 수업 방식에 미리 대비해야 하는 이유,@FutureKimks,아이들 시력이나 전두엽엔 신경쓰지 않는 디지털 교과서라니.. 종이와 디지털의 장단이 분명 있는데 디지털만 최고라는 기준은 과연 어디서 온건지...,0.54971373,아이 시력 전두엽 신경 디지털 교과서 종이 디지털 장단 분명 디지털 최고 기준 과연 어디
aPKIJOp51Gs,두 선생님의 AI 디지털교과서 활용기│클래스 업! 교실을 깨워라,@ireen1630,넘 좋아요 디지털 교육,0.549628,디지털 교육
uf4_FfcWmzk,[🕵🏻AI 디지털교과서 미리보기] 초등학교  영어편,@오언주-d5o,이미 여러 업체에서 나온 온라인 학습 자료를 학교에서 일괄 구매.  결국 준비물 등 아이들에게 쓰일 예산을 업체에게 몰아주게 되겠네요. 디지털교육업체는 좋겠네요.,0.54872334,이미 여러 업체 나오 온라인 학습 자료 학교 일괄 구매 결국 준비물 아이 쓰이 예산 업체 몰아주 디지털 교육 업체
nlCMI3Lne88,"[이백규 인터뷰] AI 디지털 교과서, 공정한 대입 부른다...윤석열 표 교육개혁은?ㅣ 이주호 교육부 총리",@ck6554,"디지털AI 시대, 신세계네요.",0.54578996,디지털 시대 세계
zc0SrejBP1s,"AI 디지털 교과서 도입, 공교육 강화 대책 (24.11.21.) | 정관용의 정책토론 | 국회방송",@minamin-phd,디지털 문해력의 중요성이 디지털 디바이스를 교과서로 만들어야 된다는 주장을 뒷받침하는데 쓰인다는것도 참 놀랍습니다. 이 정책을 위한 논의에 컴교 교수뿐만 아니라 다양한 분야의 교수와 전문가를 초대하는것이 시급해 보입니다.,0.54549927,디지털 문해 중요 디지털 디바이스 교과서 만들 주장 뒷받침 쓰이 놀랍 정책 위하 논의 교수 아니 다양 분야 교수 전문가 초대 시급 보이
YWw1QP4l3QQ,"새학기 두 달 앞두고 AI교과서 좌초 위기...""재의요구 건의"" / YTN",@bombom5197,"학부모도 교육계도 원치않고
특히 많이 어린 학생 초1부터  저걸 교과서로 급작스럽게 한다는거에 너무반대임.

지능 정서 건강 모든것에 좋지않고 
폰  sns도 다를 나라들은 미성년자 금지한다는  세계시류에도 역행하는  

딱  저거파는 사람 이랑 관계되는 사람만 좋아할제도",0.54430723,학부모 교육 특히 많이 어리 학생 저거 교과서 급작스럽 반대 지능 정서 건강 모든 다르 나라 미성년자 금지 세계 시류 역행 저거 관계 좋아하 제도
D5lYwEBwrR0,사교육 대책의 핵심 AI 디지털 교과서,@해물낚시광,"일반 교과서는 교과서에 인쇄된 내용의 예시만 보고 이해 해야함. 그림과 글로만이해해야 하며 개인 이해도에 따라 추가로 과외를 해야 여러 예시를 접할수 있음.

ai교과서는 문제 또는 예시가 이해가 될때까지 다른 예시를 볼수 있음. 또 응용방법에 대해 더 알려줄수 있음.
그림. 영상. 글. 소리를 통해 배우고 학생 개인 능력에 따라 수업의 난이도를 조정할수 있음. 
여기서 ai교과서에 핵심기능은  이해할수 있을때까지 교육 가능하다는 것",0.5435493,일반 교과서 교과서 인쇄 내용 예시 이해 그림 이해 개인 이해도 따르 추가 과외 여러 예시 접하 교과서 문제 또는 예시 이해 다른 예시 응용 방법 알리 그림 소리 통하 배우 학생 개인 능력 따르 수업 난이도 조정 여기 교과서 핵심 기능 이해 교육 가능
yG7JrRtFY08,어서와~ AI 디지털교과서 미리보기는 처음이지(중학교 영어편),@알파벳-Alphabet,문해력 문해력하는데 ..... 디지털교과서라니... 말이 좋아 디지털 교과서이고... 홈런 등 교육스마트기기와 무슨차이인지..... 오히려 이런걸로 아이들에게 관심이 덜한건 아닐지... 참..... 누구머리인지...,0.5435021,문해 문해 디지털 교과서 디지털 교과서 홈런 교육 스마트 기기 무슨 차이 오히려 이런 아이 관심 아니 누구 머리
t_s5gfG3ORw,"""10만 명 여론조사를 못 믿어요?"" AI 디지털교과서 여론조사 못 믿는 장관에게",@Anne123-r9i,"초등 학부모입니다. 전자책 도 포함하여 자료병행용으로도 무효화해야합니다.
십년전부터 종이책이 전자책보다 해득면에서 월등히 효과가 있다. 전자책은 해득이 떨어진다고 많은 연구결과가 언론을 통해 보도가 되었습니다. 떨어진 문해력을 더 떨어뜨리기 때문에 ai교과서를 반대합니다",0.541834,초등 학부모 전자책 포함 자료 병행 무효 종이 전자책 해득 월등히 효과 전자책 해득 떨어지 연구 결과 언론 통하 보도 떨어지 문해 떨어뜨리 때문 교과서 반대
kMRBxDBbUas,"AI디지털교과서 논란, 핵심이 무엇인지 딱 알려드립니다!(교육대기자)[이슈따라잡기]",@나는나-x9z,"AI교과서는 안됩니다
학부모라면 반대이유를 알겁니다
대부분선생님도 반대입니다

제발 애들 교육은 신중에 신중을 기해야 합니다",0.54033124,교과서 학부모 반대 이유 부분 선생 반대 제발 교육 신중 신중 기하
fFdZcyDnWnM,AI 디지털교과서 추진 방안,@hji2981,08:05 학교에선 A라는 디지털교과서가 선정되었어도 B라는 디지털교과서를 사용하는 것도 가능하다,0.539667,08:05 학교 디지털 교과서 선정 디지털 교과서 사용 가능
MgRCJjhSISs,"[이슈] 베일 벗은 AI 디지털교과서…1대1 맞춤형 학습 가능/'교육 격차' 줄인다지만…""문해력 저하·준비 부족""/2024년 12월 2일(월)/KBS",@star-edu,ai디지털교과서 이대론 안됩니다. 공교육의 위기를 불러올 수 있습니다.,0.53895825,디지털 교과서 이대로 공교육 위기 불러오
-ZUoWn6uvlc,(수업시연) AI 디지털교과서가 찾아왔어요 ㅣ 초등학교 4학년 수학,@hongsh147,6:36  학생 맞춤 교육을 통해 모든 아이들을 위한 개인 선생님이 있는 것 같은 교육이 가능하네요.,0.53341055,6:36 학생 맞춤 교육 통하 모든 아이 위하 개인 선생 교육 가능
yG7JrRtFY08,어서와~ AI 디지털교과서 미리보기는 처음이지(중학교 영어편),@stella-pi9wn,"예상보다 퀄리티가 좋네요. 많은 부모들이 우려하는 방향이 스마트기기 과의존에 대한 우려를 하고 있는데, 학교에서 ai 수준별 학습을 해준다면 가정에서는 조금 더 독서나 음미체나 과학실험 역사 탐험 등과 같은 다양한 체험적 활동을 서포트 해주면 전인적 발달을 돕는게 중요해지겠네요.  어차피 지금도 가정에서 패드학습 많이하는데 그걸 교육부에서 가정에서도 활용할 수 있도록 지원해주는 거라면, 저는 긍정적인 효과가 더 클 것 같다 기대합니다.",0.53245616,예상 퀄리티 부모 우려 방향 스마트 기기 의존 우려 학교 수준 학습 가정 조금 독서 음미 과학 실험 역사 탐험 다양 체험 활동 서포트 전인 발달 중요 어차피 지금 가정 패드 학습 많이 그거 교육부 가정 활용 지원 긍정 효과 기대
K5xHXY8rgvw,AI디지털교과서 도입 첫해‥ 교실은 아직 '준비 중' (2025.05.07/뉴스데스크/춘천MBC),@antifragile7,"교직 수행 여부를 떠나 어른조차도 1년에 책 한 권 읽지도 않아서 문해력이 개판인데
디지털 교과서? 내 장담하는데 원래 공부했던 애들은 그대로 상위권 대학에 갈 가능성이
높고 안 했던 애들은 계속 대가리를 비우게 될 거다, 어떤 시키 아이디어인지.... 참내;;;;;",0.5308429,교직 수행 여부 떠나 어른 문해 개판 디지털 교과서 장담 원래 공부 그대로 상위 대학 가능 계속 대가리 비우 어떤 시키 아이디어 참내
MgRCJjhSISs,"[이슈] 베일 벗은 AI 디지털교과서…1대1 맞춤형 학습 가능/'교육 격차' 줄인다지만…""문해력 저하·준비 부족""/2024년 12월 2일(월)/KBS",@small-store,수능이 목표인 교육에서 사교육을 이길수없다. 사교육 저만큼 앞서가면 공교육은 세금버려가며 뒤따라가는게 교육현실이다.,0.5301062,수능 목표 교육 사교육 이기 사교육 저만큼 앞서 공교육 세금 버리 뒤따라가 교육 현실
VRyVZG_q8SQ,종이 없는 AI 디지털 교과서 시대 열린다 [AI 교과서 도입]① [9시 뉴스] / KBS  2024.03.14.,@lifeextension9217,"학교 시설이나 좀 바꿔라...이건 뭐 ..... 개발도상국 수준의 학교 건물도 못 벗어 나는 주제에, 정신좀 차리자....일단 교육환경 개선이 먼저고, 그다음 전자 교과서 시대로 가는게 맞다. 학교 시설이 다른 선진국에 비해 너무 후지다.",0.5294574,학교 시설 바꾸 이거 개발 도상국 수준 학교 건물 주제 정신 차리 일단 교육 환경 개선 먼저 다음 전자 교과서 시대 학교 시설 다른 선진국 비하 후지
r3caRRBNAn0,"AI 디지털교과서, 애초부터 무효였다?!",@happymrsandman,"오늘 라디오 나와서 AI교과서 학부모들이 눈빠지게 기다리고 있다고 말하던데, 제정신인가요? 지금 해외에는 디지털 교과서 도입 후 애들이 망가져서 다시 종이책으로 넘어가고 있는데 우리나라 미래를 책임질 애들을 다 망쳐서 나라 망칠 생각입니까? 정말 화가나네요.",0.52906835,라디오 나오 교과서 학부모 빠지 기다리 제정신 지금 해외 디지털 교과서 도입 망가지 다시 종이 넘어가 우리나라 미래 책임지 망치 나라 망치 생각 정말
K5xHXY8rgvw,AI디지털교과서 도입 첫해‥ 교실은 아직 '준비 중' (2025.05.07/뉴스데스크/춘천MBC),@김강옥-x4b,"코미디여 코미디.
디지털교과서라더니 현재 이미 사용중인 태블릿 수준도 안되고.
내용도 안좋고.
더 문제는 디지털교과서에 늘봄에 돈 다 때려박아놓으니
돈이 없는지 학교에 들어오는 유무선 인터넷 회선 속도를 절반으로 줄여놨더라.
디지털교과서를 쓰는데 인터넷이 느려서 수업진행이 힘든 상황이 
코미디가 아니면 뭐겠냐...",0.52752614,코미디 코미디 디지털 교과서 현재 이미 사용 태블릿 수준 내용 문제 디지털 교과서 때리 학교 들어오 유무선 인터넷 회선 속도 절반 줄이 디지털 교과서 인터넷 느리 수업 진행 힘들 상황 코미디 아니
1dR6POZYN50,“AI디지털교과서 손본다”… 98% 도입 대구 운명은?ㅣTBC뉴스,@apollo0006,"10년동안 뭐하다 이제 선생들 참여시키라고...
선생이 직접 디지털 교재 만들 수 있게 해놔도 쓰지도 않으면서 ...
유튜브 나오고 쓸 줄 아는 애들 몇이나 되었니 ?",0.52512497,동안 이제 선생 참여 시키 선생 직접 디지털 교재 만들 유튜브 나오
kMRBxDBbUas,"AI디지털교과서 논란, 핵심이 무엇인지 딱 알려드립니다!(교육대기자)[이슈따라잡기]",@MrDalzze,"교육에 전자식이 개입하는거는 옳지 않다고 보는 입장인데
과연 교육효과가??? 책보다 낫다고??
책으로 안하는 걸 ai로 바꾸면 잘하겠냐고
의미없음 
벌써 과제들을 ai로 해결하는 걸 보면 싹수가 보이는데",0.52508694,교육 자식 개입 입장 과연 교육 효과 바꾸 의미 벌써 과제 해결 싹수 보이
yG7JrRtFY08,어서와~ AI 디지털교과서 미리보기는 처음이지(중학교 영어편),@Hanna_0119-w7q,디지털 교과서라는게 새로 도입되는 교과서라 막연하게 느껴졌는데 어떻게 구성되는지 알게되어 좋네요~! 모쪼록 학생들과 교사들이 사용하기 편하도록 제작되었으면 좋겠습니다ㅎㅎㅎ,0.52466786,디지털 교과서 새로 도입 교과서 막연 느끼 어떻 구성 모쪼록 학생 교사 사용 편하 제작
QqBYIYTDHuQ,AI 디지털교과서' 어떻게 쓰나?…영어·수학 수업 참관해 보니｜지금 이 뉴스,@java458,"AI가 어디있는거야?
교사가 없어야지 AI지 
학교에 안가도 되는게 AI다",0.5241444,어디 교사 학교
QqBYIYTDHuQ,AI 디지털교과서' 어떻게 쓰나?…영어·수학 수업 참관해 보니｜지금 이 뉴스,@love-lovely0601,"디지털 교과서 전에는 단원평가 80점 이상 맞아오던 애가 디지털 수업후 65점 맞아옴, 집에서 내가 따로 가르치고 있음 이게 맞냐?",0.52392906,디지털 교과서 단원 평가 이상 디지털 수업 따로 가르치 이것
zc0SrejBP1s,"AI 디지털 교과서 도입, 공교육 강화 대책 (24.11.21.) | 정관용의 정책토론 | 국회방송",@minamin-phd,"미국 교대 교수입니다. 미국 공교육에는 크롬북이 다 들어가서 학생들 모두가 가지고 있습니다. 학교 현장에 가서 자주 수업 풍경을 보는데. 유치원 애들이 크롬북에서 학교 생활의 대부분을 보내는것을 보면. 어린 아이를 둔 학부모로써 크롬북이 의무가 아닌 사립 학교에 내 아이는 보내야겠다라는 생각이 강하게 듭니다. 고민정 국회의원이 말씀하신것처럼, 교사의 역량이 받쳐주지 못한 기술 혁신은 학생 통제 수준으로밖에 현장에서 사용되지 못한다는 점. 탁상 공론으로만 정책 결정을 고민하지 말고 이 정책을 실시하는 나라에서. 특히 모델/시범 학교만 말고 실제 평범한 아이들이 다니는 평범한 공교육 환경에서 어떻게 활용되는지 보고 더 논의하기를 바랍니다",0.52253604,미국 교대 교수 미국 공교육 크롬북 들어가 학생 모두 가지 학교 현장 자주 수업 풍경 유치원 크롬북 학교 생활 대부분 보내 어리 아이 학부모 크롬북 의무 아니 사립 학교 아이 보내 생각 강하 고민정 국회 의원 말씀 교사 역량 받치 못하 기술 혁신 학생 통제 수준 현장 사용 못하 탁상 공론 정책 결정 고민 정책 실시 나라 특히 모델 시범 학교 실제 평범 아이 다니 평범 공교육 환경 어떻 활용 논의 바라
kMRBxDBbUas,"AI디지털교과서 논란, 핵심이 무엇인지 딱 알려드립니다!(교육대기자)[이슈따라잡기]",@goqkfkrl-f6c,"10년 가량 AI디지털 교과서를  적극 도입한 필란드의 예를 참고한다면 절대로 AI디지털교과서를 도입해서는 안된다고 봐요.
A I 디지털 교과서를 사용한 학생들이 집중력과 학력 저하현상이 많이 나타나는 부작용이 있어서 다시 책으로 돌아갔다고 해요.
유럽의 선진국에서  학생들에게 가능한 휴대폰이나 디지털기기 사용을  금지하거나 줄이는 이유를 고려할 가치가 있다고 생각해요.",0.5217222,가량 디지털 교과서 적극 도입 필란드 참고 절대로 디지털 교과서 도입 디지털 교과서 사용 학생 집중력 학력 저하 현상 많이 나타나 부작용 다시 돌아가 유럽 선진국 학생 가능 휴대폰 디지털 기기 사용 금지 줄이 이유 고려 가치 생각
QqBYIYTDHuQ,AI 디지털교과서' 어떻게 쓰나?…영어·수학 수업 참관해 보니｜지금 이 뉴스,@user-zw1xy1ym5i,촬영하니까 협조 잘 해주네..저거 조작하느라고 애들 산만해지고 집중력 나락간다. 전자파에 눈 나빠지고.. 핸드폰 하느라 안그래도 책 안읽는 애들이 태반인데 교육부 정신 좀 차려라,0.5190023,촬영 협조 저거 조작 산만 집중력 전자파 나빠지 핸드폰 그래도 태반 교육부 정신 차리
OcFXKUxiskw,AI디지털교과서로 공부하면 벌어지는 일 / 내년 수업 방식에 미리 대비해야 하는 이유,@maxmax-yg7oc,"AI 디지털 교과서? 목적대로만 되면 정말 공교육의 혁신 그 자체인데 문제는 그것의 완성도지. 얼마나 자기 수준에 맞는 개인 맞춤 학습이 되고, 과도하게 기계적이지 않고, 자신에게 필요한 지식만 가져가게 할 수 있는지 그게 문제니까. 물론 일단 도입만 해 놓으면 충분히 수정 해 가면서 목적대로 가게 할 수는 있겠다만 문제는 그걸 만든 사람이 누구냐? 누가 돈을 버냐? 돈을 위해 그 수많은 사람들을 희생시키는건 말. 이. 안. 된. 다.",0.5178249,디지털 교과서 목적 정말 공교육 혁신 자체 문제 그것 완성도 얼마나 자기 수준 개인 맞춤 학습 과도 기계 자신 필요 지식 가져가 그것 문제 물론 일단 도입 충분히 수정 목적 문제 그거 만들 누구 누구 위하 수많 희생 시키
r3caRRBNAn0,"AI 디지털교과서, 애초부터 무효였다?!",@웅-h9t,제발 막아주세요 진짜 AI 디지털 교과서는 죽어도 결사반대입니다 ㅠㅡㅠ,0.51632655,제발 디지털 교과서 결사반대
kMRBxDBbUas,"AI디지털교과서 논란, 핵심이 무엇인지 딱 알려드립니다!(교육대기자)[이슈따라잡기]",@daegizatv,"새학기를 한달여 남겨둔 지금도 AI디지털교과서 논란은 진행중입니다. 오랜기간 논란을 지켜보면서 아쉬운 점과, 이제라도 생각해야 할 점을 담아봤습니다!!
📌AI교육플랫폼을 만든 살만칸의 이야기 '나는 AI와 공부한다' 
✔교보 : https://bit.ly/40rtQmG
✔예스 : https://bit.ly/4h5qXxd
✔알라딘 : https://bit.ly/4h86Z4Z",0.5147722,학기 남기 지금 디지털 교과서 논란 진행 오랜 기간 논란 지켜보 아쉽 이제 생각 교육 플랫폼 만들 살만 칸 이야기 공부 교보 예스 알라딘
OcFXKUxiskw,AI디지털교과서로 공부하면 벌어지는 일 / 내년 수업 방식에 미리 대비해야 하는 이유,@경남-z5u,"초등때는 연필잡고 직접써보고 해야한다고 생각함..저희 애들도 패드학습을 6살부터 초3까지 계속 하고 있는데도 패드학습과 종이책을 병행하는데.. 패드는 딱 인강으로 좋고 수학계산이나 국어 풀때는 직접 연필들고 풀어봐야 더 기억에 잘남는다고 딸아이도 나에게 말함.  저 디지털교과서는 중,고등학교때 하면 괜찮을거같음.  지금 아이톡톡때문에 학교에서 노트북 나눠준것도 하교시간되면 그거 펼쳐서 와이파이되는곳에 애들 앉아서 게임하고 앉았음..디지털기기 과잉시대..",0.5146395,초등 연필 직접 생각 저희 패드 학습 계속 패드 학습 종이 병행 패드 인강 수학 계산 국어 직접 연필 기억 딸아이 디지털 교과서 고등학교 괜찮 지금 아이톡톡 때문 학교 노트북 나누 하교 시간 그거 펼치 와이파이 게임 디지털 기기 과잉 시대
D5lYwEBwrR0,사교육 대책의 핵심 AI 디지털 교과서,@sophia4716,여보세요. 문제은행식으로 틀리면 계속 비슷한 문제로 풀라고 나오고 그게 애들한테 맞는 학습인가요? 사교육을 줄인다? 웃기지 마세요.,0.5128661,여보세요 문제 은행 틀리 계속 비슷 문제 나오 그것 학습 사교육 줄이 웃기
Hm2mj361syM,AI 디지털교과서가 오히려 격차 유발,@힘내라대한민국-h1m,"왜 종이로 안하고 디지털로 하는가?? 종이에서 대체할 수 없는 것만 디지털로 하면 된다. 
종이가 주는 장점이 큰데 그걸 무시하면 안된다. 
아울러 소외되는 사람이 없게 평등하게 교육하라.",0.51281404,종이 디지털 종이 대체 디지털 종이 장점 그거 무시 아울러 소외 평등 교육
ZOp_tXkpPH0,[단독] 말 많고 탈 많은 'AI 교과서'…교육자료로도 못 쓴다? / SBS 8뉴스,@아몰랑-f1o,교육부 하는 짓들이,0.51238656,교육부
8hw4k3-pSn4,고양이 단어도 인식 못하는 AI 디지털교과서?...전자사전보다 못하다,@린번엔진,"llm방식도 아니야, 빅데이터라고 하기에는 초라한 데이터양이야, 그림이나 기타등등 생성형도 아니야... 그냥 디지털로 교과서 보는건데 이걸 전면 시행하면 대채 뭐가좋은거고... 애초에 인터넷 안되고 수업끊기는건 불을보듯 뻔한데 이건 뭐 대책있어? 그떄 가가지고, 책 인쇄해달라고 부탁하게? 완전 교과서 전향은 욕심아닌가 진심... 아니 하다못해 디지털 교과서라고 해도 npu 사용하는 자체ai라면 이해라도 하겠는데, 까놓고 빅데이터 구축한 서버-클라이언트 방식인데 진심 대가리 꺠고싶네. 좋은 표현으로 AI지, 나쁜표현으로 그냥 웹페이지 띄어놓고 수업하라는 소리아니야. 교과서 사용하라고 하는건 양심 어디있나?",0.5121287,방식 아니 빅데이터 초라 데이터 그림 기타 등등 생성 아니 그냥 디지털로 교과서 이거 전면 시행 애초 인터넷 수업 끊기 뻔하 이거 대책 가지 인쇄 부탁 완전 교과서 전향 욕심 아니 진심 아니 하다못해 디지털 교과서 사용 자체 이해 까놓 빅데이터 구축 서버 클라이언트 방식 진심 대가리 표현 나쁘 표현 그냥 페이지 수업 소리 아니 교과서 사용 양심 어디
-4vkoutI3MQ,AI 디지털교과서를 활용한 교사가 이끄는 교실혁명!!,@연산기계한국초딩들,"게임 같은 화려한 전개,캐릭터가 튀어나와 칭찬하는 화면 등 흥미 위주의 비디오 자극에 아이들 뇌가 무뎌질까 패드학습지 안시켰다.근데 학교에서 강제하네..",0.51208967,게임 화려 전개 캐릭터 튀어나오 칭찬 화면 흥미 위주 비디오 자극 아이 무디 패드 학습지 시키 근데 학교 강제
kMRBxDBbUas,"AI디지털교과서 논란, 핵심이 무엇인지 딱 알려드립니다!(교육대기자)[이슈따라잡기]",@noname-gm3hh,"ai 자체가 문제가 아니라, 제대로 할줄이나 아냐는게 문젭니다. ai 가 무슨 청소기 로보트 이런데도 막 갖다붙이는데 우리나라 아직 생성형 인공지능 구현도 제대로 못해서 한참 밀려나고 있는 시점인데, 혹시 초기버전 들고와서 말랑말랑한 우리 애들 대상으로 실험하면서 보완해나가는거 아닌가요?",0.5114274,자체 문제 아니 제대로 문제 무슨 청소기 로보트 이런 붙이 우리나라 아직 생성 인공 지능 구현 제대로 한참 밀려나 시점 혹시 초기 버전 말랑말랑 우리 대상 실험 보완 나가 아니
D5lYwEBwrR0,사교육 대책의 핵심 AI 디지털 교과서,@제이맘-p6l,과학고 자사고 소위 명문고에서 휴대폰걷는 이유를 좀 생각해봐라  결국 학원교사 일대일 맞춤교육 받으려고 사교육이 더 비싸지는거지~ 학원은 학교보다 더 똑똑하고 빠르다... 돈벌어야지,0.51140946,과학고 자사고 소위 명문고 휴대폰 이유 생각 결국 학원 교사 일대일 맞춤 교육 사교육 비싸 학원 학교 똑똑 빠르
JC35hy4u1mo,"AI 디지털교과서(AIDT), 도입해야할까? ｜토론으로 알아보는 교육정책",@육아는실전,"AI디지털교과서 도입에 대한 학생들의 토론 흥미롭게 잘 보았습니다.  시대의 흐름에 따라 적절히 활용됐을때 좋은점도 많을거라 생각되네요 ~ 학생입장에서 의견을 들어보았으니 다음토론은 AI디지털 교과서에 대해 교육자인 선생님들 시각에서 바라본 토론을 하면 학생과 선생님들의 견해를 같이볼 수 있어 재밌을거같아요
유익하고 좋은 콘텐츠 감사합니다❤",0.510791,디지털 교과서 도입 학생 토론 흥미 시대 흐름 따르 적절히 활용 생각 학생 입장 의견 다음 토론 디지털 교과서 교육자 선생 시각 바라보 토론 학생 선생 견해 같이 재밌 유익 콘텐츠 감사
8hw4k3-pSn4,고양이 단어도 인식 못하는 AI 디지털교과서?...전자사전보다 못하다,@아틀로스,아이들 교육에 완벽하지 못하고 점검도 이루어지지 않은 걸 학교 교과서로 사용하겠다고 하는 것 자체가 엄청 위험한 결정을 한다고 그게 장관이 할소린가 와...,0.50983995,아이 교육 완벽 못하 점검 이루어지 학교 교과서 사용 자체 엄청 위험 결정 그것 장관 소리
kMRBxDBbUas,"AI디지털교과서 논란, 핵심이 무엇인지 딱 알려드립니다!(교육대기자)[이슈따라잡기]",@bokhai-lee,선택에  영역 아닙니다  ~   지금껏   강제로  주입식  우린 정답을 강요 ~  실제론 답이 아님  ~   테슬라 처럼  실패에서  원인을 도출  빠른 피트백을 얻어  성과를 얻어 가야  ~   어짜피  AI 는  전문가 가 없음   평등함 ~ 인류 모두가 처음이다,0.509771,선택 영역 아니 지금껏 강제 주입식 우리 정답 강요 실제로 아니 테슬라 실패 원인 도출 빠르 피트백 성과 어짜피 전문가 평등 인류 모두 처음
-ZUoWn6uvlc,(수업시연) AI 디지털교과서가 찾아왔어요 ㅣ 초등학교 4학년 수학,@twincolorful,"25년전 아들이 초등학교 다닐 때 어느 날 아들의 책가방을 들어보고 엄청 놀랐어요 어른이 들어도 묵직해서 바로 교육청에 디지털교과서 제안했었음 다른건 기억이 나지않지만 일단 모든 교과서와 공책,참고서 등이 얇은 노트북(노트북 형태로 제안했었음)으로 들어가면 아이들은 노트북 하나만 달랑 들고가면 좋을테고 더더욱 효과적인건 자료가 바뀌면 인터넷에 접속된 상태에서 바로바로 업데이트가 가능해질거라는 점 당시 담당 장학사가 너무 이르다고 회신이 왔지요 모든 정책에는 장단점이 있으므로 특히 교육정책은 많은 생각이 필요하지요 다만 지금처럼 모든 대학을 서열화시켜놓고 한번의 시험으로 평가하는 체제로는 미래의 인재를 키워낼 수 없음",0.509716,아들 초등학교 다니 어느 아들 책가방 엄청 놀라 어른 묵직 바로 교육청 디지털 교과서 제안 다른 기억 일단 모든 교과서 공책 참고서 노트북 노트북 형태 제안 들어가 아이 노트북 하나 달랑 더욱 효과 자료 바뀌 인터넷 접속 상태 바로바로 업데이트 가능 당시 담당 장학사 이르 회신 모든 정책 장단점 특히 교육 정책 생각 필요 다만 지금 모든 대학 서열 시키 시험 평가 체제 미래 인재 키우
1dR6POZYN50,“AI디지털교과서 손본다”… 98% 도입 대구 운명은?ㅣTBC뉴스,@HkJung-un5jo,선생님이랑 눈 맞추면서 공부를 해도 이해를 못 하는 아이들이 수두룩한데~~개인별 맞춤형 학습에 AI라니?? 진짜 탁상공론입니다.  제발 원점에서 다시 논의 바랍니다.,0.5091398,선생 맞추 공부 이해 아이 수두룩 개인 맞춤 학습 탁상공론 제발 원점 다시 논의 바라
Hm2mj361syM,AI 디지털교과서가 오히려 격차 유발,@taiyang-hb4rl,가지가지 하네요 ~무슨 애들 눈 나빠진다고 핸드폰과 TV도 덜보게하는판에 이젠 학교에서 하루종일 그런걸로 공부하라니 격차도 격차지만 전자파니 뭐니 애들 건강이 더 걱정이 되네요,0.50849044,가지가지 무슨 나빠지 핸드폰 이제 학교 하루 종일 그런 공부 격차 격차 전자파 건강 걱정
D5lYwEBwrR0,사교육 대책의 핵심 AI 디지털 교과서,@sue5716,"교육을 한 명 한 명에게 알고리즘으로 편협한 부분만 보여주면 안되죠 교육이면 더더욱 
무슨 얼마나 해먹을라고 
애들 뇌망치기 프로젝트를 이렇게 거창하게 말하는고야",0.5083056,교육 알고리즘 편협 부분 보이 교육 더더욱 무슨 얼마나 망치 프로젝트 이렇 거창
JC35hy4u1mo,"AI 디지털교과서(AIDT), 도입해야할까? ｜토론으로 알아보는 교육정책",@김미경-z8b6t,"AI디지털교과서 도입에 대한 학생들의 의견이 어느때보다 열띤 논쟁이라서 인상깊게 보았으며 앞으로  더 다양한 주제로 영상을 볼 수 있었으면 하네요. 
앞으로 교육TV 유튜브 사이트가 더 많은 사람들의 관심과 격려로 더 많이 소통해서 더 다양한 활약과 변화된 모습 보여 주길 응원하며 기대할게요.",0.50783694,디지털 교과서 도입 학생 의견 어느 열띠 논쟁 인상 다양 주제 교육 유튜브 사이트 관심 격려 많이 소통 다양 활약 변화 모습 보이 응원 기대
t_s5gfG3ORw,"""10만 명 여론조사를 못 믿어요?"" AI 디지털교과서 여론조사 못 믿는 장관에게",@llillby10,교육부 장관이 웃긴게 세계 최고 수준의.우리나라 교사들을 AIDT보다 못한 수준으로 보고 있다는거 ㅎㅎ 교실의 수업을 니가 몇 번이나 봤다고... 애들이랑 수업 1주일만 해봐라 ㅎㅎ,0.50740755,교육부 장관 웃기 세계 최고 수준 우리 나라 교사 수준 교실 수업 수업 주일
K5xHXY8rgvw,AI디지털교과서 도입 첫해‥ 교실은 아직 '준비 중' (2025.05.07/뉴스데스크/춘천MBC),@H101-z4y,"내 자식은 이렇게 교육시키고 싶지 않다. 공부는 책에 필기하고, 내가 쓴 거 확인하고 찾아쓰고 이런 과정도 필요한데 디지털 책은 그럼 부분에서 북마크 활용해도 찾기 힘들고 활용도가 많이 떨어진다.",0.5070267,자식 이렇 교육 시키 공부 필기 확인 이런 과정 필요 디지털 그럼 부분 마크 활용 힘들 활용도 많이 떨어지
QqBYIYTDHuQ,AI 디지털교과서' 어떻게 쓰나?…영어·수학 수업 참관해 보니｜지금 이 뉴스,@vudghkfhqrp8345,효율적으로 지도하는데 도움이 될수도 있다 이거네요. 그런데 아이들에게 진짜 교육적으로 어떤 결과가 기대되는지 아직 모르지않아요? 아직은 저런 기계들이 보조적인 기능으로 쓰여야지 갑자기 싹다 바꾸면....,0.5050167,효율 지도 도움 이거 그런데 아이 교육 어떤 결과 기대 아직 모르 아직 저런 기계 보조 기능 쓰이 갑자기 바꾸
Hm2mj361syM,AI 디지털교과서가 오히려 격차 유발,@로봇태권브이-o9b,가정에서는 독서량 올린다고 아이방과 거실 벽면을 책으로 채우고 티비도 컴퓨터도 아이 휴대폰도 안방에 두는데 정책 방향이 잘 못 된 것 같다. 디지털 교과서 예산을 고등학교 의무 교육 유지하기 위한 예산으로 돌려라.,0.5049338,가정 독서 올리 아이 거실 벽면 채우 티비 컴퓨터 아이 휴대폰 안방 정책 방향 디지털 교과서 예산 고등 학교 의무 교육 유지 위하 예산 돌리
VRyVZG_q8SQ,종이 없는 AI 디지털 교과서 시대 열린다 [AI 교과서 도입]① [9시 뉴스] / KBS  2024.03.14.,@applemint4180,디지털 교과서 반대,0.50482,디지털 교과서 반대
VRyVZG_q8SQ,종이 없는 AI 디지털 교과서 시대 열린다 [AI 교과서 도입]① [9시 뉴스] / KBS  2024.03.14.,@저공비행-o9f,요즘 같은 시대일수록 종이책을 봐야합니다.뭐든 국민세금으로 갑자기 바꾸지 좀 맙시다.그리고 최소 선택권을 주세요.얼마전 기사에도 초등 교사가 아이들에게 스마트폰 금지하자고 하는데.눈건강도 그렇고.종이책을 읽으라고 독려해도 아쉬울판에 정부의 무대포 실행에 어이상실입니다.,0.5047039,요즘 시대 종이 국민 세금 갑자기 바꾸 그리고 최소 선택 얼마 기사 초등 교사 아이 스마트폰 금지 건강 그렇 종이 독려 아쉽 정부 대포 실행 상실
-ZUoWn6uvlc,(수업시연) AI 디지털교과서가 찾아왔어요 ㅣ 초등학교 4학년 수학,@Ground079,학부모와 교사들 심지어 애들도 거의 반대하는 걸 왜 한다는거야? 사용자들이 싫다는데 왜? 도대체 업체랑 얼마나 해처먹으려고?,0.5045937,학부모 교사 심지어 거의 반대 사용자 도대체 업체 얼마나 처먹
-ZUoWn6uvlc,(수업시연) AI 디지털교과서가 찾아왔어요 ㅣ 초등학교 4학년 수학,@jimini293,"6:32 학생의 맞춤형 문제풀이가 가장 마음에 드는 기능입니다
사실 학생들이 자신의 수준을 정확히 알기 어려운데 빅데이터 분석을 통해
장점과 약점을 정확히 알 수 있다면 향후 학습 계획을 세우는데 매우 
큰 도움이 될 것 같습니다",0.503242,6:32 학생 맞춤 문제 풀이 가장 마음 기능 사실 학생 자신 수준 정확히 어렵 빅데이터 분석 통하 장점 약점 정확히 향후 학습 계획 세우 매우 도움
QqBYIYTDHuQ,AI 디지털교과서' 어떻게 쓰나?…영어·수학 수업 참관해 보니｜지금 이 뉴스,@mins1215,저렇개 하도록 투자한 학교만 저렇지 다른 학교는 인터넷도 엄청 느리고 컴퓨터도 구식 투성이...서울 소재 학교 중에는 교실 컴퓨터 모니터가 늑대와 여우? 삼보 이런거 쓰더라. 전자칠판인데 컴퓨터는 TG삼보이라는..선생님들 수업하는데 컴퓨터 부팅해서 전자칠판 켜는데 5분 이상 잡아먹는다.,0.50321275,저렇 투자 학교 저렇 다른 학교 인터넷 엄청 느리 컴퓨터 구식 투성이 서울 소재 학교 교실 컴퓨터 모니터 늑대 여우 삼보 이런 전자 칠판 컴퓨터 선생 수업 컴퓨터 부팅 전자 칠판 이상 잡아먹
fvHp65N6VM8,AI 디지털 교과서 내년 도입…채택 논란은 격화 / KBS  2024.11.29.,@김영환-t2t,성장기 학생들을 클릭만 하는 좀비로 만들 셈인가?,0.50202477,성장기 학생 클릭 좀비 만들
Hm2mj361syM,AI 디지털교과서가 오히려 격차 유발,@rt567ff,교육에 관심 1도 없는 교육부,0.500796,교육 관심 교육부
MgRCJjhSISs,"[이슈] 베일 벗은 AI 디지털교과서…1대1 맞춤형 학습 가능/'교육 격차' 줄인다지만…""문해력 저하·준비 부족""/2024년 12월 2일(월)/KBS",@Game-Boy7179,일론 머스크 생각처럼 교육을 게임이랑 접목하면 시너지 어마어마할 것 같다 생각하는데 아직 이런 시도는커녕 아직도 게임을 저급하게 취급하는 교육자들이 많은게 안타까움,0.5006729,일론 머스크 생각 교육 게임 접목 시너지 어마어마 생각 아직 이런 시도 아직 게임 저급 취급 교육자 안타깝
MgRCJjhSISs,"[이슈] 베일 벗은 AI 디지털교과서…1대1 맞춤형 학습 가능/'교육 격차' 줄인다지만…""문해력 저하·준비 부족""/2024년 12월 2일(월)/KBS",@treeb9727,"문제를 도구로 해결하려는 해결방식은 아니라고 생각한다. 수학을 누구나 싸게 쉽게 접할 수 있는 환경 구성이 먼저라고 생각한다. 수학은 돈이 없으면 어려서부터 배울 수 없어 수포자가된다. 
초등학교 시험부터 부활하고 시험을 통해 피드백 활동을 강화해야 한다. 학교가 그걸 안해주니  돈있는 사람은 과외로 버티지만 돈 없는 사람은 시킬 수가 없어 수포자가 늘어난다...교권을 확립하여 학생에게 애정을 갖는 학교를 만들어야 한다..이게 본질이다",0.5002122,문제 도구 해결 해결 방식 아니 생각 수학 누구 접하 환경 구성 먼저 생각 수학 어리 배우 수포 초등학교 시험 부활 시험 통하 피드백 활동 강화 학교 그거 과외 버티 시키 수포 늘어나 교권 확립 학생 애정 학교 만들 이것 본질
JC35hy4u1mo,"AI 디지털교과서(AIDT), 도입해야할까? ｜토론으로 알아보는 교육정책",@아남카라-r3r,"진로 탐색 학기제 도입에 대해서 토론해 보면 좋을듯 ! 
중·고등학교에서 한 학기를 진로 탐색에 집중하도록 하는 제도의 도입에 대한 이야기가 
많이 나올수 있겠어요 ! 
학생의 진로에 대한 자율성과 실제 학업 성취도의 중요성을 비교하며 토론할 수 있어요.",0.49907723,진로 탐색 학기 도입 토론 고등학교 학기 진로 탐색 집중 제도 도입 이야기 많이 나오 학생 진로 자율 실제 학업 성취도 중요 비교 토론
YWw1QP4l3QQ,"새학기 두 달 앞두고 AI교과서 좌초 위기...""재의요구 건의"" / YTN",@Hannah-by,너무 잘됐네요. 감사합니다. 아이들에게 연필로 쓰는 기회를 박탈하려했던 교육부. 대체 누구를 위한 정책이라고 생각하고 추진을 하나요? 업체들과 가격협상을 위해 교과서로 쓴다고요? 종이보다 훨씬 비싼 것도 이미 알고 있고 아무리 저렴해지더라도 안쓰고 싶다고요!,0.49894947,감사 아이 연필 기회 박탈 교육부 대체 누구 위하 정책 생각 추진 업체 가격 협상 위하 교과서 종이 훨씬 비싸 이미 아무리 저렴
QqBYIYTDHuQ,AI 디지털교과서' 어떻게 쓰나?…영어·수학 수업 참관해 보니｜지금 이 뉴스,@wikfdmldsfuh,가뜩이나 성장기인 애들한테  전자파 노출되는데 스마트폰도 안좋은데... ai디지털교과서는 걍 애들 건강관리에 대한 의무를 무시하는 교육청의 직무유기임...,0.49886945,가뜩이나 성장기 전자파 노출 스마트폰 디지털 교과서 건강 관리 의무 무시 교육청 직무 유기
4Niolo0Avnk,"'교육자료' 된 AI 디지털교과서, 채택 여부 학교 선택에 맡긴다 [모잇슈] / EBS뉴스",@룰루랄라-k3m,교육부가 교육에는 관심없고 .....,0.49824023,교육부 교육 관심
yG7JrRtFY08,어서와~ AI 디지털교과서 미리보기는 처음이지(중학교 영어편),@seulki0613,이건 아님...안그래도 요즘애들 문해력 어휘력 딸리는데 전자기기로 수업한다고..?  외국에서 이미 실패해서 초기화시킨 정책을 굳이?   테스트도없이 막무가내로 도입한다고? 아이도 부모들도 교사들도 반대하는걸  눈 감고 귀 닫고 밀어붙이면되는거임?,0.49806243,이거 아니 그렇 요즘 문해 어휘력 딸리 전자 기기 수업 외국 이미 실패 초기 시키 정책 굳이 테스트 없이 막무가내 도입 아이 부모 교사 반대 밀어붙이
QqBYIYTDHuQ,AI 디지털교과서' 어떻게 쓰나?…영어·수학 수업 참관해 보니｜지금 이 뉴스,@쟈스-p6k,수학 배워가는 것도 버거운데.. 디지털 기기 익히는것까지 같이 배워야 하는 단계라 이중으로 힘듭니다. 버그 생기면 처음부터 다시 풀어야 합니다..,0.49761984,수학 배우 버겁 디지털 기기 익히 같이 배우 단계 이중 힘들 버그 생기 처음 다시
QqBYIYTDHuQ,AI 디지털교과서' 어떻게 쓰나?…영어·수학 수업 참관해 보니｜지금 이 뉴스,@양군-o7r,ai 가 뭔지 제대로 알지 못한 그냥 디지털 교과서 그게 다임. 최소한 ai수업이라면 그 학생답에 대해서 분석을 하고 상으로 또는 하로 내려 가서 다시 질문하고 그학생의 문제점을 스스로 파악할 수 있는 기능정도는 있어야 하는 거임. 근데 이건 그냥 그야말로 매일 매일 교과서 보는 거임. 보충수업하는정도이고 계속 화면 보고 있어야 함.,0.4967958,제대로 못하 그냥 디지털 교과서 그것 최소한 수업 학생 분석 또는 내리 다시 질문 학생 문제점 스스로 파악 기능 정도 근데 이거 그냥 그야말로 매일 매일 교과서 보충 수업 정도 계속 화면
D5lYwEBwrR0,사교육 대책의 핵심 AI 디지털 교과서,@F_humor,"야~ 리박스쿨 알지?
초등학생을 극우로 만들려 했냐?",0.49653903,리박스쿨 초등학생 극우 만들
zc0SrejBP1s,"AI 디지털 교과서 도입, 공교육 강화 대책 (24.11.21.) | 정관용의 정책토론 | 국회방송",@이꼬르선생,AI 업체와 무슨 이해관계가 있는지 확인해봐라. 뭐든 서두르는데는 구린데가 있는것이다,0.49585867,업체 무슨 이해관계 확인 서두르 구리
YWw1QP4l3QQ,"새학기 두 달 앞두고 AI교과서 좌초 위기...""재의요구 건의"" / YTN",@rainbowcatohcat,"한 교과 당 11만원 구독료 내야하는 거라던데, 예산은 다 어디서 가져오는 것이며,, 그 구독료는 계속 누구에게 가는거죠?
국민들이 싫다는데 왜 교육부는 준비도 제대로 안된  교과서를 급하게 사용하게 하려는지 명백한 이유를 밝혀야 합니다.
AI교과서 국민들은 싫습니다.!!!!!  학생들이 무슨 실험도구도 아니고 준비도 안된걸 바로 하자고 하는건 납득할 수 없습니다.",0.49496934,교과 구독료 예산 어디 가져오 구독료 계속 누구 국민 교육부 준비 제대로 교과서 급하 사용 명백 이유 밝히 교과서 국민 학생 무슨 실험 도구 아니 준비 바로 납득
LKQITkR1SRg,"AI 디지털교과서 '교육자료' 격하에…발행사들 ""헌법소원 불사"" / EBS뉴스 2025. 08. 06",@jenu6713,교과서일 때도 학교현장에서 채택율이 30%밖에 안되는데 무슨 검증을 더 해달라는거지? 그렇게 좋다면 현장에서 외면 받았겠나? 학교가 실험도구냐?,0.49496534,교과서 학교 현장 채택 무슨 검증 그렇 현장 외면 학교 실험 도구
yG7JrRtFY08,어서와~ AI 디지털교과서 미리보기는 처음이지(중학교 영어편),@비둘기2-s9k,디지털교과서 반대하는 사람들은 자녀 스마트폰부터 없애주시랍니다.  현 교과서는 역사왜곡이 심한데 이 부분은 안심해도 될까요?,0.49379167,디지털 교과서 반대 자녀 스마트폰 없애 교과서 역사 왜곡 심하 부분 안심
-4vkoutI3MQ,AI 디지털교과서를 활용한 교사가 이끄는 교실혁명!!,@오예스-e5h,요즘에는 사교육도 AI디지털교육을 하는데 공교육은 옛날 방식만을 고집해서는 안된다고 생각합니다. 법과 제도로 발전을 막기 보다는 보완해 나가며 발전시켜 나갔으면 좋겠습니다.,0.49324632,요즘 사교육 디지털 교육 공교육 옛날 방식 고집 생각 제도 발전 보완 나가 발전 시키 나가
JC35hy4u1mo,"AI 디지털교과서(AIDT), 도입해야할까? ｜토론으로 알아보는 교육정책",@bjs8049,"학생들의 똑부러지는 토론 내용에 놀랐어요! 실제 교과서를 사용하고 공부하는 학생들의 의견 반영이 무엇보다 중요하다고 생각해요.
학생들이 서로 토론을 하며 교육정책에 관심갖고 소통하는 모습들이 보기 좋았습니다.
다음에 토론하면 좋은 것 같은 교육정책은 고교학점제인데요. 학생들의 주도적 학습과 선택이 가능하다는 장점도 있지만,
특정과목에 쏠리는 현상과 교육 격차가 벌어질 수 있다는 우려도 있기에 다양한 의견을 나누는 시간을 가졌으면 좋겠어요.",0.49258965,학생 부러지 토론 내용 놀라 실제 교과서 사용 공부 학생 의견 반영 무엇 중요 생각 학생 서로 토론 교육 정책 관심 소통 모습 다음 토론 교육 정책 고교 학점 학생 주도 학습 선택 가능 장점 특정 과목 쏠리 현상 교육 격차 벌어지 우려 다양 의견 나누 시간 가지
-ZUoWn6uvlc,(수업시연) AI 디지털교과서가 찾아왔어요 ㅣ 초등학교 4학년 수학,@samdoleehago0717,"6:33 기존의 교과서와는 다르게, 학생 개개인의 학습 수준과 속도에 맞춰 학습 콘텐츠를 제공하는 부분이 가장 인상깊었습니다
기존의 교과서는 모든 학생에게 동일한 방식으로 제공되기 때문에 어떤 학생은 너무 쉽고, 또 다른 학생은 너무 어렵게 느낄 수 있는 부분을 AI교과서는 학생마다 다른 학습 스타일과 요구를 파악해서 맞춤형 학습을 가능하게 해주는 부분이 긍정적인것 같아요~",0.4916927,6:33 기존 교과서 다르 학생 개개인 학습 수준 속도 맞추 학습 콘텐츠 제공 부분 가장 인상 기존 교과서 모든 학생 동일 방식 제공 때문 어떤 학생 다른 학생 어렵 느끼 부분 교과서 학생 다른 학습 스타일 요구 파악 맞춤 학습 가능 부분 긍정
8hw4k3-pSn4,고양이 단어도 인식 못하는 AI 디지털교과서?...전자사전보다 못하다,@TAKUHAYASI,"주호야 함 해먹는게 이렇게 힘들다 그지? 진짜 넌 왜 탄핵 안당하냐 난 그게 의문이다.
전문가 반대 학부모 반대 학생 반대 교사 반대 그런데 대체 왜 하려고 하는지 그 이유가 있다면
해먹으려는거 말고 더 설명이 되나?",0.49157685,주호 이렇 힘들 그지 탄핵 당하 그것 의문 전문가 반대 학부모 반대 학생 반대 교사 반대 그런데 대체 이유 설명
JC35hy4u1mo,"AI 디지털교과서(AIDT), 도입해야할까? ｜토론으로 알아보는 교육정책",@뿌링뿌링뿌,고등학생들이라는게 믿기지않을 정도로 멋진 토론이였습니다. AI디지털교과서 도입에 대하여 다양한 관점에서 학생들의 의견을 들을 수 있어서 유익한 시간이였습니다. 다음 토론에서는 디지털 도구를 활용한 교육에 대한 내용을 다뤘으면 좋겠습니다.,0.49154407,고등학생 믿기 정도 멋지 토론 디지털 교과서 도입 다양 관점 학생 의견 유익 시간 다음 토론 디지털 도구 활용 교육 내용 다루
1dR6POZYN50,“AI디지털교과서 손본다”… 98% 도입 대구 운명은?ㅣTBC뉴스,@김정미-j5v9j,다시 책.활자로 해야지.최소한 초등학교는~,0.4913944,다시 활자 최소한 초등학교
OcFXKUxiskw,AI디지털교과서로 공부하면 벌어지는 일 / 내년 수업 방식에 미리 대비해야 하는 이유,@지유니백,"제가 생각한 것보다 더 복잡하네요
내년에 현장이 얼마나 혼란할지.. 지도하셔야하는 선생님들도 소화해야할 아이들도 염려됩니다ㅜㅜ",0.4908828,생각 복잡 내년 현장 얼마나 혼란 지도 선생 소화 아이 염려
JC35hy4u1mo,"AI 디지털교과서(AIDT), 도입해야할까? ｜토론으로 알아보는 교육정책",@user-ft8bl3my2h,"다양한 관점에서의 AI 디지털교과서이 대한 생각을 들어볼 수 있는 시간이었어요. 유익한 영상 감사합니다.
대한민국과 일본, 중국의 입시 정책에 대한 차이에 대해 보고 싶어요. ㅎㅎ!!
앞으로도 더 많은 사람들에게 사랑 및 관심을 받을 수 있기를 응원할게요.",0.49080437,다양 관점 디지털 교과서 생각 시간 유익 감사 대한민국 일본 중국 입시 정책 차이 사랑 관심 응원
HoNVW_rzqsY,"[다시보기] 시범운영도 없이 도입된 AI디지털교과서...감사원 ""준비 부족""-12월 17일 (수) 풀영상 [이슈현장] / JTBC News",@하늘아래-p6s,고교학점제도 그렇고 대체 이나라는 학생들이 마루타냐?  교육의주체 학생이라 교육청에서는 떠들면서 학생들을 제일 만만하게 보지않으면 교육정책이 매번 이딴식인거냐   제정신아닌 교육부 교육청 없애버려라,0.49051082,고교 학점 그렇 대체 나라 학생 마루타 교육 주체 학생 교육청 떠들 학생 만만 교육 정책 매번 제정신 아니 교육부 교육청 없애 버리
Hm2mj361syM,AI 디지털교과서가 오히려 격차 유발,@it5535,교육툴이 이렇게까지 빠르게 ai로 대체되는건 바람직하지 않다. 안그래도 일상생활에서 접하는 시간이 많은데 교재마저 이런다면 아이들 뇌 사용량을 축소시키는데 일조하는것이다. 종이책이 주는 뇌의 안정감이나 활성화가 얼마나 좋은데. . .빠르다고 좋은게 아니다. 교사 수를 줄이고 ai도입하고 결과적으로는 학교의 붕괴를 초래한다.,0.4902465,교육 이렇 빠르 대체 바람직 그렇 일상 생활 접하 시간 교재 이러 아이 사용 축소 시키 일조 종이 안정감 활성 얼마나 빠르 아니 교사 줄이 도입 결과 학교 붕괴 초래
JC35hy4u1mo,"AI 디지털교과서(AIDT), 도입해야할까? ｜토론으로 알아보는 교육정책",@jihwang0121,AI디지털교과서 도입에 대한 학생들의 다양한 생각을 들을수 있어서 좋았습니다! 다음 토론 주제로는 공교육 혁신에 대해서 다양한 의견을 나눴으면 좋겠어요 😊,0.4893805,디지털 교과서 도입 학생 다양 생각 다음 토론 주제 공교육 혁신 다양 의견 나누
OcFXKUxiskw,AI디지털교과서로 공부하면 벌어지는 일 / 내년 수업 방식에 미리 대비해야 하는 이유,@sunyoungjun183,"조단위  세금으로  선심쓰듯 자기돈처럼  쓰고
이게  인강이랑  다를바가  있나?  선생님이랑
교감하며  수업해야지~~ 학교를  다니는  의미가  자꾸  없어지네  초등도  검정고시로  치면  되겠네....  어휴 .... 장점보다  단점이  많음",0.48928052,단위 세금 선심 자기 이것 인강 다르 선생 교감 수업 학교 다니 의미 자꾸 없어지 초등 검정고시 어휴 장점 단점
D5lYwEBwrR0,사교육 대책의 핵심 AI 디지털 교과서,@연홍12345,"애들이 쓰지 않고 터치만으로 성장한다? 읽고 쓰고 하면서 문명은 발달해왔습니다. 초4, 초2. 키우고 있는 엄마 입니다. 디지털기기 우리아이들은 없습니다. 처음엔 줬었죠. 부작용이 너무나 많아서 지금은 아예 없앴습니다. 초4 아이가 그러더군요 태블릿으로 공부할 때 보다 속도도 더 낫고 알아보기도 쉽다구요. 뒤로 넘겨보기도 좋다고 합니다.

이걸 한다고 사교육을 덜한다구요? 아닐겁니다.",0.48893523,터치 성장 문명 발달 키우 엄마 디지털 기기 우리 아이 처음 부작용 너무나 지금 아예 없애 아이 그러 태블릿 공부 속도 알아보 넘기 이거 사교육 아니
VRyVZG_q8SQ,종이 없는 AI 디지털 교과서 시대 열린다 [AI 교과서 도입]① [9시 뉴스] / KBS  2024.03.14.,@Sungsu-c4u,"kbs.........참 kbs스럽다...
교육부 입맛. 국짐 입맛에 딱 맞는 뉴스로세!!!! 일선에서 일하는 교사들의 입장이나 AI 교과서의 미흡한 점 따위는 아주 의도적으로 잘 도려내놨어 갱장하다 갱장해",0.4876449,스럽 교육부 입맛 입맛 뉴스 일선 교사 입장 교과서 미흡 따위 아주 의도 도려내 갱장
D5lYwEBwrR0,사교육 대책의 핵심 AI 디지털 교과서,@Imperator-y5e,"이거 공교육에서도 잘 안쓰고 되게 싫어하던데 ㅋㅋㅋ무슨 신기술만 나오면 좋은 건줄 아는데, 무조건 때려 넣는다고 좋은게 아닌듯... 교육의 보조도구여야지",0.48749903,이거 공교육 되게 무슨 기술 나오 무조건 때리 아니 교육 보조 도구
-ZUoWn6uvlc,(수업시연) AI 디지털교과서가 찾아왔어요 ㅣ 초등학교 4학년 수학,@하트134,"3:59
학생들이 공부에 집중할 수 있게 하면서 동시에 뒤쳐지는 학생들을 위해 직접 지도하면서 모든 학생들이 공부하고 지식을 얻어갈 수 있는 이 기술 너무 좋은 것 같습니다",0.48652178,3:59 학생 공부 집중 동시 뒤쳐지 학생 위하 직접 지도 모든 학생 공부 지식 기술
MgRCJjhSISs,"[이슈] 베일 벗은 AI 디지털교과서…1대1 맞춤형 학습 가능/'교육 격차' 줄인다지만…""문해력 저하·준비 부족""/2024년 12월 2일(월)/KBS",@hindoong22,학부모나 교사나 아이들이나 누구도 원하지 않는 정책이에요. 문해력 당연히 떨어지고요. 뇌발달에 악영향 및 최악 이에요. 지금 아이들 핸드폰사용도 부작용이 너무 많은데 이런것도 해결 못하면서 디지털교과서라니??? 타 선진국에서 실패한 정책을 왜 도입하나요? 이유가 있으니까 지면으로 돌아가는것 아니겠어요? 애들 바보 만들려고 작정했나요?? 너무 답답합니다. 전면철회되길 바랍니다.,0.4846483,학부모 교사 아이 누구 원하 정책 문해 당연히 떨어지 발달 악영향 최악 지금 아이 핸드폰 사용 부작용 이런 해결 디지털 교과서 선진국 실패 정책 도입 이유 지면 돌아가 아니 바보 만들 작정 답답 전면 철회 바라
OcFXKUxiskw,AI디지털교과서로 공부하면 벌어지는 일 / 내년 수업 방식에 미리 대비해야 하는 이유,@연꽃둥둥,"선생님이 말씀하신 눈 맟춤, 정서적인 교감이 더 중요하다는 것에 10000% 동의합니다.
아직 뇌가 자라고 있는 아이들에게 테블릿과 ai로 학습을 한다..? 참... 예산이 아깝지 않게 되길 바랄뿐입니다.
디지털 교과서도 단점이 많아 스웨덴에서는 종이교과서로 돌아갔다는데
이런저런거 다 알아보고 시작한거겠죠?^^;; 하하하;;",0.482793,선생 말씀 맟춤 정서 교감 중요 동의 아직 자라 아이 테블릿 학습 예산 아깝 바라 디지털 교과서 단점 스웨덴 종이 교과서 돌아가 이런 저런 시작 하하하
JC35hy4u1mo,"AI 디지털교과서(AIDT), 도입해야할까? ｜토론으로 알아보는 교육정책",@목만치,"AI디지털 교과서에 대한 학생들이 다양한 관점과 의견 잘 들었습니다
학생들의 목소리에 귀기울여서 더 나은 교육환경을 만들어야겠네요
저는 개인적으로 고교학점제가 내년부터 본격 시작될텐데 고교학점제에 대해서 토론 해보는 것이 좋을 것 같아요",0.4826662,디지털 교과서 학생 다양 관점 의견 학생 목소리 기울이 교육 환경 만들 개인 고교 학점 내년 본격 시작 고교 학점 토론
JC35hy4u1mo,"AI 디지털교과서(AIDT), 도입해야할까? ｜토론으로 알아보는 교육정책",@hyungjan,"AI디지털 교과서에 대한 다양한 관점에서 토론을 하는것을 보면서 생각의 폭이 넓어지는거 같아요.
다음 토론주제로 온라인 수업확대와 오프라인 수업의 균형에 대해 논의하면 좋을거 같아요. 온라인 수업은 유연한 학습환경을 제공하지만 오프라인 수업은 상호작용과 집중력향상에 중요한 역활을 하고 있기에 시대에 따라서 변화하는 수업의 변화에 대해 이야기 해보면 좋을거 같습니다.",0.48187858,디지털 교과서 다양 관점 토론 생각 다음 토론 주제 온라인 수업 확대 오프라인 수업 균형 논의 온라인 수업 유연 학습 환경 제공 오프라인 수업 상호 작용 집중력 향상 중요 역활 시대 따르 변화 수업 변화 이야기
OcFXKUxiskw,AI디지털교과서로 공부하면 벌어지는 일 / 내년 수업 방식에 미리 대비해야 하는 이유,@이샤-g7i,"집에서는 전자기기 차단하려고 전쟁중인데!!!
학교는 온라인 숙제...
담임쌤 카톡 알림장...
이제 전자 교과서까지...
너무 싫네요ㅜㅜ
시력 나빠지는 것도 나라에서 책임질건지...",0.4816898,전자 기기 차단 전쟁 학교 온라인 숙제 담임 카톡 알림 이제 전자 교과서 시력 나쁘 나라 책임지
kMRBxDBbUas,"AI디지털교과서 논란, 핵심이 무엇인지 딱 알려드립니다!(교육대기자)[이슈따라잡기]",@haneulsom,"평소 영상만 열심히 보고 있던 시청자입니다. 이 부분에 목소리를 내주셔서 너무 감사합니다. 최근에 칸아카데미를 알게 되었는데 덕분에 책도 구입했습니다. 모든 새로운 방안에는 시행착오가 있겠지만, 교육만큼은 숙의하고 또 숙의한 끝에 가장 시행착오를 겪으면 안되는 부분이라고 생각해요. 저도 교육학을 공부했던 적이 있었지만, 이번 제도에 대해선 평소에 공교육을 무시하고 비난하는 사람들에게 뭐라고 변명도 할 수 없는 부분이었습니다. 그게 너무 씁쓸합니다. 최초-라는 수식어에 얽매이지 말고 훗날, 가장 성공적인-이란 수식어를 달 수 있는 교육정책이 되도록, 좀 더 신중하게 다뤘으면 좋겠네요 ㅜㅜ",0.48047763,평소 열심히 시청자 부분 목소리 감사 최근 아카데미 덕분 구입 모든 새롭 방안 시행착오 교육 숙의 숙의 가장 시행착오 부분 생각 교육학 공부 이번 제도 평소 공교육 무시 비난 변명 부분 그것 씁쓸하 최초 수식어 얽매이 훗날 가장 성공 수식어 교육 정책 신중 다루
-ZUoWn6uvlc,(수업시연) AI 디지털교과서가 찾아왔어요 ㅣ 초등학교 4학년 수학,@zoo3573,4:20 집중학습 모드를 통해 수업외 다른 활동을 방지하고 선생님은 실시간으로 학생들의 학습 이해도를 파악해서 어려움을 겪는 학생을 도와줄 수 있다는 점이 정말 마음에 드네요,0.48039353,4:20 집중 학습 모드 통하 수업 다른 활동 방지 선생 실시간 학생 학습 이해도 파악 어려움 학생 정말 마음
QqBYIYTDHuQ,AI 디지털교과서' 어떻게 쓰나?…영어·수학 수업 참관해 보니｜지금 이 뉴스,@깃톨,"영어는 그렇다고 해도 수학은 개 문제 있는게 시험은? 어차피 종이로 볼 것 아닌가?
근데 디지털에 익숙해진 아이들이 종이로 시험 보는 것은",0.48020148,영어 그렇 수학 문제 시험 어차피 종이 아니 근데 디지털 익숙 아이 종이 시험
yG7JrRtFY08,어서와~ AI 디지털교과서 미리보기는 처음이지(중학교 영어편),@1902ivy,꼭 디지털 교과서가 필요할까요?,0.47974402,디지털 교과서 필요
MgRCJjhSISs,"[이슈] 베일 벗은 AI 디지털교과서…1대1 맞춤형 학습 가능/'교육 격차' 줄인다지만…""문해력 저하·준비 부족""/2024년 12월 2일(월)/KBS",@sams4669,예비 4학년 학부모예요. 이미 이 아이들은 코로나시대를 거치며 줌 수업등 과한 미디어 노출이 있었습니다. 많은 아이들이 시력과 사회성이 떨어지고 있어요! 제발. 멀티미디어 자료? 이미 차고 넘치게 본 아이들입니다. 아이들 더 집중못하고 시력도 나빠지고 선생님친구들과 상호작용이 줄어들게 뻔해요! 제발. 멈춰주세요!!,0.47916943,예비 학년 학부모 이미 아이 코로나 시대 거치 수업 과하 미디어 노출 아이 시력 사회 떨어지 제발 멀티미디어 자료 이미 넘치 아이 아이 집중 시력 나쁘 선생 친구 상호 작용 줄어들 뻔하 제발 멈추
QqBYIYTDHuQ,AI 디지털교과서' 어떻게 쓰나?…영어·수학 수업 참관해 보니｜지금 이 뉴스,@bmx7007,"보자마자 화가 치밀어 오르네
코로나때도. 숨막히게. 한것도
 모자라서
안그래도 스마트폰 중독이 된 아이들한테.  뭐하는짓들인지
교육부.  탐욕에
애들 망쳐놓고들 있네
점점줄어드는 아이들한테
더 열정을 쏟고 해도 모자를 판에
분위기가. 더 성의도없고 정신없어
 더 산만헤질거 같다
공부는 종이착과 연필로
하는게.   차분한 분위기에서 집중도
훨씬 잘될거 같다",0.47893435,치밀 오르 코로나 막히 모자라 그렇 스마트폰 중독 아이 교육부 탐욕 망치 점점 아이 열정 모자르 분위기 성의 정신없 헤지 공부 종이 연필 차분 분위기 집중 훨씬
QqBYIYTDHuQ,AI 디지털교과서' 어떻게 쓰나?…영어·수학 수업 참관해 보니｜지금 이 뉴스,@treew03,요즘 스마트폰 스마트교과서 스마트기기가 너무 많다보니 아이가 연필을 잡고 글을 쓰는걸 너무 힘들어 함..우리 아이만 그런건지..,0.47854275,요즘 스마트폰 스마트 교과서 스마트 기기 아이 연필 힘들 우리 아이 그런
-ZUoWn6uvlc,(수업시연) AI 디지털교과서가 찾아왔어요 ㅣ 초등학교 4학년 수학,@목만치,04:33  학생들의 힘든부분을 알아서 파악해서 도움을 주는 맞춤형 서비스가 너무 효과적일 것 같아요,0.4776837,04:33 학생 힘들 부분 파악 도움 맞춤 서비스 효과
yG7JrRtFY08,어서와~ AI 디지털교과서 미리보기는 처음이지(중학교 영어편),@아름다운여자-k5y,교육부는 정신좀차려야...문해력외치믄서 무슨디지털.스마트폰으로 망가지는아이들 더 부추기는듯.,0.4765695,교육부 정신 차리 문해력외치믄서 무슨 디지털 스마트폰 망가지 아이 부추기
QqBYIYTDHuQ,AI 디지털교과서' 어떻게 쓰나?…영어·수학 수업 참관해 보니｜지금 이 뉴스,@oxford_shirt,"태블릿으로 수학문제 푸는거 되게 불편해보임... 초등학생들인데
굳이 저렇게까지 해야되나 ;;
종이에다 푸는게 더 편할텐데...",0.47586846,태블릿 수학 문제 되게 불편 보이 초등학생 굳이 저렇 종이 편하
VRyVZG_q8SQ,종이 없는 AI 디지털 교과서 시대 열린다 [AI 교과서 도입]① [9시 뉴스] / KBS  2024.03.14.,@Kuku._.0345,"아니 내년에 중(현 초6)1되는 학생인데 실험체 되는것 같아서 진짜 싫어요 지금도 조금씩 해보긴 했는데 종이 만큼 이해도 안돼고 인터넷 안 터지면 작동도 안하니까 진짜 별로에요. 수업하는데 눈도 뻐근해지고 눈도 나빠지는데 왜 실행하는지 모르겠어요 딴짓도 몰래 잘하면 할 수도 있고 왜 세금을 그따구로 쓰는지 진짜 이해가 안돼요  핸드폰 줄이라면서 더 쓰게 만들고 그러면서 또 줄이라고하는 어른들은 도대체 무슨 생각인건가요 친구들도 왜 12년생들은 맨날 실험체로 쓰인다고 싫어해요 이대로 진짜 디지털교과서 도입되면 공부 접고 걍 놀거에요 이러다가는 수능도 갤탭이나 아이패드로 보겠네요..... 가벼워지기는 하겠지만 그건 굳이 상관없는 부분이어서 더 짜증나네요.
빨리 디지털교과서 폐지하고 저 공부하게 해주세요.
디지털교과서 반대해요",0.47547007,아니 내년 학생 실험체 지금 조금 종이 만큼 이해 인터넷 터지 작동 별로 수업 뻐근 나빠지 실행 모르 몰래 세금 이해 핸드폰 만들 그러 어른 도대체 무슨 생각 친구 맨날 실험 쓰이 싫어하 이대로 디지털 교과서 도입 공부 이러 수능 갤탭 아이패드 가볍 그거 굳이 상관없 부분 짜증 빨리 디지털 교과서 폐지 공부 디지털 교과서 반대
OcFXKUxiskw,AI디지털교과서로 공부하면 벌어지는 일 / 내년 수업 방식에 미리 대비해야 하는 이유,@고정미-i3b,"선생님들 인권이 떨어진 마당에 오프라인 교육만 추구하는건 잘못된 것 같아요..정서적 눈맞춤이라..요즘 애들요 부모가 소왕자 소공주로 키웁니다.
절대 야단치지 않습니다.
그런 애들이 학교에서 선생님 말씀을 듣고 이해한다?
가정교육이 무너진 판에 공교육만 탓하는 것도 아닌것 같아요..
저는 학생들 가르치는 입장이라서 이렇게 적어 봤어요..ㅎㅎ",0.47515804,선생 인권 떨어지 마당 오프라인 교육 추구 잘못 정서 눈맞춤 요즘 부모 공주 키우 절대 야단치 그런 학교 선생 말씀 이해 가정교육 무너지 공교육 아니 학생 가르치 입장 이렇게
zc0SrejBP1s,"AI 디지털 교과서 도입, 공교육 강화 대책 (24.11.21.) | 정관용의 정책토론 | 국회방송",@바람직한,"교사들이 자유자재로 활용할 도구만 교육적인 효과를 발휘한다
디교는 교사의 손밖이라 그냥 넋놓고 바라보게만 될것이다.",0.47515342,교사 자유자재 활용 도구 교육 효과 발휘 디교 교사 그냥 바라보
4Niolo0Avnk,"'교육자료' 된 AI 디지털교과서, 채택 여부 학교 선택에 맡긴다 [모잇슈] / EBS뉴스",@블루베리-xyz,학부모입니다. AI교과서 폐지 되어야 합니다.,0.4750105,학부모 교과서 폐지
QqBYIYTDHuQ,AI 디지털교과서' 어떻게 쓰나?…영어·수학 수업 참관해 보니｜지금 이 뉴스,@dugobi,학생 학부모 교사 그 누구도 원치않은 사업. 누구 배 부르겠네..,0.47488564,학생 학부모 교사 누구 사업 누구 부르
OcFXKUxiskw,AI디지털교과서로 공부하면 벌어지는 일 / 내년 수업 방식에 미리 대비해야 하는 이유,@김s_kim.s,"개별진도라고 들은 것 같은데, 수학의 경우 수학실력이 뛰어난 아이가 수학 진도를 쭉쭉 다 나가서 그 학년 진도를 다 나갔을 때, 그다음은 다음 학년으로 넘어가나요? 그 아이만 혼자 계속 심화 문제를 풀게 되는 걸까요? 그 부분 말씀해 주시는 영상을 아직 못 찾아서요😅",0.4744649,개별 진도 수학 경우 수학 실력 뛰어나 아이 수학 진도 나가 학년 진도 나가 다음 다음 학년 넘어가 아이 혼자 계속 심화 문제 부분 말씀 아직
Hm2mj361syM,AI 디지털교과서가 오히려 격차 유발,@user-ja7ghkdler3,저러면 종이 교과서 쓰는 대안학교나 사립학교 다니려 할거다. 유럽에서 실패한 디지탈 수업 폐해 겪은걸 왜 따라 하냐 .,0.4737087,저러 종이 교과서 대안 학교 사립학교 다니 유럽 실패 디지탈 수업 폐하 따르
4Niolo0Avnk,"'교육자료' 된 AI 디지털교과서, 채택 여부 학교 선택에 맡긴다 [모잇슈] / EBS뉴스",@98education,현직 교사입니다. 안그래도 공부 안하고 학습능력이 해가 갈수록 떨어지는 판국에 더 망치고 하향평준화로 가는 길을 왜 굳이 가려고 하는지 답답할 뿐입니다. 보조자료로 선택활용하는 정도로 쓰면 될 것 같습니다.,0.47198814,현직 교사 그렇 공부 학습 능력 떨어지 판국 망치 하향 평준 굳이 답답 보조 자료 선택 활용 정도
QqBYIYTDHuQ,AI 디지털교과서' 어떻게 쓰나?…영어·수학 수업 참관해 보니｜지금 이 뉴스,@equus7503,차라리 고등학교 교과서 학습지를 pdf로 하는게 더 도움 될듯,0.47152698,차라리 고등 학교 교과서 학습지 도움
yG7JrRtFY08,어서와~ AI 디지털교과서 미리보기는 처음이지(중학교 영어편),@jeong5075,기대 됩니다. 현재 원아워 프로그램의 형식을 알고 있는데 그만큼의 교수학습 능력을 가진 디지털 교과서였으면 좋겠습니다.,0.4710929,기대 현재 아워 프로그램 형식 만큼 교수 학습 능력 가지 디지털 교과서
1dR6POZYN50,“AI디지털교과서 손본다”… 98% 도입 대구 운명은?ㅣTBC뉴스,@안쏭_s2,"진짜 저건아니다
퇴출이답! 누구를위한 교과서인가😂
저걸도입하고자하는사람들은 수업한번도 해보지못한사람들일꺼다.
태블릿으로 수업한번했다가 떨어뜨려서 고장나고
무선키보드연결안된다고 날리치고
한시간 다날아간다
진짜최악
애들은 몰래 게임깔아서 게임하고
유튜브보고있더라
다막아놔도 눈깜고도 초딩들은 다푼다

진짜 최악의 수업임😂😂",0.4707839,저거 아니 퇴출 누구 위하 교과서 저거 도입 수업 못하 태블릿 수업 한번 떨어뜨리 고장 무선 키보드 연결 날리 시간 날아가 최악 몰래 게임 게임 유튜브 초딩 최악 수업
OcFXKUxiskw,AI디지털교과서로 공부하면 벌어지는 일 / 내년 수업 방식에 미리 대비해야 하는 이유,@mogi0229,그돈으로ㅠ 각반에 교사1명을 더배치해주세요 수업중 아이들이 질문하면 간단히 대답해 줘야하는 현실이고 질문이 길어지면 눈치주고 그분위기를 느끼고 질문 못하고 넘어가는 경우가 많아요,0.47030604,교사 배치 수업 아이 질문 간단히 대답 현실 질문 눈치 분위기 느끼 질문 넘어가 경우
D5lYwEBwrR0,사교육 대책의 핵심 AI 디지털 교과서,@user-5gg879,큰 뜻은 좋은데요... 날치기로 하니까 그렇죠.. 애들 교육이 그리 중요하면 많은 검증이 이루어진 결과물을 가지고 교육응 해야죠...,0.4697355,날치기 그렇 교육 중요 검증 이루어지 결과물 가지 교육
QqBYIYTDHuQ,AI 디지털교과서' 어떻게 쓰나?…영어·수학 수업 참관해 보니｜지금 이 뉴스,@mintaroma86,담임의 역량에따라.  교육수준이 달라질듯,0.4686316,담임 역량 따르 교육 수준 달라지
JC35hy4u1mo,"AI 디지털교과서(AIDT), 도입해야할까? ｜토론으로 알아보는 교육정책",@드리미-l2h,Al 디지털교과서에 대해 다양한 생각을 들을 수 있어 좋았어요! 각자 솔직한 의견을 담아 제대로 주장하는 모습이 공감있게 다가왔네요. 다들 논리있고 조리있게 말하니까 보기 좋고 앞으로 정책을 반영할때 잘 참고하길 바랄게요. 다음에 토론하면 좋을 교육정책으로 고교학점제를 제안해요. 학생들 자율과 선택의 폭이 커지는 반면에 특정과목의 쏠림현상이 두드러진다는 우려가 있는데 우리 학생들 생각은 어떤지 궁금해요^^,0.4682262,디지털 교과서 다양 생각 각자 솔직하 의견 제대로 주장 모습 공감 다가오 논리 조리 정책 반영 바라 다음 토론 교육 정책 고교 학점 제안 학생 자율 선택 커지 반면 특정 과목 쏠리 현상 두드러지 우려 우리 학생 생각 어떻 궁금하
OcFXKUxiskw,AI디지털교과서로 공부하면 벌어지는 일 / 내년 수업 방식에 미리 대비해야 하는 이유,@teacherlee6371,"선생님께서 말씀하신 정서적 교류 정말 공감합니다. 
저도 저희 반 학생들 살펴보면 요즘은 다 태블릿으로 학습지를 풀고, 방과 후 보충 프로그램에서도 태블릿으로 문제를 푸는데,

의외로 아이들이 좋아하고 정말 도움이 되었다고 말하는 것은 
제가 내 준 과제(ai 프로그램이든 문제집이든)를 다 한 후에 제가 각자 틀린 문제 1문제씩을 칠판에 다시 써 주고 잘 풀었는지 확인하는 시간이더라구요.. 
 '선생님에게 내가 잘 풀고 있다는 것을 보여드리고 칭찬받는 것', '내가 모르는 부분을 선생님이 알려주신다'는 것에 학습 동기와 만족감이 커지는 것 같았어요.. 

수업 시간에 혼란이 적기만을 바랄 뿐입니다..ㅠ",0.46749413,선생 말씀 정서 교류 정말 공감 저희 학생 살펴보 요즘 태블릿 학습지 방과 보충 프로그램 태블릿 문제 의외로 아이 좋아하 정말 도움 과제 프로그램 문제집 각자 틀리 문제 문제 칠판 다시 확인 시간 선생 보이 드리 칭찬 모르 부분 선생 알리 학습 동기 만족감 커지 수업 시간 혼란 바라
r3caRRBNAn0,"AI 디지털교과서, 애초부터 무효였다?!",@peterjeong3220,"ai 이름 붙이고 교육부가  출판사에 세금으로 퍼주어줄려고 하고 있고 교육청은  엄청난 예산을 들여 특정  업체에 개발 의뢰하고 온갖 강사비와 홍보비로 처붇고 있는데, 아무도 감사나 조사도 안 하고 있다.  그지같은 프로그램을 써야만  단위 학교에 지원을 하는 것도 불합리하다.  학교가 교사가 원하는 거 쓸 수 있게 해라.",0.4674752,이름 붙이 교육부 출판사 세금 교육청 엄청나 예산 들이 특정 업체 개발 의뢰 온갖 강사비 홍보비 아무 감사 조사 그지 프로그램 단위 학교 지원 합리 학교 교사 원하
kMRBxDBbUas,"AI디지털교과서 논란, 핵심이 무엇인지 딱 알려드립니다!(교육대기자)[이슈따라잡기]",@dhk8752,개별 수준별학습은 ai말고는 답이 없고 선생들의 수준미달과 의지부족 문제를 보완하기 위해서는 ai밖에 답이 없음. 철밥통 교사 한명이 20명을 무슨수로 개별지도가 가능할 까?,0.4672669,개별 수준 학습 선생 수준 미달 의지 부족 문제 보완 위하 밥통 교사 무슨 개별 지도 가능
JC35hy4u1mo,"AI 디지털교과서(AIDT), 도입해야할까? ｜토론으로 알아보는 교육정책",@XX-dl5vo,"다음 토론은 학생들에게 ai교과서 이후 ai교육에 관해서 어느정도의 선을 가지고 규제가 있어야하는지 없어야하는지 토론을 해보면 재밌을거같아요
무분별한 ai남용을 막아야하는지 더 방대한 지식을 습득할 수 있게 규제를 막지말아야할지 어린 친구들의 시선이 궁금합니당",0.46718755,다음 토론 학생 교과서 이후 교육 관하 어느 정도 가지 규제 토론 재밌 분별 남용 방대 지식 습득 규제 어리 친구 시선 궁금하
Hm2mj361syM,AI 디지털교과서가 오히려 격차 유발,@Nicoleshin.official,성장기에 있는데 시력나빠질거 같은데 초등학교6년은 종이책으로 해야??,0.46504712,성장기 시력 나쁘 초등학교 종이
kMRBxDBbUas,"AI디지털교과서 논란, 핵심이 무엇인지 딱 알려드립니다!(교육대기자)[이슈따라잡기]",@전사민-d5k,교육에. 정치의 논리가. 그리고 경제논리가 스며들어 교육 기반을 흔들고 있습니다. 교육 주체는 학생과 교사입니다. 업체와 정부관리가 아닙니다.,0.4644962,교육 정치 논리 그리고 경제 논리 스며들 교육 기반 흔들 교육 주체 학생 교사 업체 정부 관리 아니
VRyVZG_q8SQ,종이 없는 AI 디지털 교과서 시대 열린다 [AI 교과서 도입]① [9시 뉴스] / KBS  2024.03.14.,@DENTE-123,"종이로 공부하며 자랐는데 패드보면 사람이 점점 미쳐가고 문해력같은 능력도 굉장히 떨어지고 시력도떨어지고 패드해봤자 성적은 떨어지고
종이교과서 해봤는데 시험 만점받았다 그런데 성적 떨어트리는 독을 학교마다 나눈다는게 학생을 과연 도움이될까?",0.4638544,종이 공부 자라 패드 점점 미치 문해 능력 굉장히 떨어지 시력 떨어지 패드 성적 떨어지 종이 교과서 시험 만점 그런데 성적 떨어트리 학교 나누 학생 과연 도움
Hm2mj361syM,AI 디지털교과서가 오히려 격차 유발,@참깨빵-j8d,기업의검은손이 어린학생들의 학습권까지 돈으로매점매석,0.46329504,기업 어리 학생 학습 매점 매석
W3qeNL467XQ,"[대구] AI 디지털 교과서, 대구 현장에서는 외면?…실효성 논란 확산 (뉴스투데이 2025.06.02 광주MBC)",@loveyoni,"진짜 싫어요! 집에서 한번 접속해봐도 자꾸 렉에 오류에 진행안되니 짜증나던데 학교에서 여러명 한꺼번에 접속.. 수업집중력, 미디어 과용은 정말 싫지만, 진짜 순식간에 난리판 되고 수업진행이 되겠나 싶더라고요.",0.46303868,접속 자꾸 오류 진행 짜증 학교 여러 한꺼번에 접속 수업 집중력 미디어 과용 정말 순식간 난리 수업 진행
e1B7xhJgg28,AI 디지털교과서 반년 만에 퇴출‥교육계는 혼란 (2025.08.07/뉴스데스크/제주MBC),@kmsyop112,혼란?  대부분 학교가 안쓴다. 교사들도 대부분 반대였고,0.4625973,혼란 부분 학교 교사 대부분 반대
VRyVZG_q8SQ,종이 없는 AI 디지털 교과서 시대 열린다 [AI 교과서 도입]① [9시 뉴스] / KBS  2024.03.14.,@무야홍홍홍-o4i,"되겠냐 학교 태블릿 수업 때 쓰는데 하라는 건 안 하고 딴거 (게임, sns) 하는 애들이 태반임...",0.46244648,학교 태블릿 수업 게임 태반
t_s5gfG3ORw,"""10만 명 여론조사를 못 믿어요?"" AI 디지털교과서 여론조사 못 믿는 장관에게",@kanghyejin3436,아니 나는 애들 구몬도 테블릿으로 한다고해서 싫다고 종이로 했는데 뭔 교과서가 AI이야 아이고야…,0.46228898,아니 구몬 테블릿 종이 교과서 아이고야
e1B7xhJgg28,AI 디지털교과서 반년 만에 퇴출‥교육계는 혼란 (2025.08.07/뉴스데스크/제주MBC),@hiteshkumar-kn8sc,"학부모들이 반대해도 강행한거보면 뒷돈 받아먹었을거라 봤다
나도 학부모인데 이미 핸폰과 컴으로 영상 많이 보며 학교에서 영상 필요시 많이 보고 있다
굳이 교과서를 없앤다는건 반대한다",0.46168417,학부모 반대 강행 뒷돈 학부모 이미 많이 학교 필요시 많이 굳이 교과서 없애 반대
VRyVZG_q8SQ,종이 없는 AI 디지털 교과서 시대 열린다 [AI 교과서 도입]① [9시 뉴스] / KBS  2024.03.14.,@8비,"공부 대부분을 기계로 하는게 말이 됌? 기계를 하루종일 눈 앞에 보고 있어야 하는데 눈나빠지게 공부는 
거의 책을만이 써야지 너무 기계로만 하면 학생들 눈나빠지게 할 일 있냐??",0.45995116,공부 대부분 기계 기계 하루 종일 나빠지 공부 거의 기계 학생 나쁘
r3caRRBNAn0,"AI 디지털교과서, 애초부터 무효였다?!",@nextamore00,가뜩이나  영상 너무 많이 봐서  애들  책 자체를  안보는데 . . . 디지털교과서가  웬말이냐,0.4598229,가뜩이나 많이 자체 디지털 교과서
kMRBxDBbUas,"AI디지털교과서 논란, 핵심이 무엇인지 딱 알려드립니다!(교육대기자)[이슈따라잡기]",@뚜뚜-q6h,교사와 학부모가 한목소리로 ai교과서를 반대하는데 대체 정부는 왜 급하게 밀어붙일까요?아이들만 불쌍하네요 누굴 위한 정책인가요,0.45953795,교사 학부모 한목소리 교과서 반대 대체 정부 급하 밀어붙이 아이 불쌍 누구 위하 정책
vM6_u3czNfY,'AI 디지털교과서' 검정 절차 중단…2학기부터 교과서로 못 쓴다  / EBS뉴스 2025. 08. 05,@지구본-d6v,"백승아 의원실이 3월19일 공개한 자료에 따르면 전국 1만2932개 학교 중 AIDT를 채택하거나 채택 예정인 학교는 32.4%(3870곳)이다. 대구(98.1%) 채택률은 독보적으로 높고 2위 충북(57.%)이 뒤를 따랐다. 서울 학교는 24.8%가 AIDT를 구독한다. 전국 최저인 세종은 9.5%에 불과하며 경남(10.1%), 전남(11.1%), 충남(11.7%), 울산(12.3%)이 그다음으로 비율이 낮다. (출처.시사인918호)",0.45950627,백승아 의원실 공개 자료 따르 전국 학교 채택 채택 예정 학교 대구 채택 독보 충북 따르 서울 학교 구독 전국 최저 세종 불과 경남 전남 충남 울산 다음 비율 출처 시사인
OcFXKUxiskw,AI디지털교과서로 공부하면 벌어지는 일 / 내년 수업 방식에 미리 대비해야 하는 이유,@자정수-w2u,"대비만해야할까요?
교육주체중 하나인 학부모와 선생님이 바꿀 방법은 없는걸까요?
정말 교육정책이 합의없이 이런식으로 바뀐경우를 살다살다 처음봅니다. 대비하는 것만이 학생을 위한길인건지..대비를 제대로 하는건 가능한건지..",0.45908946,대비 교육 주체 하나 학부모 선생 바꾸 방법 정말 교육 정책 합의 없이 이런 바뀌 경우 처음 대비 학생 위하 대비 제대로 가능
OcFXKUxiskw,AI디지털교과서로 공부하면 벌어지는 일 / 내년 수업 방식에 미리 대비해야 하는 이유,@heyminson4179,초등만 아니면 중 고등 에서는 흥미 를 돋울수 있을 것 같긴한데..  흠...,0.4589626,초등 아니 흥미 돋우
Hm2mj361syM,AI 디지털교과서가 오히려 격차 유발,@mathadmission1742,"응, 아냐.... 지금도 멀티미디어 너무 많이 사용한다.. 수업시간만이라도 책을 보자..",0.45893818,아냐 지금 멀티미디어 많이 사용 수업 시간
-ZUoWn6uvlc,(수업시연) AI 디지털교과서가 찾아왔어요 ㅣ 초등학교 4학년 수학,@nare13579,6:30 학생들의 수준에 맞는 학생 맞춤형 문제풀이가 가능하다니 정말 좋네요. 학생의 개개인에 맞추어 유용하게 활용 가능하겠어요. 좋은 영상 감사합니다. 앞으로의 소식도 기대할게요!,0.4586096,6:30 학생 수준 학생 맞춤 문제 풀이 가능 정말 학생 개개인 맞추 유용 활용 가능 감사 소식 기대
yG7JrRtFY08,어서와~ AI 디지털교과서 미리보기는 처음이지(중학교 영어편),@샤랑해요,"네 좋네요. 학교에서 어떻게 활용할지가 중요한 것 같아요. 지속적인 교실 수업 사례 연수 등을 진행해 주시면 좋을 것 같습니다 :)
감사합니다 ^^",0.4585129,학교 어떻 활용 중요 지속 교실 수업 사례 연수 진행 감사
1dR6POZYN50,“AI디지털교과서 손본다”… 98% 도입 대구 운명은?ㅣTBC뉴스,@혀나주-r4j,스웨덴 과 필란드에서 디지털 교과서 도입했다  실패한 대표적인 나라로 공부는 아날로그 방식으로 연필로 쓰고 읽는 방식이 좋다고하는데 왜 이러는 궁금합니다. 이 많은 예산이 과연 왜 필요한지 모르겠네요. 내년에 고등무상교육 예산은 있나요?,0.45812723,스웨덴 필란드 디지털 교과서 도입 실패 대표 나라 공부 아날로그 방식 연필 방식 이러 궁금 예산 과연 필요 모르 내년 고등 무상 교육 예산
K5xHXY8rgvw,AI디지털교과서 도입 첫해‥ 교실은 아직 '준비 중' (2025.05.07/뉴스데스크/춘천MBC),@깃톨,"학생이 한 반에 40명 씩 될 때는 직접 소통하기 어려우니까 라는 명분이라도 있지 
지금은 이걸 써야 하는 명분이 뭐야 시험은 어차피 디지털로 못보게 하잖아",0.45804274,학생 직접 소통 어렵 명분 지금 이거 명분 시험 어차피 디지털
D5lYwEBwrR0,사교육 대책의 핵심 AI 디지털 교과서,@aboutbini,맞춤 교육의 장점보다는 애들 집중력 저하될 거라는 단점이 더 먼저 생각나네요 😭,0.45800245,맞춤 교육 장점 집중력 저하 단점 먼저 생각
QqBYIYTDHuQ,AI 디지털교과서' 어떻게 쓰나?…영어·수학 수업 참관해 보니｜지금 이 뉴스,@르미푸바오,"뭐하는짓인지..절대반대합니다. 돈을허투로쓰는건물론이고
아이들교육에저게 올바르다고생각합니까? 종이로된책이며 공책에다 직접쓰면서풀어야공부입니다.
저는학부모인데 절대반대입니다.",0.45785028,절대 반대 허투 물론 아이 교육 저것 올바르 생각 종이 공책 직접 공부 학부모 절대 반대
QqBYIYTDHuQ,AI 디지털교과서' 어떻게 쓰나?…영어·수학 수업 참관해 보니｜지금 이 뉴스,@FamaFama-n5c,"종이책과 필기는 반드시 필요하다. 사람은 오감을 활용해야 하는데, 그 중 하나가 촉각이다. 사물마다 질감이 각각 다르다. 책마다 질감이 다르고, 공책마다 질감이 다르고, 필기마다 질감이 다르다. 촉각은 기억력을 강화한다. 시각만 활용하는 화면은 사람을 점점 멍청이로 만든다.
그래서 선제적으로 화상 교과서를 도입했던 디지털 선진국 유럽은 종이 교과서와 필기 공책으로 환원한 상태다. 한국만 관료들이 뒷돈을 먹었는지, 실패한 정책으로 뒷북을 치고 있다. 그러면서도 부끄러운 줄 모른다.",0.45771468,종이 필기 반드시 필요 오감 활용 하나 촉각 사물 질감 각각 다르 질감 다르 공책 질감 다르 필기 질감 다르 촉각 기억력 강화 시각 활용 화면 점점 멍청이 만들 그래서 선제 화상 교과서 도입 디지털 선진국 유럽 종이 교과서 필기 공책 환원 상태 한국 관료 뒷돈 실패 정책 뒷북 그러 부끄럽 모르
D5lYwEBwrR0,사교육 대책의 핵심 AI 디지털 교과서,@ssongdee,"초등은 제발 빼라
학습보다 발달이 더 중요한 시기다
초등때 학습 좀 더 잘해서 뭐하나
학습은 나중에 해도 되지만
발달은 시기를 놓치면 돌이킬 수가 없다고!",0.45761865,초등 제발 학습 발달 중요 시기 초등 학습 학습 나중 발달 시기 놓치 돌이키
4Niolo0Avnk,"'교육자료' 된 AI 디지털교과서, 채택 여부 학교 선택에 맡긴다 [모잇슈] / EBS뉴스",@chaewonart6662,"대구,경북은 교사들과 아이들 생각은 전혀 안하네요. 피해는 고스란히 교사와 아이들 몫이겠죠. 정말 이기적인 탁상행정가들입니다.",0.45739233,대구 경북 교사 아이 생각 전혀 피해 고스란히 교사 아이 정말 이기 탁상 행정가
OcFXKUxiskw,AI디지털교과서로 공부하면 벌어지는 일 / 내년 수업 방식에 미리 대비해야 하는 이유,@시작이반-f1k,사람이 사람을 가르치지 않는 교육은 교육이 아니라 학습일 뿐이겠지요.. ㅠ,0.45724174,가르치 교육 교육 아니 학습
yG7JrRtFY08,어서와~ AI 디지털교과서 미리보기는 처음이지(중학교 영어편),@대단-l2e,"다양하게 활용되어져서, 사교육에 종속되지 않는 공교육이 확립되었으면 합니다.",0.45717308,다양 활용 사교육 종속 공교육 확립
JC35hy4u1mo,"AI 디지털교과서(AIDT), 도입해야할까? ｜토론으로 알아보는 교육정책",@myl5497,"AI디지털 교과서 관련 다양하고 다채로운 의견들과 생각 그리고 의견 교환등 두루두루 덕분에 잘 시청했습니다.

만약 여건이 된다면 다음번에는 조기 유학에대한 학생들의 생각을 들어보고 싶습니다.
조기유학이라서 좋은점, 조기유학이라서 나쁜점 관련하여 활발하고 적극적인 열린 소통의 장 기대 많이 해보겠습니다.",0.45693535,디지털 교과서 관련 다양 다채 의견 생각 그리고 의견 교환 두루두루 덕분 시청 만약 여건 다음 조기 유학 학생 생각 조기 유학 조기 유학 나쁘 관련 활발 적극 열리 소통 기대 많이
Hm2mj361syM,AI 디지털교과서가 오히려 격차 유발,@xksw11,"현대인의 고질병인 목디스크와 난독증, 노안을 초등학교때부터 알려주고싶은 교육부의 스마트한 정책이네요. 기계값은 누군가 헤먹을수 있고요.",0.45570052,현대인 고질병 디스크 난독증 노안 초등학교 알리 교육부 스마트 정책 기계 누구
OcFXKUxiskw,AI디지털교과서로 공부하면 벌어지는 일 / 내년 수업 방식에 미리 대비해야 하는 이유,@Mu66388,궁금한게.. 전세계도 하지않은 이런 시도를 어떻게하다 우리나라에서 처음 시도하게 된거죠😅 초2키우고 내년 3학년 학부모인 입장에서 걱정이 앞서긴 합니다,0.45468006,궁금하 세계 이런 시도 어떻 우리나라 처음 시도 키우 내년 학년 학부모 입장 걱정 앞서
e1B7xhJgg28,AI 디지털교과서 반년 만에 퇴출‥교육계는 혼란 (2025.08.07/뉴스데스크/제주MBC),@hho-p1v,잘된거지. 안그래도 교과서에 디지털수업들어와 멍청한애들 더멍청해지는와중에..디치털은 최대한 늦게접하는게 그나마 덜멍청해지는길,0.45414898,그렇 교과서 디지털 수업 들어오 멍청 멍청 와중 디치털 최대한 접하 그나마 멍청
e1B7xhJgg28,AI 디지털교과서 반년 만에 퇴출‥교육계는 혼란 (2025.08.07/뉴스데스크/제주MBC),@Conaninwonderland,"집에서는 휴대폰 보게하고 학교에서만 컴퓨터를 사용 못하게 해? 그건 무슨놈의 멍청한 위선이야? 그렇게 휴대폰 보게 하는게 안 좋으면 민주당 시켜서 초등학생 휴대폰 사용을 불법으로 하던가.정권 바뀌면서 이렇게 이미 잘 하던거 멈추고, 투자한 돈 날려먹고 하는식으로 돈 낭비하면 이재명은 좋아할까? 이왕 시작한거 AI시대에 제대로 잘 배우게 연속성있게 개선을 할 생각을 좀 했으면 좋겠음.",0.4523628,휴대폰 학교 컴퓨터 사용 그거 무슨 멍청 위선 그렇 휴대폰 민주당 시키 초등학생 휴대폰 사용 불법 정권 바뀌 이렇 이미 멈추 투자 날리 낭비 이재명 좋아하 이왕 시작 시대 제대로 배우 연속 개선 생각
IsSq98Ekjos,"[자막] 박은정 “윤석열표 교육, 또 실패”…AI 디지털교과서 전면 비판",@user-qs7zl6sq7t,"현직 수험생인데 고교학점제나 때려쳐라 진짜 제발 30등하면 6~7등급이 맞냐. 10등안에서 4등급 다 결정나고. 고교학점제는 상대평가가 아니라 절대평가로 됐어야 한다. 5등급제 한다고 하지만 효과가 있겠음? 1등급 아니면 대학 못가고 심지어 자소서, 논술 부활하고 사교육 해소는 개뿔 오히려 더 확장됨.",0.45228505,현직 수험 고교 학점 때려치 제발 등급 등급 결정 고교 학점 상대 평가 아니 절대 평가 등급 효과 등급 아니 대학 심지어 자소서 논술 부활 사교육 해소 개뿔 오히려 확장
8hw4k3-pSn4,고양이 단어도 인식 못하는 AI 디지털교과서?...전자사전보다 못하다,@진새벽-u5i,"고양이가 데이터가 쌓여야 한다?
본인이 교육부 장관에 맞다고 생각합니까?
선생님, 학부모, 전문가가 모두 반대한다.
해먹을 생각이면 포기해라~!",0.45195708,고양이 데이터 쌓이 본인 교육부 장관 생각 선생 학부모 전문가 모두 반대 생각 포기
8hw4k3-pSn4,고양이 단어도 인식 못하는 AI 디지털교과서?...전자사전보다 못하다,@선한.영향력-f2s,"생성형AI가 아님. 종이기. 전자단말기로. 변한건 외엔. 큰 의미가 없죠. 그리고 아날로그가 주는 장점응. 우린 너무 무시하는
경향이 있어요",0.4518625,생성 아니 전자 단말기 변하 의미 그리고 아날로그 장점 우리 무시 경향
VRyVZG_q8SQ,종이 없는 AI 디지털 교과서 시대 열린다 [AI 교과서 도입]① [9시 뉴스] / KBS  2024.03.14.,@tlqkfsha11111,학생들도 심지어 삻어하는데 왜 도입하려 하는거임?,0.45139912,학생 심지어 삻어 도입
QqBYIYTDHuQ,AI 디지털교과서' 어떻게 쓰나?…영어·수학 수업 참관해 보니｜지금 이 뉴스,@하-x5l,Ai 전에도 저 정도 스마트기기 이용한 수업은 이미 하고 있었음. 능력도 없는 정부가 일만 크게 벌릴려고 입으로 떠벌려놓고서 유기했음ㅡㅡ,0.4513536,정도 스마트 기기 이용 수업 이미 능력 정부 벌리 떠벌리 유기
VRyVZG_q8SQ,종이 없는 AI 디지털 교과서 시대 열린다 [AI 교과서 도입]① [9시 뉴스] / KBS  2024.03.14.,@SunamiHong,"교육부 ..제발좀정신차리세요 우리나라는 테스트베드인가보다. 아이들이 불쌍하다..학교에서 디벗, 크롬북으로 수업하면서 애들 딴 짓거리하는거 모르나..학생 지도는 인권이란 이름으로  못한다..",0.45089582,교육부 제발 정신 차리 우리 나라 테스트 베드 아이 불쌍 학교 디벗 크롬 수업 짓거리 모르 학생 지도 인권 이름 못하
vM6_u3czNfY,'AI 디지털교과서' 검정 절차 중단…2학기부터 교과서로 못 쓴다  / EBS뉴스 2025. 08. 05,@iam_ai-i6g,"ai를 잘 이용해서 공부하면 한 100배는 더 빨리 배우는데 ㅋㅋ 애들이 공부 방법을 모르는 듯
앞서가는 애들은 ai이용해서 빛의 속도로 지식습득함",0.45061898,이용 공부 빨리 배우 공부 방법 모르 앞서 이용 속도 지식 습득
Hm2mj361syM,AI 디지털교과서가 오히려 격차 유발,@옥빛바다-b9e,"그냥 하지 마라
그냥 공부는 책이 제일좋다
아이들 ADHD가 많다
디지털 안좋다",0.450438,그냥 그냥 공부 제일 아이 디지털
-ZUoWn6uvlc,(수업시연) AI 디지털교과서가 찾아왔어요 ㅣ 초등학교 4학년 수학,@iam_ai-i6g,디지털로 하면 공부 방법 달라져야 하는데. 손으로 무조건 쓰는건 해야 함,0.4498293,디지털 공부 방법 달라지 무조건
OcFXKUxiskw,AI디지털교과서로 공부하면 벌어지는 일 / 내년 수업 방식에 미리 대비해야 하는 이유,@xjrrhdmf,"저학년과 그 외 학년들은 그대로 가는 건가요?
자꾸 변하는 교육정책에 우왕좌왕 ㅜㅜ
강의도 들어보고 설명회도 가보았는데요.
인식 변화와
선생님의 자리도 변화가 생길 듯 싶습니다.",0.44971752,학년 학년 그대로 자꾸 변하 교육 정책 우왕좌왕 강의 설명회 인식 변화 선생 자리 변화 생기
QqBYIYTDHuQ,AI 디지털교과서' 어떻게 쓰나?…영어·수학 수업 참관해 보니｜지금 이 뉴스,@맑은하늘-e6i,흠.. 중학교가 저 실력이면....,0.44956687,중학교 실력
-ZUoWn6uvlc,(수업시연) AI 디지털교과서가 찾아왔어요 ㅣ 초등학교 4학년 수학,@gh57697,"6:32 학생 수준에 맞는 학습 진행이라니 정말 꿈과 같은 일이 일어났네요.
잘 이용이 되어 모든 학생들이 본인의 학습 능력을 끌어올릴수 있길 바랍니다.",0.44939142,6:32 학생 수준 학습 진행 정말 일어나 이용 모든 학생 본인 학습 능력 끌어올리 바라
vM6_u3czNfY,'AI 디지털교과서' 검정 절차 중단…2학기부터 교과서로 못 쓴다  / EBS뉴스 2025. 08. 05,@jstailer167,발행사들은 정부를 믿을게 아니라 연구결과와 현실성 교육적 가치를 따졌어야죠.,0.44762993,발행 정부 아니 연구 결과 현실 교육 가치 따지
OcFXKUxiskw,AI디지털교과서로 공부하면 벌어지는 일 / 내년 수업 방식에 미리 대비해야 하는 이유,@3BP-14,"득보다 실이 많지는 않을지 걱정이 앞서네요...디지털 교과서를 먼저 사용해보고 종이교과서로 돌아간 나라도 있는데 좀 신중해주었으면 좋겠는데, 충분히검토하신거겠지요?^^; 아이들을 상대로 위험한 실험이 되지 않았으면 하는 바램입니다.",0.44709292,걱정 앞서 디지털 교과서 먼저 사용 종이 교과서 돌아가 나라 신중 충분히 검토 아이 상대 위험 실험 바램
1dR6POZYN50,“AI디지털교과서 손본다”… 98% 도입 대구 운명은?ㅣTBC뉴스,@김영혜-m9z,모두가 반대하는 AI교과서 왜 밀어붙이는지  조사해야지! 애들 문해력이 떨어지고  있는데 한자나 가르치지!,0.44660297,모두 반대 교과서 밀어붙이 조사 문해 떨어지 가르치
JC35hy4u1mo,"AI 디지털교과서(AIDT), 도입해야할까? ｜토론으로 알아보는 교육정책",@lemonandlimeyy,사회자 선생님 말씀이 귀에 쏙쏙 들어오네요^^ 학생분들도 모두 똑똑하고 귀여워요 다음에는 고교시절 수학여행은 필요한것인가? 토론을 듣고싶어요,0.44648284,사회자 선생 말씀 쏙쏙 들어오 학생 모두 똑똑 귀엽 다음 고교 시절 수학여행 필요 토론
MgRCJjhSISs,"[이슈] 베일 벗은 AI 디지털교과서…1대1 맞춤형 학습 가능/'교육 격차' 줄인다지만…""문해력 저하·준비 부족""/2024년 12월 2일(월)/KBS",@숨겨진추론,"강제로 전자기기 주고  관리 못하면 돈내라   기업살리기 정책이지 학생 위한 정챡이냐?
종이책줘라",0.44561976,강제 전자 기기 관리 기업 살리 정책 학생 위하 정챡 종이
1dR6POZYN50,“AI디지털교과서 손본다”… 98% 도입 대구 운명은?ㅣTBC뉴스,@markseokbumkim8218,대구교육청 정말 문제 많습니다. 도입과정에서 특정인과 이해관계가 있는지 철처한 조사가 필요해보입니다.,0.445561,대구교육청 정말 문제 도입 과정 특정인 이해관계 처하 조사 필요 보이
OcFXKUxiskw,AI디지털교과서로 공부하면 벌어지는 일 / 내년 수업 방식에 미리 대비해야 하는 이유,@sunyounglee515,아..정말 싫어요..저희아이 무료로 학습패드 이용할기회가 있어서 몇일 사용해본적이 있는데요.. 책으로 잘 읽고 찾아보고 스스로 공부하던아이가 동영상보기 지루하니 속도를 줄였다 늘렸다 장난치고 단순 몇문제 풀더니 끝났지 하며 더 하려하지 않더라구요.. 가독성도 종이책보다 낮고 이미 책으로 스스로 잘하고있는 아이에게 문제풀이만 하면 공부가 끝난다는 인식을 심어줄까봐 하지않았는데… 정부에서 나서서 책을 멀리하게 만드는지 모르겠어요…,0.44502336,정말 저희 아이 무료 학습 패드 이용 기회 사용 스스로 공부 아이 동영상 지루 속도 줄이 늘리 장난치 단순 문제 가독성 종이 이미 스스로 아이 문제 풀이 공부 끝나 인식 정부 나서 멀리 만들 모르
ZOp_tXkpPH0,[단독] 말 많고 탈 많은 'AI 교과서'…교육자료로도 못 쓴다? / SBS 8뉴스,@vlfdhks,"백년지대계... 맞냐.. 정권이 바뀔 때마다 흔들어대는데, 오년지잡계 아니냐?
제발 현장에 혼란좀 그만 주고, 이런거 하나 하나 도입된다 어쩐다 할 때마다 교사들은 연수를 얼마나 들어야하는거냐
학교에서 안 쓰더라도 선생님들이 알고 있어야 다른 학교 가서 당황하지 않고 일 하신다며 연수 강행하고...
진짜 교육은 좀 그만 흔들면 좋겠다.",0.4447391,백년지대계 정권 바뀌 흔들 오년지잡계 아니 제발 현장 혼란 그만 이런 하나 하나 도입 어쩌 교사 연수 얼마나 학교 선생 다른 학교 당황 연수 강행 교육 그만 흔들
kMRBxDBbUas,"AI디지털교과서 논란, 핵심이 무엇인지 딱 알려드립니다!(교육대기자)[이슈따라잡기]",@pine_orange1493,"코앞에 닥친 교육이슈라, 더는 미룰수 없어 추천도서 구매했습니다~ 잘 읽고 인사이트 얻어볼게요! 8살 아이 교육에 대한 막막한 마음에 이 책이 도움이 되어주길 바래봅니다",0.44350988,코앞 닥치 교육 이슈 미루 추천 도서 구매 인사이트 아이 교육 막막 마음 도움 바래
QqBYIYTDHuQ,AI 디지털교과서' 어떻게 쓰나?…영어·수학 수업 참관해 보니｜지금 이 뉴스,@user-Domani1yi,저게 AI가 맞나 ㅡㅡ 그냥 멋져버일려고 AI라고 붙인거지?,0.44282728,저것 그냥 멋져버 붙이
-ZUoWn6uvlc,(수업시연) AI 디지털교과서가 찾아왔어요 ㅣ 초등학교 4학년 수학,@yuhalogs,3:41 기초 문제 풀이부터 심화 학습까지 기본기 튼튼하게 제공해 주는 게 좋다고 생각합니다 아이들이 직접 생각할 수 있게 튼튼하게 쌓아주니 똑똑해질 거 같네요 더 발전해 더 도움이 되면 좋겠습니다 좋은 영상 감사해요,0.44231254,3:41 기초 문제 풀이 심화 학습 기본기 튼튼 제공 생각 아이 직접 생각 튼튼 똑똑 발전 도움 감사
8hw4k3-pSn4,고양이 단어도 인식 못하는 AI 디지털교과서?...전자사전보다 못하다,@최영준-e9u,"아나 충분한 시간을 갖고 테스트, 오류 가능성 등을 염두해두고 만족할 만한 수준에 다달으면 출시해야지. 학생들이 베타테스터냐? 하여간 공위공무원 나불랭이들 하는 짓거리보면 개탄스럽다",0.4418592,충분 시간 테스트 오류 가능 염두 만족 수준 출시 학생 베타 테스터 하여간 공위 공무원 나불랭이 짓거리 개탄 스럽
OcFXKUxiskw,AI디지털교과서로 공부하면 벌어지는 일 / 내년 수업 방식에 미리 대비해야 하는 이유,@시작이반-f1k,사람이 피드백을 해줘도 자기께 안되는 애들에게 디지털로 피드백해준다면 와 좋겠다 하겠냐고요..,0.4416196,피드백 자기 디지털 피드백
JC35hy4u1mo,"AI 디지털교과서(AIDT), 도입해야할까? ｜토론으로 알아보는 교육정책",@임정수-u3l,AI디지털 교과서에 대한 학생들의 토론 흥미롭게 잘 봤네요.다음편에서는 문.이과 통합 및 교과목 선택권에 대한 토론이 이루어지면 좋겠네요,0.4412192,디지털 교과서 학생 토론 흥미 다음 이과 통합 교과목 선택 토론 이루어지
-ZUoWn6uvlc,(수업시연) AI 디지털교과서가 찾아왔어요 ㅣ 초등학교 4학년 수학,@yuni8409,"5:45 다양한 수학교구를 활용하여 학생이 각자 심화 학습을 할 수 있다는 점, 가장 인상적이었어요",0.44094104,5:45 다양 수학 교구 활용 학생 각자 심화 학습 가장 인상
-ZUoWn6uvlc,(수업시연) AI 디지털교과서가 찾아왔어요 ㅣ 초등학교 4학년 수학,@hoony39,"4:35 어려움을 겪는 학생들을 미리 파악해서 알려줄수 있어서 너무 좋은거 같아요
맞춤형 교육에 필요해서 좋아요",0.44092354,4:35 어려움 학생 미리 파악 알리 맞춤 교육 필요
-4vkoutI3MQ,AI 디지털교과서를 활용한 교사가 이끄는 교실혁명!!,@Korea989,"교사는 학생의 이해도를 실시간으로 확인하 고, 필요한 경우 자료를 바로 보완하거나 개별 학습을 지도 할 수 있겠네요. 이는 전통적인 교과서로는 어려웠던 맞춤형 수 업을 가능하게 해줄거예요",0.44076473,교사 학생 이해도 실시간 확인 필요 경우 자료 바로 보완 개별 학습 지도 전통 교과서 어렵 맞춤 가능
4Niolo0Avnk,"'교육자료' 된 AI 디지털교과서, 채택 여부 학교 선택에 맡긴다 [모잇슈] / EBS뉴스",@김용-h1w,"부작용을 다 아는걸 굳이 왜 자꾸 하려는걸까. 정말 궁금합니다
애들도 점점 적어지는데 부작용없이 잘 가르쳐야되지 않나싶네요",0.44018596,부작용 굳이 자꾸 정말 궁금하 점점 부작용 없이 가르치
OcFXKUxiskw,AI디지털교과서로 공부하면 벌어지는 일 / 내년 수업 방식에 미리 대비해야 하는 이유,@coco-th9dg,이미 있는 학습패드와 비슷 한 거 아닌가요. 집에서 부모가 선택해서 보조 기구로 쓸 일이지 싶은데.. 생각 할 힘을 더 줄이지 않을까 걱정되네요.,0.4396224,이미 학습 패드 비슷 아니 부모 선택 보조 기구 생각 줄이 걱정
yG7JrRtFY08,어서와~ AI 디지털교과서 미리보기는 처음이지(중학교 영어편),@SEONMINLEE-g1u,디지털교과서가 더 효율적으로 느껴집니다.,0.43877178,디지털 교과서 효율 느끼
4Niolo0Avnk,"'교육자료' 된 AI 디지털교과서, 채택 여부 학교 선택에 맡긴다 [모잇슈] / EBS뉴스",@gbcszcfdcvc001,"교육은
인간 사이의 교류를 통해 
지식을 찾고 그 공감대를 넓혀 가는 것이 가장 중요하다고 본다

저출산, 고령, 저성장 시대에도
여전히 '첨단'으로 현혹해서 치고 빠지기 하며
    비싼 세금 뿌리고 있다",0.4379812,교육 인간 사이 교류 통하 지식 공감대 넓히 가장 중요 출산 고령 성장 시대 여전히 첨단 현혹 빠지 비싸 세금 뿌리
1dR6POZYN50,“AI디지털교과서 손본다”… 98% 도입 대구 운명은?ㅣTBC뉴스,@IAI123,"이재명 당 대표 취임사 내용 일부 중 

"" 학력 격차를 해소하고자 모든 학년에게 1인당 1 태블릿을 무상으로 제공할 것이며 """,0.43618518,이재명 대표 취임사 내용 일부 학력 격차 해소 모든 학년 태블릿 무상 제공
yG7JrRtFY08,어서와~ AI 디지털교과서 미리보기는 처음이지(중학교 영어편),@shybooktalk,"홍보영상에는 학생들은 빠져있고, 선생님이 편리한~~~~만 계속 나열하는 듯 합니다.",0.435415,홍보 학생 빠지 선생 편리 계속 나열
yG7JrRtFY08,어서와~ AI 디지털교과서 미리보기는 처음이지(중학교 영어편),@OTL-f3v,사교육의존도는 더 높아질듯,0.43530947,사교육 의존도 높아지
QqBYIYTDHuQ,AI 디지털교과서' 어떻게 쓰나?…영어·수학 수업 참관해 보니｜지금 이 뉴스,@휘바-v5s,한반에 15~20명밖에 안되는데.. 그걸 못하면 . 교사들의 역량이 부족한것임,0.43473992,그거 교사 역량 부족
-ZUoWn6uvlc,(수업시연) AI 디지털교과서가 찾아왔어요 ㅣ 초등학교 4학년 수학,@herbjung6637,"5:07 디지털교과서로 배우는 것으로 끝내는 것이 아니라
그 내용을 바탕으로 모둠활동 토론을 하는 것이 인상깊었습니다
토론을 준비하는 아이들의 모습이 기특했어요",0.43422538,5:07 디지털 교과서 배우 끝내 아니 내용 바탕 모둠 활동 토론 인상 토론 준비 아이 모습 기특
OcFXKUxiskw,AI디지털교과서로 공부하면 벌어지는 일 / 내년 수업 방식에 미리 대비해야 하는 이유,@leaf-c1t리프,이걸도대체 왜하는지!! 적어도 학부모에게 찬반투표정도는 해야하는거 아닌가요? 누굴위한정책인가요 기업을 위한 교육정책같네요.  애들 시력을 누가책임집니까? 거부하고싶습니다.,0.4340849,이거 도대체 적어도 학부모 찬반 투표 정도 아니 누구 위하 정책 기업 위하 교육 정책 시력 누구 책임지 거부
Hm2mj361syM,AI 디지털교과서가 오히려 격차 유발,@밍지-x9t,디지털교과서하면 격차 더 커질거라고 시행한다할때부터 예상했음.,0.43386418,디지털 교과서 격차 커지 시행 예상
kMRBxDBbUas,"AI디지털교과서 논란, 핵심이 무엇인지 딱 알려드립니다!(교육대기자)[이슈따라잡기]",@llllllll-h3o,고등학교 입학 때 까지라도 학생들 스마트폰 보유하지 못하게 법으로 만들어라 스마트폰 부작용 너무 크다. 특히 중독된 아이들 너무 많다. 엄마 아빠도 못알아볼 정도로 중독문제 심각하다.,0.43386337,고등학교 입학 학생 스마트폰 보유 못하 만들 스마트폰 부작용 특히 중독 아이 엄마 아빠 알아보 정도 중독 문제 심각
8hw4k3-pSn4,고양이 단어도 인식 못하는 AI 디지털교과서?...전자사전보다 못하다,@일기일혼,"와 ...  어질어질하네  ..  교육부대표나온사람 장관맞지?   교과서는 교육부 핵심사업아닌가?  그에관련된 ai면   아주 중요하게 다뤄야되는대 .  장관이란자가.  기술적 디태일까지는 모를수있지만 .  기본 개념과 원리정도는 알아야지 ...  그것도 아니면 기존 방법과 차이정도는 알아야지 ..   데이터로해야겠다 알고리즘   학습더시켜야된다 이따구.... 고양이 단어 하나에... 말하는거보면  하나도 모르는게 분명하다 .. 
그리고 제작업체 능력검증 필요하겠는대 ?   사전조차 학습(데이터축적)도 안시킨거고 .   알고리즘 자체도 의심스럽고 . 전면조사해야되겠는대. 아주 심각한 상황임",0.43351352,어질어질 교육부 대표 나오 장관 교과서 교육부 핵심 사업 아니 관련 아주 중요 다루 장관 기술 디태일 모르 기본 개념 원리 정도 그것 아니 기존 방법 차이 정도 데이터 알고리즘 학습 시키 이따 고양이 단어 하나 하나 모르 분명 그리고 제작 업체 능력 검증 필요 사전 학습 데이터 축적 시키 알고리즘 자체 의심 스럽 전면 조사 아주 심각 상황
vM6_u3czNfY,'AI 디지털교과서' 검정 절차 중단…2학기부터 교과서로 못 쓴다  / EBS뉴스 2025. 08. 05,@peterjeong3220,"고교학점제에 Ai디지털에 수백억씩 쏟아부으면서 정작 시간표 작성 프로그램 하나 배포 못하는 교육부.  사설 프로그램 구매해서 쓰는 단위 학교의 불편함은 안중에도 없고, 그저 어떻게 하면 돈 슈킹해서 나눠 처먹을까만 생각하는 교육부와 교육청. 그 무책임과 탐욕에 경의를 표한다.",0.43339115,고교 학점 디지털 수백억 정작 시간표 작성 프로그램 하나 배포 교육부 사설 프로그램 구매 단위 학교 불편 안중 그저 어떻 슈킹 나누 처먹 생각 교육부 교육청 책임 탐욕 경의
MgRCJjhSISs,"[이슈] 베일 벗은 AI 디지털교과서…1대1 맞춤형 학습 가능/'교육 격차' 줄인다지만…""문해력 저하·준비 부족""/2024년 12월 2일(월)/KBS",@hong7805,어이가 없네.. 그냥 기존 앱 몇개 섞어 놓은게 개별 맞춤교육이냐? 개발비 어따가 썼어?,0.43281507,어이 그냥 기존 개별 맞춤 교육 개발비 어따
-ZUoWn6uvlc,(수업시연) AI 디지털교과서가 찾아왔어요 ㅣ 초등학교 4학년 수학,@이보호-n8e,"4:21 전부다 같은 화면을 공유하며 수업중에 다른 방해 활동을 할수없게 되어서 좋은것 같아요
선생님은 실시간으로 대시보드를 통해 학생들의 학습 이해도를 파악해서 학생들을 지도하는점도 괜찮네요
그외 토론이나 서로 의견나누고 AI장점들을 볼수있어서 좋았습니다",0.43266416,4:21 전부 화면 공유 수업 다른 방해 활동 선생 실시간 대시보드 통하 학생 학습 이해도 파악 학생 지도 괜찮 토론 서로 의견 나누 장점
1dR6POZYN50,“AI디지털교과서 손본다”… 98% 도입 대구 운명은?ㅣTBC뉴스,@mint-e5k-x3c,"대구도 교사, 학부모 모두 반대 입장이 많습니다. 제발 철회되기를 간절히 바랍니다.",0.43158638,대구 교사 학부모 모두 반대 입장 제발 철회 간절히 바라
QqBYIYTDHuQ,AI 디지털교과서' 어떻게 쓰나?…영어·수학 수업 참관해 보니｜지금 이 뉴스,@찰스찰스찰스,아이들은 성장기인대 교과서가 아닌 태블릿이나 노트북으로 장기간 한다면 시력에 엄청 안좋을것입니다 특히 안구건조증은 기본이고 시력악화는 덤으로 갑니다,0.43157092,아이 성장기 교과서 아니 태블릿 노트북 장기간 시력 엄청 특히 안구 건조증 기본 시력 악화
MgRCJjhSISs,"[이슈] 베일 벗은 AI 디지털교과서…1대1 맞춤형 학습 가능/'교육 격차' 줄인다지만…""문해력 저하·준비 부족""/2024년 12월 2일(월)/KBS",@전은숙-v9e,"늘봄학교 대대적으로 홍보해서 삼남매 육아에 도움 좀 받으려고 보내봤는데 진짜... 교사 역량과 자질(늘봄교사가 저한테 직접 공짜라고 개나소나 다 보내서 애들 바글거려서 힘들다라며 짜증냄) 운영시스템 미흡 등 제대로 겪어보고, 교육 정책에 불신 가득으로 돌아섰습니다. 새 시스템이 정착되기까지 시행착오를 겪어야겠지요. 하지만 제가 직접 그 부분을 겪어보니 참... 웃음만 나옵니다.",0.43097538,학교 대대적 홍보 남매 육아 도움 보내 교사 역량 자질 교사 직접 공짜 보내 바글거리 힘들 짜증 운영 시스템 미흡 제대로 교육 정책 불신 가득 돌아서 시스템 정착 시행착오 하지만 직접 부분 웃음 나오
fvHp65N6VM8,AI 디지털 교과서 내년 도입…채택 논란은 격화 / KBS  2024.11.29.,@Kindly_cioa,"진짜 싫다,,,공부도 안되고
도데체 이게 뭐지? 수업을좋아하는건
무슨 더 집중이 안되겠다",0.42951798,공부 도데체 이것 수업 무슨 집중
Hm2mj361syM,AI 디지털교과서가 오히려 격차 유발,@훌륭한나-x7t,종이 교과서가 좋습니다. 디지털 교과서를 반대합니다.,0.42891183,종이 교과서 디지털 교과서 반대
-ZUoWn6uvlc,(수업시연) AI 디지털교과서가 찾아왔어요 ㅣ 초등학교 4학년 수학,@체리조아v,4:15 “집중학습모드”가 인상적이었어요! 교과서로 공부할때는 다른책을 펴놓거나 딴짓을 해도 몰랐는데 이렇게 선생님이 집중학습모드 제어 기능으로  학생들을 한번에 관리할수있는게 정말 편리하고 학생들에게도 도움이 될거같아요!,0.42791656,4:15 집중 학습 모드 인상 교과서 공부 다른 모르 이렇 선생 집중 학습 모드 제어 기능 학생 관리 정말 편리 학생 도움
-ZUoWn6uvlc,(수업시연) AI 디지털교과서가 찾아왔어요 ㅣ 초등학교 4학년 수학,@장효선-s3f,"4:15 선생님이 정해진 화면을 클릭하면서 아이들에게도 그 화면이 공유된다는 사실이 신기하네요
         학교에선 아이들에게 교과서 몇 페이지 펴라, 아직 안폈니? 등등으로 시간을 소비하게 되는 일이 종종 있거든요
        선생님에게도 아이들에게도 편리한 기능인것 같습니다",0.42787766,4:15 선생 정하 화면 클릭 아이 화면 공유 사실 신기 학교 아이 교과서 페이지 아직 등등 시간 소비 종종 선생 아이 편리 기능
QqBYIYTDHuQ,AI 디지털교과서' 어떻게 쓰나?…영어·수학 수업 참관해 보니｜지금 이 뉴스,@sadfadfsdf6897,이게 어딜 봐서 'AI' 교과서냐? LLM이 알아서 학생 음성 인식하고 알아서 화면 인식해서 문제풀어주는것도 아무것도 없는데? 이딴 쓰레기 만드려고 업체에 수백억이나 퍼주고 뭐하는짓이냐? 그냥 앤트로픽이나 오픈AI랑 공동구매 협약 맺고 차라리 Claude GPT 활용하는 법이나 가르쳐라.,0.42787087,이것 어디 교과서 학생 음성 인식 화면 인식 문제 아무것 쓰레기 만드 업체 수백억 그냥 앤트로픽 오픈 공동 구매 협약 차라리 활용 가르치
JC35hy4u1mo,"AI 디지털교과서(AIDT), 도입해야할까? ｜토론으로 알아보는 교육정책",@Jungkookiiil,우리 학생들 똑부러지게 입장을 발표하는 모습이 대견하네요. 다음에는 대입제도개편에 관한 토론 영상 보고 싶어요!,0.4272322,우리 학생 부러지 입장 발표 모습 대견 다음 대입 제도 개편 관하 토론
LKQITkR1SRg,"AI 디지털교과서 '교육자료' 격하에…발행사들 ""헌법소원 불사"" / EBS뉴스 2025. 08. 06",@대충라고말하는댓글,애초에 AI도 아니었음. 그냥 디지털 자료였지,0.4271065,애초 아니 그냥 디지털 자료
OcFXKUxiskw,AI디지털교과서로 공부하면 벌어지는 일 / 내년 수업 방식에 미리 대비해야 하는 이유,@너라서-d1i,"본인 학습 강약점은 데이터가 분석해 줄 것이 아니라 본인이 해야 사고,분석,해결력도 생기고 하는거지. 아주  모든걸 떠먹여 주는 바보를 만드는구나 싶네요.",0.42688775,본인 학습 강약 데이터 분석 아니 본인 사고 분석 해결력 생기 아주 모든 떠먹이 바보 만들
K5xHXY8rgvw,AI디지털교과서 도입 첫해‥ 교실은 아직 '준비 중' (2025.05.07/뉴스데스크/춘천MBC),@nonejaeuk,소중하고 귀한 아이들의 감수성을 메마르게 만드는 교육방식이네요. 저기 앉아있는 아이들이 불쌍하고 미안합니다,0.42661735,소중 귀하 아이 감수 메마르 만들 교육 방식 저기 아이 불쌍 미안
VRyVZG_q8SQ,종이 없는 AI 디지털 교과서 시대 열린다 [AI 교과서 도입]① [9시 뉴스] / KBS  2024.03.14.,@민억식,"Ai교과서 실체를 아는가 학습지를 컴퓨터로 옮겨노은것뿐인것같은데
수천억을 들여  뭘 한다고  세금좀아낍시다
 제사와 떡고물",0.4258704,교과서 실체 학습지 컴퓨터 옮기 수천 들이 세금 아끼 제사 떡고물
MgRCJjhSISs,"[이슈] 베일 벗은 AI 디지털교과서…1대1 맞춤형 학습 가능/'교육 격차' 줄인다지만…""문해력 저하·준비 부족""/2024년 12월 2일(월)/KBS",@themum-u3e,이런거 벌써 사교육 웅****통해 해봤는데 망했고요.  지면교재로만하는 사교육으로 바꿨어요. 한귀로 듣고 한귀로 나가기 쉽고 초딩은 특히 학습태도에 문제 많이생겨 중딩이후 나중에 후회할겁니다. 글씨도 너무 엉망이고..노트쓸줄도 모르고..영수국포자 저거 들고 혼자 집에서 공부 안합니다. 기존 사교육에서 저런거 많이 있어요. .ㅎㅎ,0.42515343,이런 벌써 사교육 통하 망하 지면 교재 사교육 바꾸 나가 초딩 특히 학습 태도 문제 많이 생기 이후 나중 후회 글씨 엉망 노트 모르 영수국포자 저거 혼자 공부 기존 사교육 저런 많이
Hm2mj361syM,AI 디지털교과서가 오히려 격차 유발,@바람이분다-k8h,실험 결과도 있쟎아요~ E-북으로 볼때랑 종이책으로 읽을때랑 뇌 활성되는 부분이 다르던데요~~ 아이들에겐 종이책 주세요~~,0.4226252,실험 결과 있쟎아요 종이 활성 부분 다르 아이 종이
OcFXKUxiskw,AI디지털교과서로 공부하면 벌어지는 일 / 내년 수업 방식에 미리 대비해야 하는 이유,@윤율-w2v,현장에 있는 선생님들도 반대하는데... 교육부 미친거아닌가? 선생님들 월급이나 올려줘서 더 바르고 능력있는 선생님들을 뽑는게 100배 낫지 ㅡㅡ,0.42142373,현장 선생 반대 교육부 미치 아니 선생 월급 올리 바르 능력 선생
QqBYIYTDHuQ,AI 디지털교과서' 어떻게 쓰나?…영어·수학 수업 참관해 보니｜지금 이 뉴스,@thatofmy8550,"도입 했던 국가들도 부작용으로 종이 교과서로 돌아갔는데

이 무슨 무지성 교육행정이냐?",0.42064178,도입 국가 부작용 종이 교과서 돌아가 무슨 지성 교육 행정
t_s5gfG3ORw,"""10만 명 여론조사를 못 믿어요?"" AI 디지털교과서 여론조사 못 믿는 장관에게",@범하-u2l,"나도 이거 설문 전화받았었다.
난 이 교육방식 이전에 교육내용부터 바로잡는게 필요하다고 답변했다.
뉴라이트가 편찬한 교과서가 존재하는한 제대로 된 교육이 될 수 있을리가 없다.",0.41997546,이거 설문 전화 교육 방식 이전 교육 내용 바로잡 필요 답변 뉴라이트 편찬 교과서 존재 제대로 교육
OcFXKUxiskw,AI디지털교과서로 공부하면 벌어지는 일 / 내년 수업 방식에 미리 대비해야 하는 이유,@use.보슬이,"절대 반대다.
그 막대한 돈으로 교육계에 더 투자했어야한다",0.41961142,절대 반대 막대 교육 투자
Hm2mj361syM,AI 디지털교과서가 오히려 격차 유발,@꿀라스미르,시골 은 오히려 디지털 교과서 불리한데 인터넷 안되는 집이 수두룩하다 다 쓰러져가는집에 인터넷 설치도 안해준다,0.41880804,시골 오히려 디지털 교과서 불리 인터넷 수두룩 쓰러지 인터넷 설치
OcFXKUxiskw,AI디지털교과서로 공부하면 벌어지는 일 / 내년 수업 방식에 미리 대비해야 하는 이유,@김나리-z3u,시작은.되었는데 또.흐지부지.될까.걱정이네요. 그럼 아이들도.혼란스러워질텐데😅 사실 이미.아이들이.테블릿에 많이.적응되어있긴 합니다. 좋은.활용이.되길~😊,0.4184681,시작 흐지부지 걱정 그럼 아이 혼란 스럽 사실 이미 아이 테블릿 많이 적응 활용
MgRCJjhSISs,"[이슈] 베일 벗은 AI 디지털교과서…1대1 맞춤형 학습 가능/'교육 격차' 줄인다지만…""문해력 저하·준비 부족""/2024년 12월 2일(월)/KBS",@ppoiuytt,ㅋㅋ 엉터리임. 부진아가 더 늘어날것임. 교육을 모르는 자가 저지른 정책임.,0.41803256,엉터리 부진아 늘어나 교육 모르 저지르 정책
JC35hy4u1mo,"AI 디지털교과서(AIDT), 도입해야할까? ｜토론으로 알아보는 교육정책",@kichanglee4219,"AI디지털 교과서에 대한 토론 잘 봤어요.
다음 주제로는 사교육 열풍에 대한 토론 펼치면 좋을 것 같아요.",0.41801745,디지털 교과서 토론 다음 주제 사교육 열풍 토론 펼치
OcFXKUxiskw,AI디지털교과서로 공부하면 벌어지는 일 / 내년 수업 방식에 미리 대비해야 하는 이유,@kkkk-od1bf,도대체 왜 이런 !!! 말도 안되는 정책을 내놓을까요! 학교에서는 종이책으로!!!!!!!  배우면 좋겠어요,0.41746747,도대체 이런 정책 내놓 학교 종이 배우
t_s5gfG3ORw,"""10만 명 여론조사를 못 믿어요?"" AI 디지털교과서 여론조사 못 믿는 장관에게",@김영경-p9i,"의료도이렇게망치고,의대교육도 이리망치고, 전영역에 학생들도 망칠려고하네",0.41719335,의료 이렇 망치 의대 교육 이리 망치 영역 학생 망치
JC35hy4u1mo,"AI 디지털교과서(AIDT), 도입해야할까? ｜토론으로 알아보는 교육정책",@용기-p1i,다음 토론에서는 온라인 수업의 확대에 대해서 토론했으면 좋겠습니다,0.41686547,다음 토론 온라인 수업 확대 토론
Hm2mj361syM,AI 디지털교과서가 오히려 격차 유발,@juangaros,어릴 때는 종이책 독서 교육이 가장 중요합니다.,0.41675285,어리 종이 독서 교육 가장 중요
1dR6POZYN50,“AI디지털교과서 손본다”… 98% 도입 대구 운명은?ㅣTBC뉴스,@노을-k4k,부모로서 절대반대합니다 ㆍ절대절대ᆢ디지털교과서 폐지해주세요ㆍ대구때문에 그 외 학생들이 피해를 봐야합니까? 대구만해ㆍ짜증나,0.416654,부모 절대 반대 절대 절대 디지털 교과서 폐지 대구 때문 학생 피해 대구 만해 짜증
kMRBxDBbUas,"AI디지털교과서 논란, 핵심이 무엇인지 딱 알려드립니다!(교육대기자)[이슈따라잡기]",@justicedoctor86,"도대체 정부 누굴 믿고 수십억 수백억씩 투자했다는거지? 처음엔 수십억 수백억씯 투자했다더니 이제는 2조 투자 했다고 말이 나오네 ㅋㅋㅋㅋㅋ 
교육부 내에 누구랑 약속하고 저 짓한거면 혈세농단 배임 사건 될 소지는 알고 떠드는건지
학부모 교사 다수 반대여론 다 무시하고 날치기 하듯 추진해놓고 이제와서 소송한단다… 교육부 누구한테 검정 채택 약속 받았는지 얼마 투자해서 손실 얼마인지 딱 정확히 계산해서 그 사람 상대로 소송 걸면 되겠네요. 그리고 그렇게 자신있는 컨텐츠면 왜 교과서 필수 지정 고집하는지 모르겠음, 서비스가 좋으면 사교육 공교육 안가리고 유료라도 팔립니다. 그게 자본주의 기본이죠. 정부에 도대체 누굴 믿었는지 모르겠는데 그거 믿고 수백억 수천억 투자했다고 수조원대 예산 내달라는건 거의 대놓고 해쳐먹겠단 소리나 다름없어보이는데
반대 여론에도 무릎쓰고 졸속추진하고 뭐 압박이라도 한 듯 90%이상 채택해서 써본 대구 학교들 설문 만족도 처참할 정도로 낮게 나왔다던데 반성이 먼저 아님? 
돌아가는 꼴 보니 막판까지 직원들, 기레기들 데리고 시위하고 AI 교과서 폐지 반대 기사 쓰느라 정신없던데 떼 쓴다고 천문학적인 국민혈세 수조원이 왜 매년 낭비되어야 하는지부터 설명 좀
(종이값드는 종이 교과서 1년 예산 추정 9000억대, 한번 만들어놓고 업데이트만 하면 되는 무형의 디지털 교과서 예산 5~10조 조단위 예상)",0.41640627,도대체 정부 누구 십억 수백억 투자 처음 수십억 투자 이제 투자 나오 교육부 누구 약속 혈세 농단 배임 사건 소지 학부모 교사 다수 반대 여론 무시 날치기 추진 이제 소송 교육부 누구 검정 채택 약속 얼마 투자 손실 얼마 정확히 계산 상대 소송 그리고 그렇 자신 컨텐츠 교과서 필수 지정 고집 모르 서비스 사교육 공교육 가리 유료 팔리 그것 자본주의 기본 정부 도대체 누구 모르 그거 수백억 수천억 투자 수조 예산 거의 대놓고 해치 소리 다름없 보이 반대 여론 무릎 졸속 추진 압박 이상 채택 대구 학교 설문 만족도 처참 정도 나오 반성 먼저 아니 돌아가 막판 직원 기레기 데리 시위 교과서 폐지 반대 기사 정신 천문학 국민 혈세 수조 매년 낭비 설명 종이 종이 교과서 예산 추정 만들 업데이트 무형 디지털 교과서 예산 단위 예상
QqBYIYTDHuQ,AI 디지털교과서' 어떻게 쓰나?…영어·수학 수업 참관해 보니｜지금 이 뉴스,@meiyoon9311,"4월 중순인데... 아직도 사용 안하고 있습니다...
지난 주 학부모 정보동의 연락왔는데
한 학년에 한명이라도 정보동의 안하면 사용 못한답니다....

그런데 담임선생님도 모르고계세요...

현장에서 사용 할 계획이 없다는거겠죠.

수업은 3월부터 종이 교과서로 하고 있었답니다.

학년 당 한학기 약 1000만원돈이 살살 녹네요....
전국단위면 도대체 얼마인건지...",0.41640517,중순 아직 사용 지나 학부모 정보 연락 학년 정보 동의 사용 그런데 담임 선생 모르 현장 사용 계획 수업 종이 교과서 학년 학기 살살 전국 단위 도대체 얼마
D5lYwEBwrR0,사교육 대책의 핵심 AI 디지털 교과서,@mastermoonsun9662,엘리하이 씽크빅 하고 싶은애들은 그거하면 되지 왜 그걸 공교육으로 끌고와? 그럼 선생은 왜 필요하냐? 세금으로 업체들 배불리려는거 뿐이 더되나?,0.41606945,엘리하이 씽크빅 그거 그거 공교육 그럼 선생 필요 세금 업체 불리
kMRBxDBbUas,"AI디지털교과서 논란, 핵심이 무엇인지 딱 알려드립니다!(교육대기자)[이슈따라잡기]",@꿀나무-koo,대구교육청 아이들을 인질로 이용하고 막대한 이익은 나눠먹는 어른들이 있다는게 기가막힐 노릇이죠.,0.41594774,대구교육청 아이 인질 이용 막대 이익 나누 어른 막히 노릇
8hw4k3-pSn4,고양이 단어도 인식 못하는 AI 디지털교과서?...전자사전보다 못하다,@bologcom,출판사 외주를 받을 정도 규모의 업체에서 어떤 수준의 개발자를 채용해서 AIDT를 개발하고 있을지 뻔히 보이네요,0.41544646,출판사 외주 정도 규모 업체 어떤 수준 개발자 채용 개발 뻔히 보이
-ZUoWn6uvlc,(수업시연) AI 디지털교과서가 찾아왔어요 ㅣ 초등학교 4학년 수학,@APT_Farmer,"댓글이 AI같아서 소름.. ㅋㅋㅋ 나 아들 둘 아줌마고. 교육경력 10년차다. 집에서 아이스크림홈런 2년동안 애들 시켜봤는데 큰 효과 없다. 패드가 펜 인식 못하면 애들이 펜으로 패드를 쾅쾅 내리치면서 엄청 스트레스받아한다. 사고하고 고민하는데 시간이 드는게 아니라, 서식에 맞게 답을 입력하는데 시간이 ㄴ ㅓ무 걸려서 애들이 지쳐함. 머리로  자기는 생각하고, 엄마가 답 써넣어라 하는 경우도 많다.  아이들이 제일 좋아하는건 매일 학습이 아니고, 결국은 거기서 제공하는 동영상이었다. 후.......차라리 옆에 끼고 앉아 책 같이 읽고, 교과서로 슥슥 풀게 하는게 훨씬 나음. 이건 온국민을 우매하게 만들어서 -_- 정치인들 입맛에 맞는 흐리멍텅한 시민을 만들자는 목적  혹은 aI로 뭐 해처먹어야겠다 라는 생각이 아니면 굳이 할 이유가 없는 사업이다.",0.4149887,댓글 소름 아들 아줌마 교육 경력 아이스크림 홈런 동안 시키 효과 패드 인식 패드 쾅쾅 내리치 엄청 스트레스 사고 고민 시간 아니 서식 입력 시간 걸리 지치 머리 자기 생각 엄마 경우 아이 제일 좋아하 매일 학습 아니 결국 거기 제공 동영상 차라리 같이 교과서 슥슥 훨씬 이거 국민 우매 만들 정치인 입맛 흐리멍텅 시민 만들 목적 혹은 처먹 생각 아니 굳이 이유 사업
Hm2mj361syM,AI 디지털교과서가 오히려 격차 유발,@eunha6878,초등은 종이책. 코로나 때 초등 저학년 죽쑴,0.41489166,초등 종이 코로나 초등 학년
yG7JrRtFY08,어서와~ AI 디지털교과서 미리보기는 처음이지(중학교 영어편),@eunice1174,결국 컴퓨터나 패드로 수업을하라는 건데 개인적으로 발음해보고 교정한다는 것도 한교실에 25명 학생을 두고서는 불가능.  숙제로 낸다? 더더욱 안함. 휴....,0.41466764,결국 컴퓨터 패드 수업 개인 발음 교정 교실 학생 가능 숙제 더더욱
Hm2mj361syM,AI 디지털교과서가 오히려 격차 유발,@eio798,"어느 나라인지 기억 안나지만 디지털로 했다가 학습력이 떨어져서 다시 종이로 바꾼다고 하드만...
사례가 않좋은데 왜 하는거야?",0.4138386,어느 나라 기억 디지털 학습 떨어지 다시 종이 바꾸 사례
-ZUoWn6uvlc,(수업시연) AI 디지털교과서가 찾아왔어요 ㅣ 초등학교 4학년 수학,@budeully6312,05:34 개념 심화 학습등 학습에 더 도움이 되길 응원합니다.,0.41192937,05:34 개념 심화 학습 학습 도움 응원
D5lYwEBwrR0,사교육 대책의 핵심 AI 디지털 교과서,@user-vm5ls9kg7c,"두뇌발달은 인간 스스로 메타인지를 이용해 부족한 점을 찾아 발전시키는 것으로 가능한데 ai가 주는대로 배우는게 과연 효과적일까요? 
이건 그냥 ai의 노예가 되는거죠",0.41190404,두뇌 발달 인간 스스로 메타 인지 이용 부족 발전 시키 가능 대로 배우 과연 효과 이거 그냥 노예
MgRCJjhSISs,"[이슈] 베일 벗은 AI 디지털교과서…1대1 맞춤형 학습 가능/'교육 격차' 줄인다지만…""문해력 저하·준비 부족""/2024년 12월 2일(월)/KBS",@장진경-r9o,스웨덴은 다시 종이로 돌아갔다는 정보는 어디갔는지.. 애들 디지털때문에 더 안좋다는데 왜 굳이 그짓을하냐,0.41045687,스웨덴 다시 종이 돌아가 정보 어디 디지털 때문 굳이
chEbEKLdCag,[현장영상] 정말 우리 아이에게 도움이 될까?... AI 디지털 교과서로 불안한 학부모들께..,@월비-m5g,디지털 교과서 판매하면 어느 곳에서 이득이에요?,0.41000247,디지털 교과서 판매 어느 이득
1dR6POZYN50,“AI디지털교과서 손본다”… 98% 도입 대구 운명은?ㅣTBC뉴스,@The논개,보여주기식 교육 그만! 틱을 가진 아이의 부모들은 걱정이 됩니다.,0.40972763,보이 교육 그만 가지 아이 부모 걱정
D5lYwEBwrR0,사교육 대책의 핵심 AI 디지털 교과서,@KimDDueRR,현직입니다. 까는 소리 하네 진심. 아이들을 퍼라미터로 입력하나? 아이들의 뭘 파라미터화 하지? LLM이 판단과 평가까지 하냐??,0.40960205,현직 소리 진심 아이 퍼라미터 입력 아이 파라미터 판단 평가
OcFXKUxiskw,AI디지털교과서로 공부하면 벌어지는 일 / 내년 수업 방식에 미리 대비해야 하는 이유,@hyunjilee4444,"어른들보다 조절 능력이 떨어지는 아이들이 미디어 중독이 될까봐 게임도 유투브도 시간제한하며 조심하고 있는데~ ai로 학습한다는게 말이 안돼요~
극단적으로 미디어 중독자의 뇌와 마약중독자의 뇌가 같다고 하죠~ 도파민 시스템도 붕괴되고
저도 미디어를 안보여주진 않지만 학교에서까지 그러고 싶지 않아요~ 
아이들 문해력도 떨어지고 심화는 생각하려는 끈기도 부족해져가는데 ai학습이 얼마나 도움이 될지 의문이예요~  그러면서 수능은 논술을 강화한다고 하고
논술도 사교육으로 가야할것 같네요~",0.40910256,어른 조절 능력 떨어지 아이 미디어 중독 게임 유투브 시간 제한 조심 학습 극단 미디어 중독자 마약 중독자 도파민 시스템 붕괴 미디어 보이 학교 그러 아이 문해 떨어지 심화 생각 끈기 부족 학습 얼마나 도움 의문 그러 수능 논술 강화 논술 사교육
OcFXKUxiskw,AI디지털교과서로 공부하면 벌어지는 일 / 내년 수업 방식에 미리 대비해야 하는 이유,@ppoppo1919,이 사업으로 누가 돈을 버는지 보면 답이 나오지요.  인터넷 강의도 안보여주는데 학교가 나서서 난리네요.,0.4088094,사업 누구 나오 인터넷 강의 보이 학교 나서 난리
QqBYIYTDHuQ,AI 디지털교과서' 어떻게 쓰나?…영어·수학 수업 참관해 보니｜지금 이 뉴스,@동선생-t9h,"ㅁㅊㅋㅋㅋㅋㅋㅋㅋㅋㅋㅋㅋㅋㅋ 이미 나와 있는 툴로도 충분히 할 수 있는거잖아? 캐릭터 그리는거야 기본 그림판 부터 시작해서 태블릿 이용하면 쉽게 그릴 수 있네? 아이들끼리 작품 공유하는 것도 패들렛 사이트에 올리면 다 볼 수 있는 거잖아? 문법도 문법 검사기 이용하면 다 되는 것들임. 고작 이걸 교과서에 몰아넣기 위해서 그 예산을 들였냐? 예산 들일거면 다른 예산은 건드리지 말고 하던가. 왜 문화 예술, 기초학력 예산 다 개박살 내놓고 이걸 무리하게 추진한거야?",0.40846947,이미 나오 충분히 캐릭터 기본 그림 시작 태블릿 이용 아이 끼리 작품 공유 패들렛 사이트 올리 문법 문법 검사 이용 고작 이거 교과서 몰아넣 위하 예산 들이 예산 들이 다른 예산 건드리 문화 예술 기초 학력 예산 개박살 내놓 이거 무리 추진
yG7JrRtFY08,어서와~ AI 디지털교과서 미리보기는 처음이지(중학교 영어편),@terran1231able,AIDT 영어교과서 2025년에 정말로 기대됩니다.!,0.4079777,영어 교과서 정말로 기대
QqBYIYTDHuQ,AI 디지털교과서' 어떻게 쓰나?…영어·수학 수업 참관해 보니｜지금 이 뉴스,@윤슬-d9c,전혀 창의적이지도 혁신적으로도 안 보이는데.... 공책으로 할 것을 모니터로 옮겨 놓은 것으로밖에 안 보이는데. 학교에서도 저렇게 모니터만 보고 있으면 아이들 시력은 어떻게 보호할건지  궁금하네.,0.407859,전혀 창의 혁신 보이 공책 모니터 옮기 보이 학교 저렇 모니터 아이 시력 어떻 보호 궁금
yG7JrRtFY08,어서와~ AI 디지털교과서 미리보기는 처음이지(중학교 영어편),@어쩔초아,"학부모의견은 전혀 반응 안되고 걍 밀고나가네,,,뭐가 애들을 위한건가,,",0.40772337,학부모 의견 전혀 반응 나가 위하
8hw4k3-pSn4,고양이 단어도 인식 못하는 AI 디지털교과서?...전자사전보다 못하다,@쟈스-p6k,"돈써서 이미 만들었는데 그냥 써라… 이거네요… 
공교육에 신뢰를 잃으면 사교육 시장은 더 가속화 될듯…",0.40755177,이미 만들 그냥 이거 공교육 신뢰 사교육 시장 가속
K5xHXY8rgvw,AI디지털교과서 도입 첫해‥ 교실은 아직 '준비 중' (2025.05.07/뉴스데스크/춘천MBC),@peterjeong3220,"모든  지역교육청 ㅡ 경기도 강원도 등등 세금으로 it ai 프로그램 개발 중...  왜 그렇게 할까?
교육청이 만들면 학교로 강제 판매 가능하다는 게 팩트. ㅡ 가격이 비싸고 기능이 후져도 판매는 무조건 된다는 것을 이용하고 있다.  누가? 누군가?",0.40732837,모든 지역 교육청 경기도 강원도 등등 세금 프로그램 개발 그렇 교육청 만들 학교 강제 판매 가능 팩트 가격 비싸 기능 후지 판매 무조건 이용 누구 누구
VRyVZG_q8SQ,종이 없는 AI 디지털 교과서 시대 열린다 [AI 교과서 도입]① [9시 뉴스] / KBS  2024.03.14.,@piani12345,"우리가 전자책 ebook만 봐도 알수있어요 .. 좋을꺼같아서 전자책 읽어봤는데 진짜 내용이 뇌에 안들어오더라구요 그리고 읽고나서 과거에 무슨내용인지 금방까먹어요 ..이것도 똑같을거같아요..예전에 전자책 기계 막 붐이었을때 이것도 반짝하다가 사람들이 집중안되고 내용이 안들어오니까 전자책 기기퇴보됬자나요 ... 똑같은 느낌일듯 ...!! 애들 눈도 박살나요 잠깐보는게아니고 주구장창 보는데 , ...진짜 어떻게 이렇게 역행을하는지 아이키우는데 너무 화가나네요",0.40731788,우리 전자책 전자책 내용 들어오 그리고 과거 무슨 내용 금방 까먹 이것 똑같 예전 전자책 기계 이것 반짝 집중 내용 들어오 전자책 기기 퇴보 똑같 느낌 박살 잠깐 아니 구장 어떻 이렇 역행 아이 키우
QqBYIYTDHuQ,AI 디지털교과서' 어떻게 쓰나?…영어·수학 수업 참관해 보니｜지금 이 뉴스,@Holholg,이건 어른이 한다고 해도 제대로 된 수업을 진행할수 았을까? 나라도 저건 못할듯 .. 저건 수업이 아닌 그냥 너희들 듣기만해 나머진 ai가 알아서 해줄거야. 그러니까 너희들은 바보가 되는 과정이란다. 이거랑 다를게 뭐임.. 어떻게든 국고 탕진 하가 위해 애쓰네..,0.40730637,어른 제대로 수업 진행 았을까 나라 저거 저거 수업 아니 그냥 너희 나머지 그러니까 너희 바보 과정 이거 다르 어떻 국고 탕진 위하 애쓰
yG7JrRtFY08,어서와~ AI 디지털교과서 미리보기는 처음이지(중학교 영어편),@rladvsthr,학교 현장과 합의도 없이 교육부 맘대로 개발부터 시행하는 것까지.. 어처구니가 없다.😂😂😂😂,0.40645307,학교 현장 합의 없이 교육부 맘대로 개발 시행 어처구니
kMRBxDBbUas,"AI디지털교과서 논란, 핵심이 무엇인지 딱 알려드립니다!(교육대기자)[이슈따라잡기]",@yy-2027,이건 그냥 현시점에선 애들에 대한 생각은  하나도 없는 어른들의 이권사업일 뿐입니다..,0.4062624,이거 그냥 시점 생각 하나 어른 이권 사업
W3qeNL467XQ,"[대구] AI 디지털 교과서, 대구 현장에서는 외면?…실효성 논란 확산 (뉴스투데이 2025.06.02 광주MBC)",@mamacoco1225,아이들이 무슨 실험실 쥐도 아니고..직접 종이를 넘기고 만지고 학습하는 공부정서가 필요하다!!타국에선 갖다버리는 시스템을 왜 사서 고생인지..,0.40558472,아이 무슨 실험실 아니 직접 종이 넘기 만지 학습 공부 정서 필요 타국 버리 시스템 고생
OcFXKUxiskw,AI디지털교과서로 공부하면 벌어지는 일 / 내년 수업 방식에 미리 대비해야 하는 이유,@damin17,"종이 교과서가 아예 없어지는건가요?
아직 집에서도 스마트폰 패드수업등
일부러 안하는건데  학교에서 사용하다니ㅜ ㅜ
종이로 넘기며 손으로 쓰고 이게 학습아닌가요",0.40526515,종이 교과서 아예 없어지 아직 스마트폰 패드 수업 일부러 학교 사용 종이 넘기 이것 학습 아니
uESOsEQFkVw,"AI 교과서 접속률 5%...""원점 재검토해야""",@borabora9049,"일단 초딩이 로그인을 쉽게 할수 있게 해야죠. 동의 받는데만 한달도 넘게 걸렸습니다. 현장 사전연구 없이 졸속으로 진행되니 사용이 어려워 안쓰고 말지….하죠. 3학년 애들이 영어 알파벳 갓 배웠는데 영어로된 주소쳐서 들어가 자기 영어 아이디에 영어 비번 잘 외워서 칠꺼라고 생각했다니!
 그거 하느라 다른 예산은 다 없애서 하던 사업도 못하고.. 뭐하는건지 모르겠어요.",0.40483016,일단 초딩 로그인 동의 걸리 현장 사전 연구 없이 졸속 진행 사용 어렵 학년 영어 알파벳 배우 영어 주소 들어가 자기 영어 아이디 영어 비번 외우 생각 그거 다른 예산 없애 사업 모르
Hm2mj361syM,AI 디지털교과서가 오히려 격차 유발,@auoman,하....... 디지털교과서가 어떻게 시대를 주도하는 거냐고,0.40468824,디지털 교과서 어떻 시대 주도
YWw1QP4l3QQ,"새학기 두 달 앞두고 AI교과서 좌초 위기...""재의요구 건의"" / YTN",@jjjwuufjjw,교과서는 솔직히 종이로 해야지. 아니면 애들이 종이책을 볼 일이 얼마나 있겠어. 잘 했네,0.40290177,교과서 솔직히 종이 아니면 종이 얼마나
8hw4k3-pSn4,고양이 단어도 인식 못하는 AI 디지털교과서?...전자사전보다 못하다,@백현mini,"gpt보다 못 한데 ai 교과서라고 주장하고 머신러닝도 없이 단순 프로그래밍된 교재인데? 기대하는 수준이 얼마나 바닥을 기어야 저런 얘기를 하는거냐? 
전자사전만도 못 하단 부분은 애초에 코딩한 사람이 한글 미지원으로 데이터를 안 넣은걸텐데 데이터가 쌓이면 이라는 얘기가 성립이 가능함?",0.40216565,교과서 주장 머신 러닝 없이 단순 프로그래밍 교재 기대 수준 얼마나 바닥 저런 얘기 전자 사전 부분 애초 코딩 한글 지원 데이터 데이터 쌓이 얘기 성립 가능
kMRBxDBbUas,"AI디지털교과서 논란, 핵심이 무엇인지 딱 알려드립니다!(교육대기자)[이슈따라잡기]",@jacktwomc3305,"Ai 교과서..일부는 동의 합니다만, 높은 확율로 책 장사만 배불릴 수 있습니다. 2021년에 정부는 실제 Ai민간과 파트너 연구를 안하고, 대학같은 준연구기관에 헛돈을 사용 했고, 나온 결과는 형편없는 자원 낭비 결과를 만들었죠.(누굴위한돈섰나?)
준연구기관은 어중간한 결과 조합일 뿐이며, 
{{작동 가능한 완성도 시스템은 전문 사업체에서 }}나온다는것.",0.40204597,교과서 일부 동의 장사 불리 정부 실제 민간 파트너 연구 대학 연구 기관 사용 나오 결과 형편없 자원 낭비 결과 만들 누구 위하 연구 기관 어중간 결과 조합 작동 가능 완성도 시스템 전문 사업체 나오
D5lYwEBwrR0,사교육 대책의 핵심 AI 디지털 교과서,@라파루치,미쳤군. 진짜. 저걸로 사교육이 없어질거라교 진짜 믿는건가...,0.40194517,미치 사교육
e1B7xhJgg28,AI 디지털교과서 반년 만에 퇴출‥교육계는 혼란 (2025.08.07/뉴스데스크/제주MBC),@roisadhks4071,"디지털 교과서를 왜 막아선 에휴. 안 좋은점이 있으면 보안하고 수정하면 되지 그걸 무조건 막아서는게 어떻게 국민과학생을 위한 거냐 지금이 무슨 20세기인줄 아냐 중국도 ai수업로 하고 있고 여러나라들도 ai수업시간을 늘리고 있는데 에휴..
디저털 중독 보안법: 손 글쓰는 시간과 ai학습시간을 조합할만한 수업을 만들면 된다. 
악성댓글 법정소송강력대응",0.40153757,디지털 교과서 에휴 보안 수정 그거 무조건 어떻 국민 학생 위하 지금 무슨 세기 중국 수업 여러 나라 수업 시간 늘리 에휴 디저털 중독 보안법 시간 학습 시간 조합 수업 만들 악성 댓글 법정 소송 강력 대응
8hw4k3-pSn4,고양이 단어도 인식 못하는 AI 디지털교과서?...전자사전보다 못하다,@하늘은파랗다-b2p,내년3월이면 교사 연수를 해야하고 교재도 만들어야하는데. 왜 이걸 해야하냐? 예산도 부족한데...,0.40132803,내년 교사 연수 교재 만들 이거 예산 부족
uf4_FfcWmzk,[🕵🏻AI 디지털교과서 미리보기] 초등학교  영어편,@julie-eu3kb,"이게 무슨 교육이냐? 초등교사=학습지교사 
그냥 집에서 엘리하이나 홈런 밀크티 중에 하나 골라서 하면 되겠네",0.39844304,이것 무슨 교육 초등 교사 학습지 교사 그냥 엘리하이 홈런 밀크티 하나 고르
e1B7xhJgg28,AI 디지털교과서 반년 만에 퇴출‥교육계는 혼란 (2025.08.07/뉴스데스크/제주MBC),@youyouo493,아이들 안그래도 통제 안되는데 죄다 스마트폰 컴퓨터...애가 바보된다. 그리고 얼어죽을 무슨AI 타령이고. 이걸로 해처먹은 것들 죄사 구속수사해야함.,0.3984122,아이 그렇 통제 죄다 스마트폰 컴퓨터 바보 그리고 무슨 타령 처먹 구속 수사
Hm2mj361syM,AI 디지털교과서가 오히려 격차 유발,@chocho48642,"성급하지!!!
지금도 책 안보고 미디어 노출 심하다고 난린데
초등부터 한다고? 애들 눈 피로와 시력은 어쩌고???",0.39792812,성급 지금 미디어 노출 심하 난리 초등 피로 시력 어쩌
t_s5gfG3ORw,"""10만 명 여론조사를 못 믿어요?"" AI 디지털교과서 여론조사 못 믿는 장관에게",@Anne123-r9i,마이크로 소프트 빌게이츠도 아이들에게 디지털기기를 멀리하게했다.,0.39738283,마이크로 소프트 빌게이츠 아이 디지털 기기 멀리
kMRBxDBbUas,"AI디지털교과서 논란, 핵심이 무엇인지 딱 알려드립니다!(교육대기자)[이슈따라잡기]",@yunsikkim9582,"경기도 교육청 하이러닝에 쏟아부은 세금 좀 조사해주길 바랍니다
하이러닝과 선도학교
하이러닝과 개발업체
교육청 하이러닝 담당부서 업무
등등 자세히 뒤져보면 😂",0.39669323,경기도 교육청 하이 러닝 세금 조사 바라 하이 러닝 선도 학교 하이 러닝 개발 업체 교육청 하이 러닝 담당 부서 업무 등등 자세히 뒤지
MgRCJjhSISs,"[이슈] 베일 벗은 AI 디지털교과서…1대1 맞춤형 학습 가능/'교육 격차' 줄인다지만…""문해력 저하·준비 부족""/2024년 12월 2일(월)/KBS",@StarryStarry-i2k,대체 누가 이런짓을 교육에 하는건지... 누구배 불리려고 애들을 이용하는건지 정말...,0.39601249,대체 누구 이런 교육 누구 불리 이용 정말
JC35hy4u1mo,"AI 디지털교과서(AIDT), 도입해야할까? ｜토론으로 알아보는 교육정책",@allimayun7416,"영상에서 AI 디지털 교과서에 대한 다양한 의견 좋았어요!
그리고 앞으로 더 유익한 영상 업로드 기대하겠습니다!!

유튜브 구독완료도 했어요! , 최근에 회사경영 악화로 실직을 해서 많이 우울한데, 당첨이 되면 기분 전환이 될 것 같네요!! 그리고 앞으로 이 채널이 더 많은 사람들에게 사랑받길 진심으로 응원합니다!!!",0.39522472,디지털 교과서 다양 의견 그리고 유익 업로드 기대 유튜브 구독 완료 최근 회사 경영 악화 실직 많이 우울 당첨 기분 전환 그리고 채널 사랑 진심 응원
JC35hy4u1mo,"AI 디지털교과서(AIDT), 도입해야할까? ｜토론으로 알아보는 교육정책",@뿌꿍놀이터,선행 학습에 대한 토론 진행해 주면 좋겠어요! 학생분들의 열띤 토론과 의견들에 감탄하면서 갑니다,0.39508748,선행 학습 토론 진행 학생 열띠 토론 의견 감탄
OcFXKUxiskw,AI디지털교과서로 공부하면 벌어지는 일 / 내년 수업 방식에 미리 대비해야 하는 이유,@짱미소-k4e,집에서 스마트폰 때문에 전쟁인 통에  교육부에서 더 부축이는건지 ;;;;  혼란의 도가니네요 심히 시력 또한 걱정입니다,0.39284122,스마트폰 때문 전쟁 교육부 부축 혼란 도가니 심히 시력 또한 걱정
8hw4k3-pSn4,고양이 단어도 인식 못하는 AI 디지털교과서?...전자사전보다 못하다,@인생은짐승처럼,응 무슨 상관 내 자식은 사교육 할꺼야.,0.3928108,무슨 상관 자식 사교육
W3qeNL467XQ,"[대구] AI 디지털 교과서, 대구 현장에서는 외면?…실효성 논란 확산 (뉴스투데이 2025.06.02 광주MBC)",@키다리195,애들 디지털 중독 가속화,0.39240628,디지털 중독 가속
1dR6POZYN50,“AI디지털교과서 손본다”… 98% 도입 대구 운명은?ㅣTBC뉴스,@부산서부수학체험교실,학교에서 근무합니다! AI교과서 완전히 졸속으로 만들어졌어요!!! 절대 교과서로 쓰면 안됩니다!!!,0.39180183,학교 근무 교과서 완전히 졸속 만들 절대 교과서
-ZUoWn6uvlc,(수업시연) AI 디지털교과서가 찾아왔어요 ㅣ 초등학교 4학년 수학,@한명지-j9g,"6 :38 학생마다 다른 학습 속도와 스타일에 맞춰 콘텐츠를 제공하는 부분이 가장 인상 깊었습니다 공부가 느린 학생도 자기 페이스에 맞춰 학습할 수 있고, 잘하는 학생은 더 심화된 내용을 배울 수 있어서 학습 효율성이 증대될 거라 생각합니다",0.3893733,학생 다른 학습 속도 스타일 맞추 콘텐츠 제공 부분 가장 인상 공부 느리 학생 자기 페이스 맞추 학습 학생 심화 내용 배우 학습 효율 증대 생각
NJagO8h0OFU,2025년부터 AI 디지털교과서 도입!📚｜AI 교과서 76종 검정 완료｜정책 속으로🔎,@철수2-w4j,맞춤형에 대한 이야기만 하네요. 아이들이 집에서 하는 테블릿 공부와 차이가 뭔가요? 손으로 만지고 조립해보는 아날로그가 두뇌를 자극하고 창의력을 높입니다.,0.38840932,맞춤 이야기 아이 테블릿 공부 차이 만지 조립 아날로그 두뇌 자극 창의력 높이
yG7JrRtFY08,어서와~ AI 디지털교과서 미리보기는 처음이지(중학교 영어편),@하림-z7n,하루종일 스마트폰 공해에 시달리는데 학교에서도 시력 나빠지겠네,0.38819793,하루 종일 스마트폰 공해 시달리 학교 시력 나쁘
ELWA5j0XVco,"[미리보는 오늘] 교육부, 내년 도입 AI디지털교과서 76종 선정 / YTN",@bbday0418,유럽선진국은 학생들 디지털 사용을 제한하는 정책이 나오는데 한국은 거꾸로 가고있네..,0.38813567,유럽 선진국 학생 디지털 사용 제한 정책 나오 한국 거꾸로
-ZUoWn6uvlc,(수업시연) AI 디지털교과서가 찾아왔어요 ㅣ 초등학교 4학년 수학,@울사니,"뭐가 좋다는건지
애들한테도 분명 안좋아보인다
나도 밀크티 윙크같은걸로 공부시킬때마다 너무 불편하다 근데 학교에서 이런걸로 수업을 하다니....절대 반대다",0.3878481,분명 보이 밀크티 윙크 공부 시키 불편 근데 학교 이런 수업 절대 반대
-ZUoWn6uvlc,(수업시연) AI 디지털교과서가 찾아왔어요 ㅣ 초등학교 4학년 수학,@kds4885,4:34 어려움 겪는 학생을 알아서 도와주는 선생님인상깊네요. 변화하는 시대에 잘적응 했으면 좋겠어요.,0.38784587,4:34 어려움 학생 도와주 선생 인상 변화 시대 적응
MgRCJjhSISs,"[이슈] 베일 벗은 AI 디지털교과서…1대1 맞춤형 학습 가능/'교육 격차' 줄인다지만…""문해력 저하·준비 부족""/2024년 12월 2일(월)/KBS",@로렐라이-b1n,현장에서 직접쓰는 선생이나 학생이나 학부모 다 반대하는데 왜 책상머리에 앉아서 너네 마음대로 저딴걸 만드냐,0.38746455,현장 직접 선생 학생 학부모 반대 책상머리 마음대로 만들
QqBYIYTDHuQ,AI 디지털교과서' 어떻게 쓰나?…영어·수학 수업 참관해 보니｜지금 이 뉴스,@재호정-j4o,아이들은 지금도 스마트폰만보는데 학교에서 까지 꼭 저렇게 해야하나 ᆢ검증이더 필요한것 같은데ᆢ,0.3869208,아이 지금 스마트폰 학교 저렇 검증 필요
Hm2mj361syM,AI 디지털교과서가 오히려 격차 유발,@aa-gx6nx,디지털로 보면 오히려 글 잘 안읽히는데... 집중은 종이책이 더 잘 될텐데..,0.38661224,디지털 오히려 읽히 집중 종이
H0wt-yjiay8,베일 벗은 AI 디지털교과서…1대1 맞춤형 학습 가능 [9시 뉴스] / KBS  2024.12.02.,@코코코코그모,KBS역겹네 디지털교과서 장점 보도하라고 하던?,0.3858648,역겹 디지털 교과서 장점 보도
MgRCJjhSISs,"[이슈] 베일 벗은 AI 디지털교과서…1대1 맞춤형 학습 가능/'교육 격차' 줄인다지만…""문해력 저하·준비 부족""/2024년 12월 2일(월)/KBS",@Cherry-h7b,거꾸로 됐네. 공교육은 싸구려 사교육 업체 태블릿 교육 방식 갖다쓰고 일부 학군지인 강남 목동 중계 분당 일산 평촌 대구 학원 등등은 다 손글씨~~,0.38568997,거꾸로 공교육 싸구려 사교육 업체 태블릿 교육 방식 일부 학군 강남 목동 중계 분당 일산 평촌 대구 학원 등등 글씨
ZOp_tXkpPH0,[단독] 말 많고 탈 많은 'AI 교과서'…교육자료로도 못 쓴다? / SBS 8뉴스,@lll-p9e1m,"저거 밀어붙인 교육부는 꼭 캐비넷이랑 책장, a4용지 싹다 갖다 버리고, 태블릿 하나로만 효율적인 ai 업무 보세요",0.38544172,저거 밀어붙이 교육부 캐비넷 책장 용지 버리 태블릿 하나 효율 업무
8hw4k3-pSn4,고양이 단어도 인식 못하는 AI 디지털교과서?...전자사전보다 못하다,@sb_motivator,교육부장관 문제 많다,0.38472164,교육부 장관 문제
W3qeNL467XQ,"[대구] AI 디지털 교과서, 대구 현장에서는 외면?…실효성 논란 확산 (뉴스투데이 2025.06.02 광주MBC)",@김가네고시원,"이거 문제투성이에, 학교 예산은 천문학적으로 들어간 미친짓... 그나마 교육자료로 격하시키려던 법안은 최상목이 거부권 발의... 이거 제발 철회해주세요...",0.3842371,이거 문제 투성이 학교 예산 천문학 들어가 미치 그나마 교육 자료 격하 시키 법안 최상목 거부 발의 이거 제발 철회
JC35hy4u1mo,"AI 디지털교과서(AIDT), 도입해야할까? ｜토론으로 알아보는 교육정책",@sophia_yy,사회자님과 여러 학생들의 토론에 대하여 잘들어요。 자기주도적 학습을 이해하고 촉진하는데 있어 매우 중요한 주제인것 같습니다. 다양한 의견을 나눌 수 있는 기회가 더욱 많아지면 좋겠습니다.,0.3840667,사회자 여러 학생 토론 자기 주도 학습 이해 촉진 매우 중요 주제 다양 의견 나누 기회 더욱 많아지
JC35hy4u1mo,"AI 디지털교과서(AIDT), 도입해야할까? ｜토론으로 알아보는 교육정책",@의리-z2m,"학생분들과 함께한 AI디지털 교과서 토론 너무 잘봤어요!
다양한 의견들으며 저도 많이 배울수 있었던 유익한 시간이었습니다😊
다음엔 늘봄학교에 대한 토론도 부탁드려요!",0.38339823,학생 함께 디지털 교과서 토론 다양 의견 많이 배우 유익 시간 다음 학교 토론 부탁드리
MgRCJjhSISs,"[이슈] 베일 벗은 AI 디지털교과서…1대1 맞춤형 학습 가능/'교육 격차' 줄인다지만…""문해력 저하·준비 부족""/2024년 12월 2일(월)/KBS",@춤추는영어쌤,"수포 영포가 
인간이 아닌 전자기기를 듣고 이해하고 공부한다???

오 신박한데~~ 오~~
자 이제 정치도 AI에 맡기고 다들 내려오세요~~",0.3832351,수포 인간 아니 전자 기기 이해 공부 이제 정치 맡기 내려오
ELWA5j0XVco,"[미리보는 오늘] 교육부, 내년 도입 AI디지털교과서 76종 선정 / YTN",@이은혜-e1y,디지털 교과서 반대. 대체 왜이러냐...? 싫다고 건의해도 듣지를 않네,0.38228613,디지털 교과서 반대 대체 이러 건의
uf4_FfcWmzk,[🕵🏻AI 디지털교과서 미리보기] 초등학교  영어편,@education_0303,교육적인지는 의문입니다,0.38192832,교육 의문
VRyVZG_q8SQ,종이 없는 AI 디지털 교과서 시대 열린다 [AI 교과서 도입]① [9시 뉴스] / KBS  2024.03.14.,@leeda4405,"이제는 교육까지 손대서 망치려고 작정했구나.
공부는 결국 인간 스스로 천천히 사고하면서 하는거 아닌가?
이권개입이 의심된다",0.3807312,이제 교육 손대 망치 작정 공부 결국 인간 스스로 천천히 아니 이권 개입 의심
JC35hy4u1mo,"AI 디지털교과서(AIDT), 도입해야할까? ｜토론으로 알아보는 교육정책",@김석현-z2o,"학생분들의 교과학점제에 관한 이야기 , 나오는 토론으로 보여주시는 모습이 궁금합니다",0.38062483,학생 교과 학점 관하 이야기 나오 토론 보이 모습 궁금하
VRyVZG_q8SQ,종이 없는 AI 디지털 교과서 시대 열린다 [AI 교과서 도입]① [9시 뉴스] / KBS  2024.03.14.,@INCHEONBUS-NO.1,디지털교과서 절대 반대,0.3799592,디지털 교과서 절대 반대
Hm2mj361syM,AI 디지털교과서가 오히려 격차 유발,@오선미-f8n,절대 해서는 안됩니다. 검증이 완벽하게 끝나고 실행해야 합니다. 아이들 생각도 대화도 못하는 바보 만들 겁니까 ?,0.37948674,절대 검증 완벽 끝나 실행 아이 생각 대화 바보 만들
8hw4k3-pSn4,고양이 단어도 인식 못하는 AI 디지털교과서?...전자사전보다 못하다,@pjyeol3836,절대 반대합니다. 많은 학부모들이 반대해요. 밀어붙이지 마세요!!!,0.3789258,절대 반대 학부모 반대 밀어붙이
YWw1QP4l3QQ,"새학기 두 달 앞두고 AI교과서 좌초 위기...""재의요구 건의"" / YTN",@lunaticMaWang,이미 pdf 파일로 하고 있고 학교 도 공부도 패드로 하는대 뉴스는 역시 어르신들 주로 봐서 힘든가 보내😅,0.3787781,이미 파일 학교 공부 패드 뉴스 역시 어르신 주로 힘들 보내
VRyVZG_q8SQ,종이 없는 AI 디지털 교과서 시대 열린다 [AI 교과서 도입]① [9시 뉴스] / KBS  2024.03.14.,@우봉고-r4l,망했네 우리나라 교육,0.3784086,망하 우리 나라 교육
JC35hy4u1mo,"AI 디지털교과서(AIDT), 도입해야할까? ｜토론으로 알아보는 교육정책",@비밀의나뮤,"미래에 펼쳐질 일에 대해 토론하는거라, 학생들의 상상력도 알아볼 수 있어서 좋았습니다
시대의 흐름이 어떤 방향으로 이끌지 기대가 되게 하는 토론이었습니다",0.3779952,미래 펼쳐지 토론 학생 상상력 알아보 시대 흐름 어떤 방향 이끌 기대 토론
IsSq98Ekjos,"[자막] 박은정 “윤석열표 교육, 또 실패”…AI 디지털교과서 전면 비판",@d3n-l4x,"모니터만 보면서  공부하는 것과 공책에다 써가면서 공부하는 것는 질적으로 틀리다, 그리고 역사교육을 더 강화해야 한다, 불법 종교단체에 관여한 학생들이 있는지 전수조사해야 한다,",0.37791678,모니터 공부 공책 공부 틀리 그리고 역사 교육 강화 불법 종교 단체 관여 학생 전수 조사
-ZUoWn6uvlc,(수업시연) AI 디지털교과서가 찾아왔어요 ㅣ 초등학교 4학년 수학,@Kg1ne,7:30 오답노트 기능이 정말 유용해 보여요. 틀린 이유를 설명해주니 이해도가 높아지고 학습 효과도 더좋은거같아요!!!,0.3763495,7:30 오답 노트 기능 정말 유용 보이 틀리 이유 설명 이해도 학습 효과
OcFXKUxiskw,AI디지털교과서로 공부하면 벌어지는 일 / 내년 수업 방식에 미리 대비해야 하는 이유,@네이비블루J,"부주의로 하루에만 부셔지는 태블릿만해도 어마어마 할거 같은데 그거 다 누구 돈으로 하냐고.
애들 무상교육이나 급식, 선생님들 처우같은거에 더 신경 쓰는게 낫지 않나.",0.37497365,주의 하루 부시 태블릿 어마어마 그거 누구 무상 교육 급식 선생 처우 신경
JC35hy4u1mo,"AI 디지털교과서(AIDT), 도입해야할까? ｜토론으로 알아보는 교육정책",@JJJJ-sh2bg,"잘 봤어요~~~!

다음 주제는 미래의 개정 교육과정의 변화 방향입니다 !!!",0.37422037,다음 주제 미래 개정 교육 과정 변화 방향
1dR6POZYN50,“AI디지털교과서 손본다”… 98% 도입 대구 운명은?ㅣTBC뉴스,@user-zw1xy1ym5i,AI당장 멈추고 수행평가도 폐지해야 한다,0.37351456,당장 멈추 수행평가 폐지
t_s5gfG3ORw,"""10만 명 여론조사를 못 믿어요?"" AI 디지털교과서 여론조사 못 믿는 장관에게",@내맘이다-d9j,"수능부터 해서 시험도 검색해가면서 치게해라..
수업은 대지털인데 시험은 종이로 하노",0.3733072,수능 시험 검색 수업 대지털 시험 종이
4WSFPdpVR7E,사실상 퇴출 'AI 디지털교과서'…남은 쟁점은? [뉴스브릿지]/ EBS뉴스 2025. 08. 11,@peterjeong3220,이주호님 디지털교과서 구독료 2조 가셨고  임태희님 경기도 하이러님 연 180억 쓰셨고 하이러닝에 디지털교과서 넣겠다고 하시다가 이제는 중소기업 서술형 채점 넣고 몇십억씩 퍽퍽 쓰시는 중입니다. chat gpt  api  사용하는 게 기술이라고 생각하는 교육부 인간들.  우리 아들도 만들 수 있는 것을 지들이 개발했다고 홍보로 몇 백억씩 쓰시는 중. 세금은 꽁돈이니 맘대로 하는 중. 막는 사람이 없다.,0.37316212,이주호 디지털 교과서 구독료 임태희 경기도 하이러님 하이러닝 디지털교과서 이제 중소기업 서술 채점 퍽퍽 사용 기술 생각 교육부 인간 우리 아들 만들 개발 홍보 세금 꽁돈 맘대로
VRyVZG_q8SQ,종이 없는 AI 디지털 교과서 시대 열린다 [AI 교과서 도입]① [9시 뉴스] / KBS  2024.03.14.,@ガッシュベル-z5i,"아이들이 디지털 교과서로 보면
아이들이 눈 시력이 떨어질 수 있으며
디지털 교과서를 반대합니다!!",0.37303832,아이 디지털 교과서 아이 시력 떨어지 디지털 교과서 반대
yG7JrRtFY08,어서와~ AI 디지털교과서 미리보기는 처음이지(중학교 영어편),@min-youngkim7055,"시제품은 나오긴 했나?  현장 선생님들은 교과서 본적도 없는데 내년에 강제 도입이라 뭘 어찌해야될지 모르겠다는데 홍보영상은 나오고.. 
화면 캡쳐만 있지 실제 기기 구동 영상은 없네?",0.37275013,시제품 나오 현장 선생 교과서 내년 강제 도입 어찌 모르 홍보 나오 화면 캡쳐 실제 기기 구동
OcFXKUxiskw,AI디지털교과서로 공부하면 벌어지는 일 / 내년 수업 방식에 미리 대비해야 하는 이유,@jieun118,"스마트구몬만 해도 시작제출시작제출 누르면서 산만해짐을 느끼는데, 부모 개입이 꼭 필요할 것이라는 느낌이 듭니다.",0.37219003,스마트구몬 시작 제출 시작 제출 누르 산만 느끼 부모 개입 필요 느낌
MgRCJjhSISs,"[이슈] 베일 벗은 AI 디지털교과서…1대1 맞춤형 학습 가능/'교육 격차' 줄인다지만…""문해력 저하·준비 부족""/2024년 12월 2일(월)/KBS",@jenn0012,저런거 하지말고 예산 필요한 곳에 더 신경써서 아이들 더 좋은 환경에서 교육받을 수 있게 해야죠.,0.37199295,저런 예산 필요 신경 아이 환경 교육
e1B7xhJgg28,AI 디지털교과서 반년 만에 퇴출‥교육계는 혼란 (2025.08.07/뉴스데스크/제주MBC),@sir-kim-97,"ㅋㅋㅋㅋ 자격증 공부할 때 E북이랑 책 둘 다 사용해본 입장에선 밖에서 간단히 보기엔 E북이 좋지만 책이 확실히 가독성이랑 학습력이 높음
책이 좋단 말이야",0.37173808,자격증 공부 사용 입장 간단히 확실히 가독성 학습
D5lYwEBwrR0,사교육 대책의 핵심 AI 디지털 교과서,@hyeonseohyeon3483,"어떤기업과 태블릿 계약 되었나요?
왜 무리하게 미리 계약하고 발주를 넣어서 
투자한 기업도 막대한 손해 
당장 준비되지 않은 학교에 바로 3월부터
투입이 가능한건지?!!
충분히 논의를 거쳐 몇년부터 시행 합의하에 
기업과 계약을 해야지
현재 학교 선생님 학생 학부모 다 반대하는데 
이 무슨 예산 낭비인지 
도대체 교육을 사업으로 생각하는건지",0.37117416,어떤 기업 태블릿 계약 무리 미리 계약 발주 투자 기업 막대하 손해 당장 준비 학교 바로 투입 가능 충분히 논의 거치 시행 합의 기업 계약 현재 학교 선생 학생 학부모 반대 무슨 예산 낭비 도대체 교육 사업 생각
yG7JrRtFY08,어서와~ AI 디지털교과서 미리보기는 처음이지(중학교 영어편),@조용한의자,교육부에서도 댓글부대 운영하시는 모양입니다.  여기 댓글 보고 좀 놀랐습니다.,0.37096512,교육부 댓글 부대 운영 모양 여기 댓글 놀라
JC35hy4u1mo,"AI 디지털교과서(AIDT), 도입해야할까? ｜토론으로 알아보는 교육정책",@꾸르르윽-24,"고등학생들끼리 재밌는 주제로 토론하는 컨텐츠 영상 잘 감상하고 갑니다! 다양하고 유익한 이야기들이 오거가서 너무 재밌게 본것 같아요!
다음 영상 주제로는 교사와 학생간의 체벌! 관련 법조항에 관련해서 이야기 해보는게 어떨까요?",0.37036493,고등학생 끼리 재밌 주제 토론 컨텐츠 감상 다양 유익 이야기 재밌 다음 주제 교사 학생 체벌 관련 조항 관련 이야기 어떻
ZOp_tXkpPH0,[단독] 말 많고 탈 많은 'AI 교과서'…교육자료로도 못 쓴다? / SBS 8뉴스,@양군-o7r,학부모 교사 반대가 거의 90%였는데...이걸 졸속적으로 급박하게 추진함? 진짜 이상함. 뭔가 쫓기듯이...,0.3701377,학부모 교사 반대 거의 이거 졸속 급박 추진 이상 쫓기
-ZUoWn6uvlc,(수업시연) AI 디지털교과서가 찾아왔어요 ㅣ 초등학교 4학년 수학,@me.light.lab_hanok,아니 어느 교실이 학생이 4명만 있죠?,0.37004185,아니 어느 교실 학생
4Niolo0Avnk,"'교육자료' 된 AI 디지털교과서, 채택 여부 학교 선택에 맡긴다 [모잇슈] / EBS뉴스",@봄은온다,굳이 구독료까지 내며 AI교과서의 왜 하는지. 하지마라!,0.3690232,굳이 구독료 교과서
e1B7xhJgg28,AI 디지털교과서 반년 만에 퇴출‥교육계는 혼란 (2025.08.07/뉴스데스크/제주MBC),@류영훈-n1i,"저게 무슨 AI???
참 4차 산업 시대에
손바닥으로 하늘을 가려라..",0.36854392,저것 무슨 산업 시대 손바닥 하늘 가리
JC35hy4u1mo,"AI 디지털교과서(AIDT), 도입해야할까? ｜토론으로 알아보는 교육정책",@1225kkamicoma,"내신 5등급제에 대해 토론해 보면 좋을 것 같아요.
학생들의 생각도 궁금하네요~",0.36840856,내신 등급 토론 학생 생각 궁금하
VRyVZG_q8SQ,종이 없는 AI 디지털 교과서 시대 열린다 [AI 교과서 도입]① [9시 뉴스] / KBS  2024.03.14.,@JELLYFISH_loO,"청소년 독서율 더 떨어질 듯 ,, 디지털 기기 자꾸 보다 보면 확실히 자제력 집중력이 줄어듦 ,, 관련 연구 결과가 괜히 있는 것이 아닌데 ,, 잘 아시는 분들이 ㅋㅋ",0.367728,청소년 독서 떨어지 디지털 기기 자꾸 확실히 자제력 집중력 관련 연구 결과 괜히 아니
e1B7xhJgg28,AI 디지털교과서 반년 만에 퇴출‥교육계는 혼란 (2025.08.07/뉴스데스크/제주MBC),@ScaryCamp,이명박계 뉴라이트 이주호 압수수색해야합니다. 솔직히 이주호가 리박스쿨의 핵심중 한명이라고봅니다.😮,0.36694422,이명박 뉴라이트 이주호 압수 수색 솔직히 이주호 리박스쿨 핵심
-ZUoWn6uvlc,(수업시연) AI 디지털교과서가 찾아왔어요 ㅣ 초등학교 4학년 수학,@김미경-z8b6t,4:33 자신에게 맞는 방식으로 심화 학습을 통해 수학의 핵심을 파악하고 수헉 실력을 늘릴 수 있다라는 점이 많은 사람들에게 반가운 소식이었을 것이라 생각하며 가장 인상깊었어요.,0.36615908,4:33 자신 방식 심화 학습 통하 수학 핵심 파악 실력 늘리 반갑 소식 생각 가장 인상
OcFXKUxiskw,AI디지털교과서로 공부하면 벌어지는 일 / 내년 수업 방식에 미리 대비해야 하는 이유,@김다해-q9d,"돈이 썩어났다  
학교안보내고 싶다 
집에서 게임하는것도 짜증나는데 
디지털수업이라니
안경쓰는애들 늘겠네 젠장",0.36572108,학교 보내 게임 짜증 디지털 수업 안경 젠장
OcFXKUxiskw,AI디지털교과서로 공부하면 벌어지는 일 / 내년 수업 방식에 미리 대비해야 하는 이유,@Lifegoeson_Aro,교과서가 아니고 학습지아닌가요? 설명듣다보니 딱 학습지네요.,0.3652637,교과서 아니 학습지 아니 설명 학습지
JC35hy4u1mo,"AI 디지털교과서(AIDT), 도입해야할까? ｜토론으로 알아보는 교육정책",@김성민-d9m1b,고교학점제나 개정 교육과정 등에 대해서 토론하면 정말 좋을 거 같아요 ^^ 응원합니다.,0.36394435,고교 학점 개정 교육 과정 토론 정말 응원
JC35hy4u1mo,"AI 디지털교과서(AIDT), 도입해야할까? ｜토론으로 알아보는 교육정책",@fine1186,학생들의 토론장을 보니 정말 대단하네요! 다음 토론으로는 자유학기제에 대한 내용이 듣고 싶어요,0.3636396,학생 토론 정말 대단 다음 토론 자유 학기 내용
kMRBxDBbUas,"AI디지털교과서 논란, 핵심이 무엇인지 딱 알려드립니다!(교육대기자)[이슈따라잡기]",@이민정-w2y1o,"서울교육청에서 중학생대상으로 나눠주는 디벗으로도 정말 아이와 많이 싸우고 교육감 욕을 엄청 했는데
교육부장관의 ai디지털교과서라니...
싫다고 정말 싫다고요.
모든 부모가 싫다잖아요.
절대반대입니다.",0.36315605,서울교육청 중학 대상 나누 디벗 정말 아이 많이 싸우 교육감 엄청 교육부 장관 디지털 교과서 정말 모든 부모 절대 반대
OcFXKUxiskw,AI디지털교과서로 공부하면 벌어지는 일 / 내년 수업 방식에 미리 대비해야 하는 이유,@춤추는리리-v2f,누구나 알고 있죠.. 누군가의돈벌이라는걸.. 근대 이걸 아이들교육과 바꾼다는게 서글퍼요.. 차라리 저돈 그냥기업에주면안되나요?,0.3626275,누구 누구 돈벌이 근대 이거 아이 교육 바꾸 서글프 차라리 그냥 기업
-ZUoWn6uvlc,(수업시연) AI 디지털교과서가 찾아왔어요 ㅣ 초등학교 4학년 수학,@바니버니-v7c,"4:34 어려운 아이들을 챙기고, 실시간으로 학습 상황을 체킹할수있는점이요",0.3624863,4:34 어렵 아이 챙기 실시간 학습 상황
D5lYwEBwrR0,사교육 대책의 핵심 AI 디지털 교과서,@케이-g1l,저걸 한다고 사교육이 줄어든다고?????????진심이냐????,0.36221567,저거 사교육 줄어들 진심
1dR6POZYN50,“AI디지털교과서 손본다”… 98% 도입 대구 운명은?ㅣTBC뉴스,@yogigung,대구 잘했네~!!!  국립은 임용고시 힘들게 패스해서 외부지역 교사도 들어가지만  사립 어쩔거야~~ 감시하기 딱좋네!!!!!  대구는 중고등까지 디지털써라! 그래야. 역사왜곡하는지 감시하지!,0.36199734,대구 국립 임용 고시 힘들 패스 외부 지역 교사 들어가 사립 어쩌 감시 대구 중고등 디지털 그렇 역사 왜곡 감시
QqBYIYTDHuQ,AI 디지털교과서' 어떻게 쓰나?…영어·수학 수업 참관해 보니｜지금 이 뉴스,@아잉-j4u,저 온라인 학급 칠판은 이미 제작년부터 패들렛으로 거의 한번쯤은 써본거 일텐데 ㄷ,0.36138994,온라인 학급 칠판 이미 작년 패들렛 거의
Hm2mj361syM,AI 디지털교과서가 오히려 격차 유발,@somiko1487,"심각하다. 이젠
초등교과서 까지 건드리나",0.36128843,심각 이제 초등 교과서 건드리
JC35hy4u1mo,"AI 디지털교과서(AIDT), 도입해야할까? ｜토론으로 알아보는 교육정책",@이장후보,"학생분들의 토론장 흥미롭게시청했습니다. 토론학생분들  똑똑하고 지혜로우 시네요.
학생분들  응원합니다~~^^
학생 교복에 대해서 토론해 주셨으면 합니다.",0.36119848,학생 토론 흥미 시청 토론 학생 똑똑 지혜 학생 응원 학생 교복 토론
kMRBxDBbUas,"AI디지털교과서 논란, 핵심이 무엇인지 딱 알려드립니다!(교육대기자)[이슈따라잡기]",@수키05,아이들에대한 걱정과 고민은 찾아보지 못한채 무슨 실적달성을 위해 이용하는것만 같아 더 화가 나네요. 기자님 말씀대로 정말 깊은 고민과 협의를 통해 이루어져야 할것 입니다.,0.3605571,아이 걱정 고민 못하 무슨 실적 달성 위하 이용 기자 말씀 정말 고민 협의 통하 이루어지
Hm2mj361syM,AI 디지털교과서가 오히려 격차 유발,@좋은나무-x8x,지금도 테블릿으로 수업진도 후 시간 남으면 개인별 학습할수 있음. 누구 배불릴려고 이 따구 짓 하는거임2?,0.35966268,지금 테블릿 수업 진도 시간 개인 학습 누구 불리 따구
JC35hy4u1mo,"AI 디지털교과서(AIDT), 도입해야할까? ｜토론으로 알아보는 교육정책",@kunihae8282,AI디지털교과서에 대한 장점과 단점을 모두 생각하게 되는 계기가 되었네요 :),0.35949945,디지털 교과서 장점 단점 모두 생각 계기
8hw4k3-pSn4,고양이 단어도 인식 못하는 AI 디지털교과서?...전자사전보다 못하다,@삼호이령,와 진짜 교육부 장관만 나오면 고구마 천개먹은거같다..지금까지 학부모랑 선생님 모두 반대를 하고있는데  그리고 말하는거 보면 생각조차 안하고 누가 하라니깐 시키는대로 하는거구만..물어보면 대답을 제대로 하는게 없어...진짜 속터져 뒤지겠다...,0.35851067,교육부 장관 나오 고구마 지금 학부모 선생 모두 반대 그리고 생각 누구 시키 대로 대답 제대로 터지 뒤지
-ZUoWn6uvlc,(수업시연) AI 디지털교과서가 찾아왔어요 ㅣ 초등학교 4학년 수학,@은아김-y9n,"폭염, 폭설에 집에서 ai수업을 듣고 출석인정 ...
이런방법이면 인정
학교에 선생님이 계시는데 왜 ai수업을 들어야 하나요?이럴꺼면 집에서하죠",0.35747325,폭염 폭설 수업 출석 인정 이런 방법 인정 학교 선생 계시 수업 이렇
OcFXKUxiskw,AI디지털교과서로 공부하면 벌어지는 일 / 내년 수업 방식에 미리 대비해야 하는 이유,@k79486486,왜 아이들이 실험체가 되야 하는지...이상한 나라임,0.3563096,아이 실험 이상 나라
QqBYIYTDHuQ,AI 디지털교과서' 어떻게 쓰나?…영어·수학 수업 참관해 보니｜지금 이 뉴스,@예레니카-f9g,취재하니까 아이들이 집중해 주는거지 실제론 난리다 딴짓하고,0.3558334,취재 아이 집중 실제로 난리
D5lYwEBwrR0,사교육 대책의 핵심 AI 디지털 교과서,@leeda4405,"결국 공부는 인간이 스스로 사고하면서 공부하는거다.
이권개입이 의심된다",0.35448408,결국 공부 인간 스스로 사고 공부 이권 개입 의심
Hm2mj361syM,AI 디지털교과서가 오히려 격차 유발,@mosstube2170,종이책을 없애다니....이건 아주 잘못된 정책이다. 책을 읽게 해야한다. 스마트폰도 중등 이상이 되면 쓰게 해야한다.,0.35259646,종이 없애 이거 아주 잘못 정책 스마트폰 중등 이상
e1B7xhJgg28,AI 디지털교과서 반년 만에 퇴출‥교육계는 혼란 (2025.08.07/뉴스데스크/제주MBC),@은반복두,"모두가 반대하던거 강제로 진행시킨 윤석열, 교육부 진상조사해라. 특히 태블릿 납품업체, 소프트웨어 제작 업체들 싹다 털어야됨. 업체 몇개 안되서 백퍼 유착관계로 단합하고 진행한거다.",0.3525809,모두 반대 강제 진행 시키 윤석열 교육부 진상 조사 특히 태블릿 납품 업체 소프트웨어 제작 업체 업체 유착 관계 단합 진행
K5xHXY8rgvw,AI디지털교과서 도입 첫해‥ 교실은 아직 '준비 중' (2025.05.07/뉴스데스크/춘천MBC),@한마음-i5j,학부모는 반대하는데 누가 찬성하는거야!!!!,0.35244292,학부모 반대 누구 찬성
VRyVZG_q8SQ,종이 없는 AI 디지털 교과서 시대 열린다 [AI 교과서 도입]① [9시 뉴스] / KBS  2024.03.14.,@unanymous-un6bp,디지털 교과서... 이건 아니다,0.35157305,디지털 교과서 이거 아니
OcFXKUxiskw,AI디지털교과서로 공부하면 벌어지는 일 / 내년 수업 방식에 미리 대비해야 하는 이유,@스마일-p8m,"정말 너무 싫습니다.
누구를 위한 건지 모르겠어요..
시력이 나빠 일부러 패드도 안 보여주는데
교육부에서 아이들 시력 나빠지게 부추기는 격이네요",0.35141462,정말 누구 위하 모르 시력 나쁘 일부러 패드 보이 교육부 아이 시력 나쁘 부추기
SEZ4eZxH5Gk,AI 디지털교과서로 진단평가도 smart하게🤖,@moa-nj7mv,저 그 초등학교 학생인데요! 6학년에 5학년때 전학 온 전학생이라 수업을 듣거나 대화해본적은 없지만.. 가끔씩 교과 가거나 급식실에서 인사드리고 있어요. 유튜브 항상 응원합니다!!,0.3513445,초등학교 학생 학년 학년 전학 전학 수업 대화 가끔 교과 급식 인사 드리 유튜브 항상 응원
vM6_u3czNfY,'AI 디지털교과서' 검정 절차 중단…2학기부터 교과서로 못 쓴다  / EBS뉴스 2025. 08. 05,@hya-v9j,부디 이주호와 그 주변 사람을 고소하길... 주변에 제대로 된 교육학자는 없더라,0.35123158,부디 이주호 주변 고소 주변 제대로 교육학자
ZOp_tXkpPH0,[단독] 말 많고 탈 많은 'AI 교과서'…교육자료로도 못 쓴다? / SBS 8뉴스,@Ganggamchan-q9s,저런거 첨부터 교사 업무 부담에 준비과정 부실.. 교육효과도 떨어지고 느리고.. 개발업체들 돈벌게 해주는 사업.. 예산낭비에.. 첨부터 문제가 많은거였을텐데..,0.3512266,저런 교사 업무 부담 준비 과정 부실 교육 효과 떨어지 느리 개발업체 사업 예산 낭비 문제
VRyVZG_q8SQ,종이 없는 AI 디지털 교과서 시대 열린다 [AI 교과서 도입]① [9시 뉴스] / KBS  2024.03.14.,@앞날창창오지호,하 책 배게로 쓰는 맛이 없어지겠노… 반대 하는 학생들 다들 핸드폰 자료 찾는 시간에 핸드폰으로 인스타 같은 딴짓 해봤으면서 뭘 반대여 ㅋㅋㅋㅋㅋ 뽕 뽑을 수 있을때까지 뽑아 먹어야지,0.35082623,배게 반대 학생 핸드폰 자료 시간 핸드폰 인스타 대여
D5lYwEBwrR0,사교육 대책의 핵심 AI 디지털 교과서,@아줌마방글,미치겠다 진짜 .  대안 학교 예약 걸아야 하나,0.35047117,미치 대안 학교 예약
-ZUoWn6uvlc,(수업시연) AI 디지털교과서가 찾아왔어요 ㅣ 초등학교 4학년 수학,@jasonshin4816,개개인의 수준별로 학습을 할 수있다는 것이 대단한 장점이네요~응원합니다~,0.3500868,개개인 수준 학습 대단 장점 응원
D5lYwEBwrR0,사교육 대책의 핵심 AI 디지털 교과서,@수기-x4u,"교육부수장이 어떻게 이렇게 생각할 수 있는지ㅠ  교사, 학부모 중에서 누가 이걸 바란다고",0.34970623,교육부 수장 어떻 이렇 생각 교사 학부모 누구 이거 바라
W3qeNL467XQ,"[대구] AI 디지털 교과서, 대구 현장에서는 외면?…실효성 논란 확산 (뉴스투데이 2025.06.02 광주MBC)",@jenu6713,최초 가입은 복잡하지 하다가 지연되지 기기는 갑자기 꺼지지.. 이런게 전면적인 교과서가 될 수가 있나? 그냥 장난감 수준이지,0.34945428,최초 가입 복잡하 지연 기기 갑자기 꺼지 이런 전면 교과서 그냥 장난감 수준
QqBYIYTDHuQ,AI 디지털교과서' 어떻게 쓰나?…영어·수학 수업 참관해 보니｜지금 이 뉴스,@캐서린윤,"난 저렇게 수업들으면 번잡스러워서 수업 같지가 않아;;; 집중이 안됨,,",0.3492254,저렇 수업 번잡 스럽 수업 집중
OcFXKUxiskw,AI디지털교과서로 공부하면 벌어지는 일 / 내년 수업 방식에 미리 대비해야 하는 이유,@미뇽-r4r,내년에 대비하는게 아니라 전자책 도입 막아야 한다고 생각합니다…,0.34915575,내년 대비 아니 전자책 도입 생각
OcFXKUxiskw,AI디지털교과서로 공부하면 벌어지는 일 / 내년 수업 방식에 미리 대비해야 하는 이유,@이제는그래도,누구 배를 불리려고 아이들을 상대로 이런 실험을 하는지 모르겠네요. 기업 몰아주기식 정책이면....참담하네요.,0.34812176,누구 불리 아이 상대 이런 실험 모르 기업 몰아주기 정책 참담
yG7JrRtFY08,어서와~ AI 디지털교과서 미리보기는 처음이지(중학교 영어편),@tomjay9248,"수학편도 기대할께요
AI디지털 교과서 파이팅!!!",0.34760183,수학 기대 디지털 교과서 파이팅
-ZUoWn6uvlc,(수업시연) AI 디지털교과서가 찾아왔어요 ㅣ 초등학교 4학년 수학,@선한.영향력-f2s,왜 교사들 의견을 안듣지….난 우리나라가. 그렇게 부자인즐 몰랐어…. 구독료. 조 단위일것 같은데. 감당이 될까?,0.34734744,교사 의견 우리 나라 그렇 부자 모르 구독료 단위 감당
vM6_u3czNfY,'AI 디지털교과서' 검정 절차 중단…2학기부터 교과서로 못 쓴다  / EBS뉴스 2025. 08. 05,@peterjeong3220,세금으로 날로 해먹으려다 실패해서 업체와 관련된 인간들... 괜찮아. 제품만 훌륭하면 학교에서 반드시 쓸테니 걱정 고만해라.,0.3469569,세금 날로 해먹 실패 업체 관련 인간 괜찮 제품 훌륭 학교 반드시 걱정 고만
YWw1QP4l3QQ,"새학기 두 달 앞두고 AI교과서 좌초 위기...""재의요구 건의"" / YTN",@유갱이-f4i,교육부 쉽게 가르치고 쉽게 돈 벌겠다 이거지?,0.34552968,교육부 가르치 이거
OcFXKUxiskw,AI디지털교과서로 공부하면 벌어지는 일 / 내년 수업 방식에 미리 대비해야 하는 이유,@chrisserenekim2473,"그 놈의 혁신 혁신... 혁신 원하지 않으니 제발 기본 안에서 제대로 세금 쓰면서 상식적으로 교육하는 대한민국 교육부 되었음 하는데 왜 자꾸 허튼데 돈 쓰면서 정작 부모들은 반대하는데 무엇 때문에 고집하는지.. 정말 원하지 않아요. 선생님 의견처럼, 그저 선생님과 정서적 교류하며 따뜻한 학창시절 잘 보내고, 그런 추억으로 또 인생 살아가는 그런 우리 아이들 되었음 좋겠습니다.",0.34519494,혁신 혁신 혁신 제발 기본 제대로 세금 상식 교육 대한민국 교육부 자꾸 허튼 정작 부모 반대 무엇 때문 고집 정말 원하 선생 의견 그저 선생 정서 교류 따뜻 학창 시절 보내 그런 추억 인생 살아가 그런 우리 아이
-ZUoWn6uvlc,(수업시연) AI 디지털교과서가 찾아왔어요 ㅣ 초등학교 4학년 수학,@chaewon4140,04:15 학생들과 쉽게 화면을 공유하는 장면이 인상 깊었습니다.,0.34490326,04:15 학생 화면 공유 장면 인상
8hw4k3-pSn4,고양이 단어도 인식 못하는 AI 디지털교과서?...전자사전보다 못하다,@GMJU,그럼 데이터가 다 쌓인 이후에 그때 가서 교과서로 검토하든가 하면 되지... 왜 지금 이걸로 공부해야 하는 학생들을 예산 태우기 위한 재물로 삼으려 하냐?,0.34489125,그럼 데이터 쌓이 이후 교과서 검토 지금 공부 학생 예산 태우 위하 재물
zc0SrejBP1s,"AI 디지털 교과서 도입, 공교육 강화 대책 (24.11.21.) | 정관용의 정책토론 | 국회방송",@peterjeong3220,"솔직히
돈의 흐름이다.
교과서도 엄청난 돈의 흐름인데
디지털 교과서  아니 폼나게 ai 교과서? 거기에 침 잔뜩 흘리고 있는 출판사들 대환영

아이들이 줄어들고 있는 상황에서 출판사들 엄청난 로비

꼭 뒷조사 해보길...",0.34401184,솔직히 흐름 교과서 엄청나 흐름 디지털 교과서 아니 교과서 거기 잔뜩 흘리 출판사 환영 아이 줄어들 상황 출판사 엄청나 로비 뒷조사
K5xHXY8rgvw,AI디지털교과서 도입 첫해‥ 교실은 아직 '준비 중' (2025.05.07/뉴스데스크/춘천MBC),@murray1897,도대체 뭐 하는 짓인가. 앞으로 애들 창의성은 다 죽었음. 원래 무식하면 무조건 앞서 가는 것.,0.34362376,도대체 창의 원래 무식 무조건 앞서
yG7JrRtFY08,어서와~ AI 디지털교과서 미리보기는 처음이지(중학교 영어편),@Sriphanprapa,경기 양평 양일중학교 송주한 입니다. 수고많으셨습니다. 복 많이 받으시길 바랍니다.,0.34347263,경기 양평 양일중학교 송주한 수고 많이 바라
Hm2mj361syM,AI 디지털교과서가 오히려 격차 유발,@jyc6566,지금이라도 디지털 교과서라는 말도 안돼는 짓거리 하지말고 그거 추진한 기관 카르텔 조사해라,0.34261063,지금 디지털 교과서 짓거리 그거 추진 기관 카르텔 조사
8hw4k3-pSn4,고양이 단어도 인식 못하는 AI 디지털교과서?...전자사전보다 못하다,@켕g,학생들이 마루타냐...???!!!,0.34252742,학생 마루타
e1B7xhJgg28,AI 디지털교과서 반년 만에 퇴출‥교육계는 혼란 (2025.08.07/뉴스데스크/제주MBC),@음악_한스푼,교육 목적이 아니라 헤쳐먹을 목적이었겠지.. 잘 알아봐야 합니다..,0.34224832,교육 목적 아니 헤치 목적 알아보
-ZUoWn6uvlc,(수업시연) AI 디지털교과서가 찾아왔어요 ㅣ 초등학교 4학년 수학,@한달어터-20kg,"AI디지털교과서 반대합니다
이거.자체가 아이들의 뇌활성활을 저하시키는 방법입니다… 제발 아이들 만은 지켜주세요",0.34212866,디지털 교과서 반대 이거 자체 아이 활성 저하 시키 방법 제발 아이 지키
QqBYIYTDHuQ,AI 디지털교과서' 어떻게 쓰나?…영어·수학 수업 참관해 보니｜지금 이 뉴스,@Hj관심목록,"도화지에 그려 ~  뭐 과거어 다 하던거 뭐가 더 나아진다고 디지털 이난리  종이로 해 
결사반대",0.3419811,도화지 과거 디지털 난리 종이 결사반대
MgRCJjhSISs,"[이슈] 베일 벗은 AI 디지털교과서…1대1 맞춤형 학습 가능/'교육 격차' 줄인다지만…""문해력 저하·준비 부족""/2024년 12월 2일(월)/KBS",@arina6933i4i,학교에서 학부모들한테 공개적 시연 안 하는것만 봐도... 공개되면 개욕먹을 수준인 거지,0.3410625,학교 학부모 공개 시연 공개 욕먹 수준
e1B7xhJgg28,AI 디지털교과서 반년 만에 퇴출‥교육계는 혼란 (2025.08.07/뉴스데스크/제주MBC),@yeumyeum-y4l,원래 책을 전혀 안 보던 것도 아닌데 혼란이 뭐가 커져~ ai 책 보다가 갑자기 고3되서 수능 지문보면 적응이 되겠나 😑,0.34082296,원래 전혀 아니 혼란 갑자기 수능 지문 적응
YWw1QP4l3QQ,"새학기 두 달 앞두고 AI교과서 좌초 위기...""재의요구 건의"" / YTN",@applemss6994,교육부 진짜 왜그럽니까? Ai 교과서 반대합니다,0.34047452,교육부 그렇 교과서 반대
4Niolo0Avnk,"'교육자료' 된 AI 디지털교과서, 채택 여부 학교 선택에 맡긴다 [모잇슈] / EBS뉴스",@Park-en8yl,선택에 맡기는건 무책임한것이라 생각됩니다. 말장난하지 말고 ai교과서 폐지되길 바랍니다.,0.3397938,선택 맡기 책임 생각 말장난 교과서 폐지 바라
W3qeNL467XQ,"[대구] AI 디지털 교과서, 대구 현장에서는 외면?…실효성 논란 확산 (뉴스투데이 2025.06.02 광주MBC)",@사랑-soo,학부모 교사가 처음부터 반대 했는데 국민의힘은 왜 밀어붙인 건지,0.33851865,학부모 교사 처음 반대 국민 밀어붙이
VRyVZG_q8SQ,종이 없는 AI 디지털 교과서 시대 열린다 [AI 교과서 도입]① [9시 뉴스] / KBS  2024.03.14.,@mvm5224,"대학생때 이미 해봤어요!
아이패드로 공부하다 포기한 애들이
대다수죠

한달만 스스로 해보면 알게될거예요~~
차라리 친환경 종이 활용을 알아보세요~
대나무는 하루에 몇m는 자라서
활용해도 환경파괴가 안돼요~~",0.33837587,대학 이미 아이패드 공부 포기 대다수 스스로 차라리 환경 종이 활용 대나무 하루 자라 활용 환경 파괴
Hm2mj361syM,AI 디지털교과서가 오히려 격차 유발,@샤론-l5p,세상에나 종이책도 싫어하는데 퍽이나 좋겠다. 게임중독으로 이끄는구나.,0.33799353,세상 종이 싫어하 게임 중독 이끌
-ZUoWn6uvlc,(수업시연) AI 디지털교과서가 찾아왔어요 ㅣ 초등학교 4학년 수학,@minsubang,4:34 학생들이 직접 질문하지 않아도 알아서 돕는 선생님의 모습이 정말 인상 깊습니다!  AI디지털교과서 정말 좋네요!,0.3377472,4:34 학생 직접 질문 선생 모습 정말 인상 디지털 교과서 정말
OcFXKUxiskw,AI디지털교과서로 공부하면 벌어지는 일 / 내년 수업 방식에 미리 대비해야 하는 이유,@관리자-e3j,"자퇴해야지요,,,
뇌발달을 디지털에게 맡길수 없음,,,",0.33765748,자퇴 발달 디지털 맡기
JC35hy4u1mo,"AI 디지털교과서(AIDT), 도입해야할까? ｜토론으로 알아보는 교육정책",@다니-z6v,사회자 선생님을 비롯하여 학생들의 토론에 대하여 잘들었습니다,0.33687407,사회자 선생 비롯 학생 토론
8hw4k3-pSn4,고양이 단어도 인식 못하는 AI 디지털교과서?...전자사전보다 못하다,@Anne123-r9i,교육부 장관과 에듀테크 기업 딸과의 관계가 있다며,0.33666807,교육부 장관 에듀 테크 기업 관계
JC35hy4u1mo,"AI 디지털교과서(AIDT), 도입해야할까? ｜토론으로 알아보는 교육정책",@혜진-e1k,학생들이 정말 토론을 잘 하네요. 다음에는 교원평가 개편과 관련된 토론을 보고 싶습니다!,0.3357432,학생 정말 토론 다음 교원 평가 개편 관련 토론
MgRCJjhSISs,"[이슈] 베일 벗은 AI 디지털교과서…1대1 맞춤형 학습 가능/'교육 격차' 줄인다지만…""문해력 저하·준비 부족""/2024년 12월 2일(월)/KBS",@에스프레소-q4f,"누구 머리에서 나왔을까??? 
학부모,선생님,학생 다 반대하는데 교육의 교 자도
모르는 누가???
쓸데없는 것만 저질러 놓고
나 몰라라 할거임!!!
똥 싸놓은것 또 치워야 함!!!",0.33531523,누구 머리 나오 학부모 선생 학생 반대 교육 모르 누구 쓸데없 저지르 모르 치우
OcFXKUxiskw,AI디지털교과서로 공부하면 벌어지는 일 / 내년 수업 방식에 미리 대비해야 하는 이유,@허지혜-y7x,학교 자퇴하고 홈스쿨 하던지 국제학교보내야겠습니다.,0.33486062,학교 자퇴 스쿨 국제 학교 보내
Hm2mj361syM,AI 디지털교과서가 오히려 격차 유발,@KTYart79,뭐든 디지털이면 다 최곤 줄 아냐???,0.33438236,디지털 최고
D5lYwEBwrR0,사교육 대책의 핵심 AI 디지털 교과서,@료콩맂,뭔 돈을 얼마나 쳐받았길래 강행하는건지..아 정말 다싫대잖아 맞춤교육이고뭐고 좋을게 없는거 정말 몰라서 그러나요? 본인 애들 다 키웠다 이건가,0.33285102,얼마나 강행 정말 맞춤 교육 정말 모르 그러 본인 키우 이거
Hm2mj361syM,AI 디지털교과서가 오히려 격차 유발,@행운을-s3x,일부러 책보고 연필로 따라 쓰라고 하는데. 이걸 디지털로 바꾼다고?! 눈 나빠진다고 게임고 하루에 한시간씩 하게만해주고 바깥 하늘 바라보게 하는데?! 미치겠다,0.33254611,일부러 연필 따르 이거 디지털 바꾸 나빠지 게임 하루 시간 바깥 하늘 바라보 미치
OcFXKUxiskw,AI디지털교과서로 공부하면 벌어지는 일 / 내년 수업 방식에 미리 대비해야 하는 이유,@반짝반짝-b5n,"아직 폰도 안사주는데 골치아프네요...학원에서 패드로 해본다는거 최대한 미루고있는데ㅜ 공교육에서 이러면 어쩌나요ㅜ 
우려되는점 들어보니 더 막막하고
안했으먄 좋겠네요ㅜㅜ",0.3311932,아직 골치 아프 학원 패드 최대한 미루 공교육 이러 어쩌 우려 막막
vM6_u3czNfY,'AI 디지털교과서' 검정 절차 중단…2학기부터 교과서로 못 쓴다  / EBS뉴스 2025. 08. 05,@LeeFiona-u3c,"와우..다행이다
!!! 디지털교과서 안좋다고 미국, 핀란드에서 판명났다. 애들 모의고사 지문에도 나옴",0.33092237,와우 다행 디지털 교과서 미국 핀란드 판명 모의고사 지문 나오
1dR6POZYN50,“AI디지털교과서 손본다”… 98% 도입 대구 운명은?ㅣTBC뉴스,@햇살가득-t4q,디지털교과서 영어나 과학실험영상 정도나 도움되지 베이스로 절대쓰면안됨,0.3308329,디지털 교과서 영어 과학 실험 정도 도움 베이스 절대
8hw4k3-pSn4,고양이 단어도 인식 못하는 AI 디지털교과서?...전자사전보다 못하다,@아이어제라툴,우리 애들 사용하는 밀크티나 빨간펜  프로그램보다 못하네?,0.33010525,우리 사용 밀크티 빨갛 프로그램
-ZUoWn6uvlc,(수업시연) AI 디지털교과서가 찾아왔어요 ㅣ 초등학교 4학년 수학,@공유용-r9u,4명 데리고 시연은 좀 너무하지 않나요? 최소 20명 수업 장면은 나와야 유의미하다고 봅니다. 4명이면 맨손 수업 해도 됩니다...,0.32860112,데리 시연 최소 수업 장면 나오 유의미 수업
vM6_u3czNfY,'AI 디지털교과서' 검정 절차 중단…2학기부터 교과서로 못 쓴다  / EBS뉴스 2025. 08. 05,@CyclingScenery,"수시도 없애주세요!고교학점제도 없애주세요. 서민들위한 목표와달리 결국 아빠재력과 학력있고,상위레벨,강남사람들만 도움되는제도에요!",0.32776827,수시 없애 고교 학점 없애 서민 위하 목표 달리 결국 아빠 재력 학력 상위 레벨 강남 도움 제도
QqBYIYTDHuQ,AI 디지털교과서' 어떻게 쓰나?…영어·수학 수업 참관해 보니｜지금 이 뉴스,@user-vghj1t,교사가 실력이 없네,0.32748199,교사 실력
JC35hy4u1mo,"AI 디지털교과서(AIDT), 도입해야할까? ｜토론으로 알아보는 교육정책",@artfan1007,정시 확대와 수시 비중 축소에 관한 이야기를 듣고 싶습니다😊 시대의 화두는 기회의 평등에서 비롯되는 공정성인만큼 이를 논의하는 토론을 당사자인 학생분들에게 듣고 싶습니다.,0.3272526,정시 확대 수시 비중 축소 관하 이야기 시대 화두 기회 평등 비롯 공정 만큼 논의 토론 당사자 학생
OcFXKUxiskw,AI디지털교과서로 공부하면 벌어지는 일 / 내년 수업 방식에 미리 대비해야 하는 이유,@yopyop61304,일제시대 공교육 도입의 목적이 생각할줄 모르고 시키는대로 하는 노비를 기르는 것이라더니 딱 그때의 목적대로 가고 있네요,0.32476148,일제 시대 공교육 도입 목적 생각 모르 시키 대로 노비 기르 목적
JC35hy4u1mo,"AI 디지털교과서(AIDT), 도입해야할까? ｜토론으로 알아보는 교육정책",@onideuk43,같은주제로 찬반토론회를하는 학생들의 모습이 참 멋집니다!! 열띤토론만큼 마음이 흐뭇하네요! 어느쪽이 틀렸다고 하지 못할만큼 열띤 토론 잘봤습니다^^,0.32445365,주제 찬반 토론회 학생 모습 멋지 열띠 토론 마음 흐뭇하 어느 틀리 못하 만큼 열띠 토론
e1B7xhJgg28,AI 디지털교과서 반년 만에 퇴출‥교육계는 혼란 (2025.08.07/뉴스데스크/제주MBC),@littlecloud78,교사는 정치적 중립 요구하고 교육공무원은 국당 성향이든 상관없고…. 뉴라이트 돈 벌이 수단이었겠지.,0.32393056,교사 정치 중립 요구 교육 공무원 성향 상관없 뉴라이트 벌이 수단
kMRBxDBbUas,"AI디지털교과서 논란, 핵심이 무엇인지 딱 알려드립니다!(교육대기자)[이슈따라잡기]",@자기주도학습-k9q,코로나때  크나큰 부작용이 있었는데 또다시  전두엽 성장발달에 치명적인 이번 정책을 특히나 학생 학부모 교사가 모두 반대하는데 강력 추진하는건 대통령실 쪽에서  추진하는 사업 아닐까하는 의구심이 듭니다. 해외자금 은닉 및 새로운 사업으로 이득을 계획하고 있었다는 추측이 드네요.,0.32374513,코로나 크나크 부작용 또다시 전두엽 성장 발달 치명 이번 정책 특히 학생 학부모 교사 모두 반대 강력 추진 대통령실 추진 사업 아니 의구심 해외 자금 은닉 새롭 사업 이득 계획 추측
MgRCJjhSISs,"[이슈] 베일 벗은 AI 디지털교과서…1대1 맞춤형 학습 가능/'교육 격차' 줄인다지만…""문해력 저하·준비 부족""/2024년 12월 2일(월)/KBS",@kanilro,저거 들을거면 왜 학교까지 가서 배우나 싶은데?,0.3217322,저거 학교 배우
VRyVZG_q8SQ,종이 없는 AI 디지털 교과서 시대 열린다 [AI 교과서 도입]① [9시 뉴스] / KBS  2024.03.14.,@lilillllilillilililllliiiii,ㅋㅋ 공익광고에선 스마트폰 작작보세요 스마트폰 보면 눈나빠져요 나가서 노세요 가족 친구랑 대화하세요 ㅇㅈㄹ하더니 디지털 교과서 강제 ㅋㅋㅋㅋㅋㅋㅋㅋㅋㅋㅋㅋ앞뒤가 안맞네,0.3206981,공익 광고 스마트폰 작작 스마트폰 나쁘 나가 가족 친구 대화 디지털 교과서 강제 앞뒤
kMRBxDBbUas,"AI디지털교과서 논란, 핵심이 무엇인지 딱 알려드립니다!(교육대기자)[이슈따라잡기]",@크림아이스-s9m,내아이는 초4가 되는데 정말 그교과서 쓰면 다 망한다.,0.31933045,아이 정말 교과서 망하
VRyVZG_q8SQ,종이 없는 AI 디지털 교과서 시대 열린다 [AI 교과서 도입]① [9시 뉴스] / KBS  2024.03.14.,@힘내자-m2e,"그냥 종이로 합시디.
모든게 사이버에 노출 되어 좋을 게 뭐가 있나요?",0.31917793,그냥 종이 시디 모든 사이버 노출
-ZUoWn6uvlc,(수업시연) AI 디지털교과서가 찾아왔어요 ㅣ 초등학교 4학년 수학,@큮극끄욱끜,"내가 학부모도 아니고 당장 가까이 학생들이 있는 것도 아니라 AI 디지털교과서 잘 알지도 못하고 관심도 없는데 지금 이걸 도입하려고 하는 과정이나 절차에서는 상당한 의구심이 든다.

라이브 시연도 아니고 녹화 편집된 영상에 대고는 다 비슷한 포맷으로 댓글 달고 이게 뭐하는 짓인가. 무슨 북한 선전 영상, 행사에 호응하는 인민들 보고 있는 것 같네..",0.3179924,학부모 아니 당장 가까이 학생 아니 디지털 교과서 못하 관심 지금 이거 도입 과정 절차 상당 의구심 라이브 시연 아니 녹화 편집 비슷 포맷 댓글 이것 무슨 북한 선전 행사 호응 인민
Hm2mj361syM,AI 디지털교과서가 오히려 격차 유발,@장승희-v4p,"아이들을 멍청이 범죄자로 만드는거임.
이건 변화가 아니라
죽이는거임",0.31785652,아이 멍청이 범죄자 만들 이거 변화 아니 죽이
-ZUoWn6uvlc,(수업시연) AI 디지털교과서가 찾아왔어요 ㅣ 초등학교 4학년 수학,@vlog-wn4cw,"프로그램 활용능력이 정착될때까지 선생님의 역할이 중요할것같아요
당분간 진도는 더디게 갈듯하기도 하구요.
익숙해지기전까지 😅25명 한명한명 다 챙기려면 선생님 혼자서는 버거울듯합니다",0.3176202,프로그램 활용 능력 정착 선생 역할 중요 당분간 진도 더디 익숙 챙기 선생 혼자 버겁
OcFXKUxiskw,AI디지털교과서로 공부하면 벌어지는 일 / 내년 수업 방식에 미리 대비해야 하는 이유,@jambo409,"믿고 보는 어디든 학교.
선생님, 고맙습니다. 😊",0.3168667,어디 학교 선생 고맙
K5xHXY8rgvw,AI디지털교과서 도입 첫해‥ 교실은 아직 '준비 중' (2025.05.07/뉴스데스크/춘천MBC),@zigzag0.0,하지말라고!!! 애들 교육을 왜 이런식으로 하지??,0.31623518,교육 이런
JC35hy4u1mo,"AI 디지털교과서(AIDT), 도입해야할까? ｜토론으로 알아보는 교육정책",@user-vd2vc6uh4x,"학생들의 토론을 보니 굉장히 똑 부러지고 앞으로의 미래가 밝네요.
문이과통합에 대한 찬반토론 주제도 굉장히 좋을 것 같습니다.",0.31443247,학생 토론 굉장히 부러지 미래 이과 통합 찬반 토론 주제 굉장히
QqBYIYTDHuQ,AI 디지털교과서' 어떻게 쓰나?…영어·수학 수업 참관해 보니｜지금 이 뉴스,@김은지-r1b7h,이걸로 학생별 맞춤 교육에 더 도움 된다면 찬성입니다!!! 잘 상용화되길,0.31412077,학생 맞춤 교육 도움 찬성 상용
4Niolo0Avnk,"'교육자료' 된 AI 디지털교과서, 채택 여부 학교 선택에 맡긴다 [모잇슈] / EBS뉴스",@ireanbae7025,"의대정원도 대학자율로 맡겨라
교육부가 우겨서 될일이 아니다",0.31391612,의대 정원 대학 자율 맡기 교육부 우기 아니
JC35hy4u1mo,"AI 디지털교과서(AIDT), 도입해야할까? ｜토론으로 알아보는 교육정책",@kin8515,"다들 너무 토론 잘 하셔서 놀랐어요!!
다음시간에는 장소에 제약을 받지 않는 원격교육 관련해서도 해보면 좋을 것 같습니다~",0.31310827,토론 놀라 다음 시간 장소 제약 원격 교육 관련
QqBYIYTDHuQ,AI 디지털교과서' 어떻게 쓰나?…영어·수학 수업 참관해 보니｜지금 이 뉴스,@neopcs,이딴거 하는데 세금 1조... 교육부장관은 정말 처벌해야한다.,0.31229255,세금 교육부 장관 정말 처벌
1dR6POZYN50,“AI디지털교과서 손본다”… 98% 도입 대구 운명은?ㅣTBC뉴스,@느티나무-x7t,"대구학생들에게 기쁜 소식입니다.
예산 낭비가 많이 되었겠지만 오로지  학생들을 생각해서 잘 되었습니다.
대구 어른들 반성 좀 하십시오!!!",0.30875885,대구 학생 기쁘 소식 예산 낭비 많이 오로지 학생 생각 대구 어른 반성
MgRCJjhSISs,"[이슈] 베일 벗은 AI 디지털교과서…1대1 맞춤형 학습 가능/'교육 격차' 줄인다지만…""문해력 저하·준비 부족""/2024년 12월 2일(월)/KBS",@강가멜-o8j,"아나운서 기본 멘트부터 자기주도학습의 기본가치에 어긋난다.
검증되지 않은 정책을 밀어붙이는 이유가 뭘까?",0.30857885,아나운서 기본 멘트 자기 주도 학습 기본 가치 어긋나 검증 정책 밀어붙이 이유
JC35hy4u1mo,"AI 디지털교과서(AIDT), 도입해야할까? ｜토론으로 알아보는 교육정책",@마루치아라치on,"다들 대단한 토론러 ,,,포스가,,  원격교육에 대해서도 부탁드려요",0.3079164,대단 토론러 포스 원격 교육 부탁드리
VRyVZG_q8SQ,종이 없는 AI 디지털 교과서 시대 열린다 [AI 교과서 도입]① [9시 뉴스] / KBS  2024.03.14.,@jinsookchoi5816,학부모가 한목소리로 연대하자. 이런결정 충분한 논의가 빠져있다. 대체 누구를 위한 무엇을 위한 도입이냐.,0.3078735,학부모 한목소리 연대 이런 결정 충분 논의 빠지 대체 누구 위하 무엇 위하 도입
W3qeNL467XQ,"[대구] AI 디지털 교과서, 대구 현장에서는 외면?…실효성 논란 확산 (뉴스투데이 2025.06.02 광주MBC)",@선한.영향력-f2s,구독효로 몇조씩 나갈텐데 감당할수 있나   재정이 약한 교육청은 감당이 안될텐데,0.30721644,구독효 나가 감당 재정 약하 교육청 감당
e1B7xhJgg28,AI 디지털교과서 반년 만에 퇴출‥교육계는 혼란 (2025.08.07/뉴스데스크/제주MBC),@old_citypop,아이들 어릴 때 종이책을 보는 습관을 키워주는게 필요합니다,0.30682796,아이 어리 종이 습관 키우 필요
r3caRRBNAn0,"AI 디지털교과서, 애초부터 무효였다?!",@starrrynightt0566,에듀테크 업체들이 교육부 고소한다고 합니다 그러니 저렇게 졸속에 불법으로 추진하려는 거죠 꼭 교육부 장관및 관련자들이 처벌 받기를 바랍니다!!,0.30588207,에듀테크 업체 교육부 고소 그러 저렇 졸속 불법 추진 교육부 장관 관련자 처벌 바라
kMRBxDBbUas,"AI디지털교과서 논란, 핵심이 무엇인지 딱 알려드립니다!(교육대기자)[이슈따라잡기]",@빛날BitNal,"안녕하세요, 하루 8시간씩 주 6일 
교재의 98%를 태블릿으로 공부하는 전업 전문직시험 수험생입니다

현재 종이없이 공부한지 1년이 넘었는데요 
다른건 다 좋은데 눈이 너무 시려요 죽을만큼,,, 블루라이트때문인거같아요, 블루라이트안경을 구매한뒤로 많이 좋아졌습니다만,,,
아이들이 이 고통을 이겨낼수있을지, 자라나는 시기에 시력에는 문제없을지 걱정되네요",0.30510437,안녕 하루 시간 교재 태블릿 공부 전업 전문직 시험 수험 현재 종이 없이 공부 다른 시리 만큼 블루 라이트 때문 블루 라이트 안경 구매 많이 아이 고통 이기 자라나 시기 시력 문제없 걱정
K5xHXY8rgvw,AI디지털교과서 도입 첫해‥ 교실은 아직 '준비 중' (2025.05.07/뉴스데스크/춘천MBC),@지니35,성과주의 자가들 돈도 아니니 하는거지 잘되면 내탓 안되면 현장 선생님들 탓,0.30483395,성과주의 아니 현장 선생
OcFXKUxiskw,AI디지털교과서로 공부하면 벌어지는 일 / 내년 수업 방식에 미리 대비해야 하는 이유,@진-k7h7j,안그래도 눈나쁘고 ㅎㅎ; 일부러 밀크티같은것도안시켰는데  교육부 이런식이면 홈스쿨링해서 종이로 공부시키는게 났겠다 싶네요,0.30378136,그렇 나쁘 일부러 밀크티 시키 교육부 이런 홈스쿨링 종이 공부 시키
-ZUoWn6uvlc,(수업시연) AI 디지털교과서가 찾아왔어요 ㅣ 초등학교 4학년 수학,@g7redg7,"7:45 오답 문제를 다시 풀어보거나 유사한 문제를 푼다는 것은 단순히 반복학습이 아니라, 그 과정에서 실수를 분석하고 문제 해결 능력을 키우며 자신감을 높이는 데 큰 도움이 될 것 같네요.",0.3037594,7:45 오답 문제 다시 유사 문제 단순히 반복 학습 아니 과정 실수 분석 문제 해결 능력 키우 자신감 높이 도움
8hw4k3-pSn4,고양이 단어도 인식 못하는 AI 디지털교과서?...전자사전보다 못하다,@초록물고기-b1b,교육부장관은 문제를 인식조차 못하나? 앞으로 좋게가야한다라는 공허한 원론만;;;; 계약이 어떻게 이뤄졌는지부터 살펴봐라,0.30306566,교육부 장관 문제 인식 공허 원론 계약 어떻 이뤄지 살펴보
QqBYIYTDHuQ,AI 디지털교과서' 어떻게 쓰나?…영어·수학 수업 참관해 보니｜지금 이 뉴스,@soonabae6652,"수학문제 풀다보면 자리가 모자라서 두세장 썼다지우고 고치고 하는데 , 공부 안해본 사람이 만든듯",0.3020448,수학 문제 자리 모자라 두세 지우 고치 공부 만들
OcFXKUxiskw,AI디지털교과서로 공부하면 벌어지는 일 / 내년 수업 방식에 미리 대비해야 하는 이유,@bok9322,"정말 너무 싫다!
종이로 쓰고 지우며 공부해야지 뭔소리야 ㅠㅠ 
장점보다 단점이 많은데 왜 하는거지??
아이들 시력은 어쩔거며...
설명이 잘 되어 있는들 집중력은 훨씬 떨어질게 분명하다.
생각만해도 눈 아파",0.3014229,정말 종이 지우 공부 소리 장점 단점 아이 시력 어쩌 설명 집중력 훨씬 떨어지 분명 생각 아프
-ZUoWn6uvlc,(수업시연) AI 디지털교과서가 찾아왔어요 ㅣ 초등학교 4학년 수학,@빛날BitNal,"안녕하세요, 하루 8시간씩 주 6일 
교재의 98%를 태블릿으로 공부하는 전업 전문직시험 수험생입니다

현재 종이없이 공부한지 1년이 넘었는데요 
다른건 다 좋은데 눈이 너무 시려요 죽을만큼,,, 블루라이트때문인거같아요, 블루라이트안경을 구매한뒤로 많이 좋아졌습니다만,,,
아이들이 이 고통을 이겨낼수있을지, 자라나는 시기에 시력에는 문제없을지 걱정되네요
이런 부분도 검토되었으면 좋겠습니다",0.30060905,안녕 하루 시간 교재 태블릿 공부 전업 전문직 시험 수험 현재 종이 없이 공부 다른 시리 만큼 블루 라이트 때문 블루 라이트 안경 구매 많이 아이 고통 이기 자라나 시기 시력 문제없 걱정 이런 부분 검토
OcFXKUxiskw,AI디지털교과서로 공부하면 벌어지는 일 / 내년 수업 방식에 미리 대비해야 하는 이유,@yi7215,학교란 무엇인가 😢,0.29925853,학교 무엇
OcFXKUxiskw,AI디지털교과서로 공부하면 벌어지는 일 / 내년 수업 방식에 미리 대비해야 하는 이유,@커피고,AI찬성. 코로나 때 집에서 줌수업을 하는걸 보니 왜 AI디지털 교과서가 필요한지 알게되었음.,0.29833567,찬성 코로나 수업 디지털 교과서 필요
Hm2mj361syM,AI 디지털교과서가 오히려 격차 유발,@moonstone91,화면을 터치하는 전자기기는 터치하는 행위만으로도 도파민이 분비됩니다. 장시간 기기로 공부할 시 오히려 집중력이 저하될 우려가 있네요...,0.29824954,화면 터치 전자 기기 터치 행위 도파민 분비 장시간 기기 공부 오히려 집중력 저하 우려
Hm2mj361syM,AI 디지털교과서가 오히려 격차 유발,@Dr.안젤라,일부 학부모가 아나라 대다수가 반대한다. 세금이 누군가의 입으로 들어가는 중.,0.2974357,일부 학부모 나라 다수 반대 세금 누구 들어가
QqBYIYTDHuQ,AI 디지털교과서' 어떻게 쓰나?…영어·수학 수업 참관해 보니｜지금 이 뉴스,@JH-f1k,학생들은 신경쓸게 너무 많아서 정신없을듯,0.29513335,학생 신경 정신없
Hm2mj361syM,AI 디지털교과서가 오히려 격차 유발,@모니카-c9y,선진국의 실패한교육을 도입한다고? 부작용과 역효과있다고 다시 책자로돌아감,0.29500827,선진국 실패 교육 도입 부작용 역효과 다시 책자 돌아가
OcFXKUxiskw,AI디지털교과서로 공부하면 벌어지는 일 / 내년 수업 방식에 미리 대비해야 하는 이유,@난리났네난리났어-q6s,9:17 저도 이부분 때문에 최소 1개월은 수업 집중력이 굉장히 낮아지지 않을까 싶습니다.,0.29376417,9:17 부분 때문 최소 개월 수업 집중력 굉장히
nlCMI3Lne88,"[이백규 인터뷰] AI 디지털 교과서, 공정한 대입 부른다...윤석열 표 교육개혁은?ㅣ 이주호 교육부 총리",@MIYABIsholl,"틀니들은 왤캐 사이버를좋아함?
X나 지들이 뭔가 선도하고있다는 느낌받나?",0.29363298,틀니 사이버 좋아하 선도 느낌
vM6_u3czNfY,'AI 디지털교과서' 검정 절차 중단…2학기부터 교과서로 못 쓴다  / EBS뉴스 2025. 08. 05,@peng_tamin,교육부장관  한명의 고집때문에  이 무슨  인력낭비  자금낭비  감정낭비인가..   진짜  책임  물어야 함,0.29293647,교육부 장관 고집 때문 무슨 인력 낭비 자금 낭비 감정 낭비 책임
1dR6POZYN50,“AI디지털교과서 손본다”… 98% 도입 대구 운명은?ㅣTBC뉴스,@abcdefghi-r3i,대구는 냅둬라. 거서 인재나옴 또 국힘당에 힘된다. 걍 애들 멍청해지라고 냅둬.,0.2926227,대구 냅두 인재 나오 멍청 냅두
bPry0hsBAXk,“빠른 학습자·느린 학습자 모두 챙겨요” 내년 AI 디지털 교과서 도입,@김태호-j5i,아이가 무엇을 하는지 뒤에 감시하는 알바 한명씩 넣지 않으면 40%는 딴 짓한다.,0.2925251,아이 무엇 감시 알바
LKQITkR1SRg,"AI 디지털교과서 '교육자료' 격하에…발행사들 ""헌법소원 불사"" / EBS뉴스 2025. 08. 06",@jacktwomc3305,"Kompas ai 쓰던가 네이버 ai쓰던가
재미니에이아이 써도 됐자나?
돈벌라고 사기같은 저품질 교과서를 만들어놓고 정부책임 이라니..",0.29154015,네이버 재미 에이아이 사기 품질 교과서 만들 정부 책임
