video_id,video_title,author_id,text_content
VRyVZG_q8SQ,종이 없는 AI 디지털 교과서 시대 열린다 [AI 교과서 도입]① [9시 뉴스] / KBS  2024.03.14.,@저공비행-o9f,요즘 같은 시대일수록 종이책을 봐야합니다.뭐든 국민세금으로 갑자기 바꾸지 좀 맙시다.그리고 최소 선택권을 주세요.얼마전 기사에도 초등 교사가 아이들에게 스마트폰 금지하자고 하는데.눈건강도 그렇고.종이책을 읽으라고 독려해도 아쉬울판에 정부의 무대포 실행에 어이상실입니다.
VRyVZG_q8SQ,종이 없는 AI 디지털 교과서 시대 열린다 [AI 교과서 도입]① [9시 뉴스] / KBS  2024.03.14.,@DENTE-123,"종이로 공부하며 자랐는데 패드보면 사람이 점점 미쳐가고 문해력같은 능력도 굉장히 떨어지고 시력도떨어지고 패드해봤자 성적은 떨어지고
종이교과서 해봤는데 시험 만점받았다 그런데 성적 떨어트리는 독을 학교마다 나눈다는게 학생을 과연 도움이될까?"
VRyVZG_q8SQ,종이 없는 AI 디지털 교과서 시대 열린다 [AI 교과서 도입]① [9시 뉴스] / KBS  2024.03.14.,@hyunyool,반대 서명까지 했는데 이걸 강행하네... 정말 너무 화난다. 어떻게 해야 도입 멈추고 종이책 유지하나요
VRyVZG_q8SQ,종이 없는 AI 디지털 교과서 시대 열린다 [AI 교과서 도입]① [9시 뉴스] / KBS  2024.03.14.,@croton21,디지털 교과서 반대합니다.
VRyVZG_q8SQ,종이 없는 AI 디지털 교과서 시대 열린다 [AI 교과서 도입]① [9시 뉴스] / KBS  2024.03.14.,@yuikim1031,애들 집중력 떨어지고 충동성 강해져요. 전자파랑 디지털에 저렇게 노출해서 득보다 실이 큰 걸 알면서도 진행하는 저의가 뭔지. 디지털 AI도 단점이 엄청 큰데 그걸 무시하고 장점이 있는 척 하는 거 좀 그만해라. 교사도 아이들도 싫어한다. 종이교과서 손글씨 읽고 쓰고 말하는 시대로 돌아가자. 전자파 계속 노출되면 면역력 떨어진다. 문해력도 정말 처참하다.
VRyVZG_q8SQ,종이 없는 AI 디지털 교과서 시대 열린다 [AI 교과서 도입]① [9시 뉴스] / KBS  2024.03.14.,@INCHEONBUS-NO.1,디지털교과서 절대 반대
VRyVZG_q8SQ,종이 없는 AI 디지털 교과서 시대 열린다 [AI 교과서 도입]① [9시 뉴스] / KBS  2024.03.14.,@오레오-c9x,안과 잘되겠네요..
VRyVZG_q8SQ,종이 없는 AI 디지털 교과서 시대 열린다 [AI 교과서 도입]① [9시 뉴스] / KBS  2024.03.14.,@새록-v6z,교사도 학부모도 대부분이 반대하는데 그걸 무조건 하겠다는 교육부 멋있다!!!!!!
VRyVZG_q8SQ,종이 없는 AI 디지털 교과서 시대 열린다 [AI 교과서 도입]① [9시 뉴스] / KBS  2024.03.14.,@piani12345,"우리가 전자책 ebook만 봐도 알수있어요 .. 좋을꺼같아서 전자책 읽어봤는데 진짜 내용이 뇌에 안들어오더라구요 그리고 읽고나서 과거에 무슨내용인지 금방까먹어요 ..이것도 똑같을거같아요..예전에 전자책 기계 막 붐이었을때 이것도 반짝하다가 사람들이 집중안되고 내용이 안들어오니까 전자책 기기퇴보됬자나요 ... 똑같은 느낌일듯 ...!! 애들 눈도 박살나요 잠깐보는게아니고 주구장창 보는데 , ...진짜 어떻게 이렇게 역행을하는지 아이키우는데 너무 화가나네요"
VRyVZG_q8SQ,종이 없는 AI 디지털 교과서 시대 열린다 [AI 교과서 도입]① [9시 뉴스] / KBS  2024.03.14.,@tlqkfsha11111,학생들도 심지어 삻어하는데 왜 도입하려 하는거임?
VRyVZG_q8SQ,종이 없는 AI 디지털 교과서 시대 열린다 [AI 교과서 도입]① [9시 뉴스] / KBS  2024.03.14.,@Kuku._.0345,"아니 내년에 중(현 초6)1되는 학생인데 실험체 되는것 같아서 진짜 싫어요 지금도 조금씩 해보긴 했는데 종이 만큼 이해도 안돼고 인터넷 안 터지면 작동도 안하니까 진짜 별로에요. 수업하는데 눈도 뻐근해지고 눈도 나빠지는데 왜 실행하는지 모르겠어요 딴짓도 몰래 잘하면 할 수도 있고 왜 세금을 그따구로 쓰는지 진짜 이해가 안돼요  핸드폰 줄이라면서 더 쓰게 만들고 그러면서 또 줄이라고하는 어른들은 도대체 무슨 생각인건가요 친구들도 왜 12년생들은 맨날 실험체로 쓰인다고 싫어해요 이대로 진짜 디지털교과서 도입되면 공부 접고 걍 놀거에요 이러다가는 수능도 갤탭이나 아이패드로 보겠네요..... 가벼워지기는 하겠지만 그건 굳이 상관없는 부분이어서 더 짜증나네요.
빨리 디지털교과서 폐지하고 저 공부하게 해주세요.
디지털교과서 반대해요"
VRyVZG_q8SQ,종이 없는 AI 디지털 교과서 시대 열린다 [AI 교과서 도입]① [9시 뉴스] / KBS  2024.03.14.,@leeda4405,"이제는 교육까지 손대서 망치려고 작정했구나.
공부는 결국 인간 스스로 천천히 사고하면서 하는거 아닌가?
이권개입이 의심된다"
VRyVZG_q8SQ,종이 없는 AI 디지털 교과서 시대 열린다 [AI 교과서 도입]① [9시 뉴스] / KBS  2024.03.14.,@DDolphin1216,누가 저 정책 만들었냐
VRyVZG_q8SQ,종이 없는 AI 디지털 교과서 시대 열린다 [AI 교과서 도입]① [9시 뉴스] / KBS  2024.03.14.,@헤비머신,저거 정책 누가 냈냐 진짜
VRyVZG_q8SQ,종이 없는 AI 디지털 교과서 시대 열린다 [AI 교과서 도입]① [9시 뉴스] / KBS  2024.03.14.,@ガッシュベル-z5i,"아이들이 디지털 교과서로 보면
아이들이 눈 시력이 떨어질 수 있으며
디지털 교과서를 반대합니다!!"
VRyVZG_q8SQ,종이 없는 AI 디지털 교과서 시대 열린다 [AI 교과서 도입]① [9시 뉴스] / KBS  2024.03.14.,@JELLYFISH_loO,"청소년 독서율 더 떨어질 듯 ,, 디지털 기기 자꾸 보다 보면 확실히 자제력 집중력이 줄어듦 ,, 관련 연구 결과가 괜히 있는 것이 아닌데 ,, 잘 아시는 분들이 ㅋㅋ"
VRyVZG_q8SQ,종이 없는 AI 디지털 교과서 시대 열린다 [AI 교과서 도입]① [9시 뉴스] / KBS  2024.03.14.,@jinsookchoi5816,학부모가 한목소리로 연대하자. 이런결정 충분한 논의가 빠져있다. 대체 누구를 위한 무엇을 위한 도입이냐.
VRyVZG_q8SQ,종이 없는 AI 디지털 교과서 시대 열린다 [AI 교과서 도입]① [9시 뉴스] / KBS  2024.03.14.,@앞날창창오지호,하 책 배게로 쓰는 맛이 없어지겠노… 반대 하는 학생들 다들 핸드폰 자료 찾는 시간에 핸드폰으로 인스타 같은 딴짓 해봤으면서 뭘 반대여 ㅋㅋㅋㅋㅋ 뽕 뽑을 수 있을때까지 뽑아 먹어야지
VRyVZG_q8SQ,종이 없는 AI 디지털 교과서 시대 열린다 [AI 교과서 도입]① [9시 뉴스] / KBS  2024.03.14.,@Nylah32,종이 교과서가 훨씬 더 좋은데요..?
VRyVZG_q8SQ,종이 없는 AI 디지털 교과서 시대 열린다 [AI 교과서 도입]① [9시 뉴스] / KBS  2024.03.14.,@무야홍홍홍-o4i,"되겠냐 학교 태블릿 수업 때 쓰는데 하라는 건 안 하고 딴거 (게임, sns) 하는 애들이 태반임..."
VRyVZG_q8SQ,종이 없는 AI 디지털 교과서 시대 열린다 [AI 교과서 도입]① [9시 뉴스] / KBS  2024.03.14.,@Sameyou_77,"이 정부 진짜 답없네..
댓글 좀 보시오!!!"
VRyVZG_q8SQ,종이 없는 AI 디지털 교과서 시대 열린다 [AI 교과서 도입]① [9시 뉴스] / KBS  2024.03.14.,@담유-j6w,형아?!?!?!?!
VRyVZG_q8SQ,종이 없는 AI 디지털 교과서 시대 열린다 [AI 교과서 도입]① [9시 뉴스] / KBS  2024.03.14.,@lilillllilillilililllliiiii,ㅋㅋ 공익광고에선 스마트폰 작작보세요 스마트폰 보면 눈나빠져요 나가서 노세요 가족 친구랑 대화하세요 ㅇㅈㄹ하더니 디지털 교과서 강제 ㅋㅋㅋㅋㅋㅋㅋㅋㅋㅋㅋㅋ앞뒤가 안맞네
VRyVZG_q8SQ,종이 없는 AI 디지털 교과서 시대 열린다 [AI 교과서 도입]① [9시 뉴스] / KBS  2024.03.14.,@CAFELARUCHE-x9m,종이로 하세요!
VRyVZG_q8SQ,종이 없는 AI 디지털 교과서 시대 열린다 [AI 교과서 도입]① [9시 뉴스] / KBS  2024.03.14.,@강지원-f7p,국가가 나서서 애들 시력을 뺏네 ㅋㅋ 공산당이냐
VRyVZG_q8SQ,종이 없는 AI 디지털 교과서 시대 열린다 [AI 교과서 도입]① [9시 뉴스] / KBS  2024.03.14.,@Hjgd2,종이 교과서에 낙서 해야하는데 ㅠㅠ에러나서 했던거 다 업어 지면 어캄..
VRyVZG_q8SQ,종이 없는 AI 디지털 교과서 시대 열린다 [AI 교과서 도입]① [9시 뉴스] / KBS  2024.03.14.,@쭈누요미,미쳤나봐
VRyVZG_q8SQ,종이 없는 AI 디지털 교과서 시대 열린다 [AI 교과서 도입]① [9시 뉴스] / KBS  2024.03.14.,@뽀끼소녀-s8m,일단 눈이아픔
VRyVZG_q8SQ,종이 없는 AI 디지털 교과서 시대 열린다 [AI 교과서 도입]① [9시 뉴스] / KBS  2024.03.14.,@unanymous-un6bp,디지털 교과서... 이건 아니다
VRyVZG_q8SQ,종이 없는 AI 디지털 교과서 시대 열린다 [AI 교과서 도입]① [9시 뉴스] / KBS  2024.03.14.,@영쌤-f8i,하더라도 3-4년 뒤에 합시다. 오늘 처음 들었네요.
VRyVZG_q8SQ,종이 없는 AI 디지털 교과서 시대 열린다 [AI 교과서 도입]① [9시 뉴스] / KBS  2024.03.14.,@주-n6f,정신과  더 잘되겠네요
VRyVZG_q8SQ,종이 없는 AI 디지털 교과서 시대 열린다 [AI 교과서 도입]① [9시 뉴스] / KBS  2024.03.14.,@굴리굴리-b4o,"이번 정부와 교육부는 축구계와 홍명보꼴인듯

누구만 좋으라고
세금 저리 써 버리는지.."
VRyVZG_q8SQ,종이 없는 AI 디지털 교과서 시대 열린다 [AI 교과서 도입]① [9시 뉴스] / KBS  2024.03.14.,@Hjgd2,종이 교과서나 나은데..ㅠㅠ 탭 줘도 좋은거 말고 아이북 같은 무거운거 느린거 주는거 아님..? 충전 하기도 겁나 귀찮을듯 ..종이가 낫다..
VRyVZG_q8SQ,종이 없는 AI 디지털 교과서 시대 열린다 [AI 교과서 도입]① [9시 뉴스] / KBS  2024.03.14.,@schdam2841,교과서는 건들지 말자. 낳은 애들이라도 잘 자라게 환경 조성은 못할망정 말도 안되는 정책 하지말고 5330억원? 저출산정책에 투입해도 늦었어요.
VRyVZG_q8SQ,종이 없는 AI 디지털 교과서 시대 열린다 [AI 교과서 도입]① [9시 뉴스] / KBS  2024.03.14.,@katekuku0,한국은 그냥 실험 대상용 쥐~~
VRyVZG_q8SQ,종이 없는 AI 디지털 교과서 시대 열린다 [AI 교과서 도입]① [9시 뉴스] / KBS  2024.03.14.,@SunamiHong,"교육부 ..제발좀정신차리세요 우리나라는 테스트베드인가보다. 아이들이 불쌍하다..학교에서 디벗, 크롬북으로 수업하면서 애들 딴 짓거리하는거 모르나..학생 지도는 인권이란 이름으로  못한다.."
VRyVZG_q8SQ,종이 없는 AI 디지털 교과서 시대 열린다 [AI 교과서 도입]① [9시 뉴스] / KBS  2024.03.14.,@mvm5224,"대학생때 이미 해봤어요!
아이패드로 공부하다 포기한 애들이
대다수죠

한달만 스스로 해보면 알게될거예요~~
차라리 친환경 종이 활용을 알아보세요~
대나무는 하루에 몇m는 자라서
활용해도 환경파괴가 안돼요~~"
VRyVZG_q8SQ,종이 없는 AI 디지털 교과서 시대 열린다 [AI 교과서 도입]① [9시 뉴스] / KBS  2024.03.14.,@오렌지빛미소,디지털교과서 반대합니다
VRyVZG_q8SQ,종이 없는 AI 디지털 교과서 시대 열린다 [AI 교과서 도입]① [9시 뉴스] / KBS  2024.03.14.,@작가-y4j,이북 계속보면 눈아파....
VRyVZG_q8SQ,종이 없는 AI 디지털 교과서 시대 열린다 [AI 교과서 도입]① [9시 뉴스] / KBS  2024.03.14.,@율곡이이-u7w,반대한다
VRyVZG_q8SQ,종이 없는 AI 디지털 교과서 시대 열린다 [AI 교과서 도입]① [9시 뉴스] / KBS  2024.03.14.,@밝고좋은세상,아니~~~이 정부는 한발한발이라는 순차적인 단계는 없고 뭐든 점프야!!!!교과서라는게 얼마나 중요한 것인데 1년만에 그것을 완벽하게 할수 있는 분야인가??????????
VRyVZG_q8SQ,종이 없는 AI 디지털 교과서 시대 열린다 [AI 교과서 도입]① [9시 뉴스] / KBS  2024.03.14.,@우봉고-r4l,망했네 우리나라 교육
VRyVZG_q8SQ,종이 없는 AI 디지털 교과서 시대 열린다 [AI 교과서 도입]① [9시 뉴스] / KBS  2024.03.14.,@ガッシュベル-z5i,디지털시대 반대!
VRyVZG_q8SQ,종이 없는 AI 디지털 교과서 시대 열린다 [AI 교과서 도입]① [9시 뉴스] / KBS  2024.03.14.,@applemint4180,디지털 교과서 반대
VRyVZG_q8SQ,종이 없는 AI 디지털 교과서 시대 열린다 [AI 교과서 도입]① [9시 뉴스] / KBS  2024.03.14.,@금이빨은이빨,안과 돈 많이 벌겠네
VRyVZG_q8SQ,종이 없는 AI 디지털 교과서 시대 열린다 [AI 교과서 도입]① [9시 뉴스] / KBS  2024.03.14.,@개구리망,하여튼 하라는 짓은 않하고
VRyVZG_q8SQ,종이 없는 AI 디지털 교과서 시대 열린다 [AI 교과서 도입]① [9시 뉴스] / KBS  2024.03.14.,@8비,"공부 대부분을 기계로 하는게 말이 됌? 기계를 하루종일 눈 앞에 보고 있어야 하는데 눈나빠지게 공부는 
거의 책을만이 써야지 너무 기계로만 하면 학생들 눈나빠지게 할 일 있냐??"
VRyVZG_q8SQ,종이 없는 AI 디지털 교과서 시대 열린다 [AI 교과서 도입]① [9시 뉴스] / KBS  2024.03.14.,@yes-4186,"도대체 저거 해서 누가 돈버냐?? 김건희랑 무슨 관계냐고?? 해외에서 문제 있어 다시 책으로 바꾸고 있는데
뭐 하는 짓이냐고?? 국민들 청약 통장에  손대고 무료 와이파이  없애고 그돈 다 어디다 쓰냐고??"
VRyVZG_q8SQ,종이 없는 AI 디지털 교과서 시대 열린다 [AI 교과서 도입]① [9시 뉴스] / KBS  2024.03.14.,@이시현-b7x,됏다 왜하냐
VRyVZG_q8SQ,종이 없는 AI 디지털 교과서 시대 열린다 [AI 교과서 도입]① [9시 뉴스] / KBS  2024.03.14.,@배나무-q8o,ㅋㅋㅋ 어이가없어서 웃음밖에 안나온다. 고민할 내용가지고 고민을 좀 제발 해라 AI? ㅋㅋㅋㅋㅋㅋㅋㅋㅋㅋㅋㅋㅋㅋㅋㅋ 아 ... 진짜 한국 떠나야지
VRyVZG_q8SQ,종이 없는 AI 디지털 교과서 시대 열린다 [AI 교과서 도입]① [9시 뉴스] / KBS  2024.03.14.,@user-cm5kj2zq7i,○211
VRyVZG_q8SQ,종이 없는 AI 디지털 교과서 시대 열린다 [AI 교과서 도입]① [9시 뉴스] / KBS  2024.03.14.,@Sungsu-c4u,"kbs.........참 kbs스럽다...
교육부 입맛. 국짐 입맛에 딱 맞는 뉴스로세!!!! 일선에서 일하는 교사들의 입장이나 AI 교과서의 미흡한 점 따위는 아주 의도적으로 잘 도려내놨어 갱장하다 갱장해"
VRyVZG_q8SQ,종이 없는 AI 디지털 교과서 시대 열린다 [AI 교과서 도입]① [9시 뉴스] / KBS  2024.03.14.,@민억식,"Ai교과서 실체를 아는가 학습지를 컴퓨터로 옮겨노은것뿐인것같은데
수천억을 들여  뭘 한다고  세금좀아낍시다
 제사와 떡고물"
VRyVZG_q8SQ,종이 없는 AI 디지털 교과서 시대 열린다 [AI 교과서 도입]① [9시 뉴스] / KBS  2024.03.14.,@성진김-r6r,수업시간에 딴짓하는 학생이 더 많아 질지도 ㅎㅎ
VRyVZG_q8SQ,종이 없는 AI 디지털 교과서 시대 열린다 [AI 교과서 도입]① [9시 뉴스] / KBS  2024.03.14.,@lifeextension9217,"학교 시설이나 좀 바꿔라...이건 뭐 ..... 개발도상국 수준의 학교 건물도 못 벗어 나는 주제에, 정신좀 차리자....일단 교육환경 개선이 먼저고, 그다음 전자 교과서 시대로 가는게 맞다. 학교 시설이 다른 선진국에 비해 너무 후지다."
VRyVZG_q8SQ,종이 없는 AI 디지털 교과서 시대 열린다 [AI 교과서 도입]① [9시 뉴스] / KBS  2024.03.14.,@rove06js,시력 0.1 찍는다...
VRyVZG_q8SQ,종이 없는 AI 디지털 교과서 시대 열린다 [AI 교과서 도입]① [9시 뉴스] / KBS  2024.03.14.,@lamb812,부모들 광화문 한번 나갑시다 .. 도데체 제정신인지~
VRyVZG_q8SQ,종이 없는 AI 디지털 교과서 시대 열린다 [AI 교과서 도입]① [9시 뉴스] / KBS  2024.03.14.,@seeyoujuye,웃기시네
VRyVZG_q8SQ,종이 없는 AI 디지털 교과서 시대 열린다 [AI 교과서 도입]① [9시 뉴스] / KBS  2024.03.14.,@왕초-e9j,좋네요
VRyVZG_q8SQ,종이 없는 AI 디지털 교과서 시대 열린다 [AI 교과서 도입]① [9시 뉴스] / KBS  2024.03.14.,@힘내자-m2e,"그냥 종이로 합시디.
모든게 사이버에 노출 되어 좋을 게 뭐가 있나요?"
VRyVZG_q8SQ,종이 없는 AI 디지털 교과서 시대 열린다 [AI 교과서 도입]① [9시 뉴스] / KBS  2024.03.14.,@까미보미,선생님은 감독 지도만 하면 되겠네요 인공지능시대에 공부 내용도 바꿔야할듯
VRyVZG_q8SQ,종이 없는 AI 디지털 교과서 시대 열린다 [AI 교과서 도입]① [9시 뉴스] / KBS  2024.03.14.,@golldluclyhappy4092,"참 아이러니하게 세금 이상한데에 쓰네.
스마트폰 하루종일하면 눈이 얼마나 피로하고 아플텐데. 테블릿 가지고 하루종일 쳐다보면 시력이 좋아지겠다.
양질의 공공컨텐츠는 무슨 저거 백퍼 세금낭비다. 스마트폰 중독이아니라 전자기기 중독이다."
VRyVZG_q8SQ,종이 없는 AI 디지털 교과서 시대 열린다 [AI 교과서 도입]① [9시 뉴스] / KBS  2024.03.14.,@Mu66388,그래.. 영어는 ai가 나을수도 있겠어요..
VRyVZG_q8SQ,종이 없는 AI 디지털 교과서 시대 열린다 [AI 교과서 도입]① [9시 뉴스] / KBS  2024.03.14.,@GPT_RECOVERY,뭐야 소하중이네
VRyVZG_q8SQ,종이 없는 AI 디지털 교과서 시대 열린다 [AI 교과서 도입]① [9시 뉴스] / KBS  2024.03.14.,@pmpwgd,미쳤냐고
VRyVZG_q8SQ,종이 없는 AI 디지털 교과서 시대 열린다 [AI 교과서 도입]① [9시 뉴스] / KBS  2024.03.14.,@개박사-h3o,문제도 많고 국짐소속 놈들이랑 기업이랑 비리 걸려서 폐기 된걸 또 살려주내 ㅋㅋ
VRyVZG_q8SQ,종이 없는 AI 디지털 교과서 시대 열린다 [AI 교과서 도입]① [9시 뉴스] / KBS  2024.03.14.,@peterjeong3220,각 출판사가 만든 AI교과서 검정 한단다?  ㅋㅋ  출판사가 ai 개발도 하는구나.  종이교과서 보다 10배 비싼 aid 교과서 .   떼돈 벌 게 된 출판사들...
vM6_u3czNfY,'AI 디지털교과서' 검정 절차 중단…2학기부터 교과서로 못 쓴다  / EBS뉴스 2025. 08. 05,@dnfl-Tkdtks-vbfmrp,아 ~~~~이주호...... 이 결과를 예상 못했다면 진심으로 장관 자격이 없고 출판사와 교육기업들이 널 고소해도 할말없어야한다
vM6_u3czNfY,'AI 디지털교과서' 검정 절차 중단…2학기부터 교과서로 못 쓴다  / EBS뉴스 2025. 08. 05,@곶됴코여름하나니,처음부터 말도 안 되는 거였다.
vM6_u3czNfY,'AI 디지털교과서' 검정 절차 중단…2학기부터 교과서로 못 쓴다  / EBS뉴스 2025. 08. 05,@user-tb1kv2mo6d,국세 낭비 정말 한심하다
vM6_u3czNfY,'AI 디지털교과서' 검정 절차 중단…2학기부터 교과서로 못 쓴다  / EBS뉴스 2025. 08. 05,@abcdefghi-r3i,아우 잘했네!!!! 요즘들은 좋은소식중에 가장 좋은소식이네요.
vM6_u3czNfY,'AI 디지털교과서' 검정 절차 중단…2학기부터 교과서로 못 쓴다  / EBS뉴스 2025. 08. 05,@정미영-b4v,"정말 다행입니다.
힘 써주신 모든 분들 고맙습니다!!"
vM6_u3czNfY,'AI 디지털교과서' 검정 절차 중단…2학기부터 교과서로 못 쓴다  / EBS뉴스 2025. 08. 05,@hya-v9j,부디 이주호와 그 주변 사람을 고소하길... 주변에 제대로 된 교육학자는 없더라
vM6_u3czNfY,'AI 디지털교과서' 검정 절차 중단…2학기부터 교과서로 못 쓴다  / EBS뉴스 2025. 08. 05,@대파케이크,잘됐네. 그게 무슨 Ai냐..... 제작비 환수해야 한다.
vM6_u3czNfY,'AI 디지털교과서' 검정 절차 중단…2학기부터 교과서로 못 쓴다  / EBS뉴스 2025. 08. 05,@idealogy1004,당연한 결과.
vM6_u3czNfY,'AI 디지털교과서' 검정 절차 중단…2학기부터 교과서로 못 쓴다  / EBS뉴스 2025. 08. 05,@peterjeong3220,세금으로 날로 해먹으려다 실패해서 업체와 관련된 인간들... 괜찮아. 제품만 훌륭하면 학교에서 반드시 쓸테니 걱정 고만해라.
vM6_u3czNfY,'AI 디지털교과서' 검정 절차 중단…2학기부터 교과서로 못 쓴다  / EBS뉴스 2025. 08. 05,@GoTheOuting,AI교과서 한다고 세금 어디어디 퍼다 날랐는지 낱낱히 밝혀야 함!!
vM6_u3czNfY,'AI 디지털교과서' 검정 절차 중단…2학기부터 교과서로 못 쓴다  / EBS뉴스 2025. 08. 05,@jstailer167,발행사들은 정부를 믿을게 아니라 연구결과와 현실성 교육적 가치를 따졌어야죠.
vM6_u3czNfY,'AI 디지털교과서' 검정 절차 중단…2학기부터 교과서로 못 쓴다  / EBS뉴스 2025. 08. 05,@peng_tamin,교육부장관  한명의 고집때문에  이 무슨  인력낭비  자금낭비  감정낭비인가..   진짜  책임  물어야 함
vM6_u3czNfY,'AI 디지털교과서' 검정 절차 중단…2학기부터 교과서로 못 쓴다  / EBS뉴스 2025. 08. 05,@peterjeong3220,"고교학점제에 Ai디지털에 수백억씩 쏟아부으면서 정작 시간표 작성 프로그램 하나 배포 못하는 교육부.  사설 프로그램 구매해서 쓰는 단위 학교의 불편함은 안중에도 없고, 그저 어떻게 하면 돈 슈킹해서 나눠 처먹을까만 생각하는 교육부와 교육청. 그 무책임과 탐욕에 경의를 표한다."
vM6_u3czNfY,'AI 디지털교과서' 검정 절차 중단…2학기부터 교과서로 못 쓴다  / EBS뉴스 2025. 08. 05,@LeeFiona-u3c,"와우..다행이다
!!! 디지털교과서 안좋다고 미국, 핀란드에서 판명났다. 애들 모의고사 지문에도 나옴"
vM6_u3czNfY,'AI 디지털교과서' 검정 절차 중단…2학기부터 교과서로 못 쓴다  / EBS뉴스 2025. 08. 05,@flower_hongeg,"정말 다행입니다 !!!
이미 스웨덴에서 디지털 교과서를 시행했다가 부작용으로 종이교과서와 종이에 글을 쓰는 아날로그식 교육을 강화하기로했고 다른 국가에서도 이미 실패한 선례가 이미 있었습니다.
타 국가의 AI 교육은 패드 학습이 아닌 창의력을 키워주는 행동,체험,토론 학습이었습니다.
AI 교육 어쩌고하면서 시설 설비부터 업체 선정 까지 국가 예산 빼먹으려한 도둑놈들 !!! 
돈이야 둘째치고 아이들을 망칠뻔한 위기에서 구했습니다!! 정말 다행입니다!! 🎉🎉🎉🎉🎉"
vM6_u3czNfY,'AI 디지털교과서' 검정 절차 중단…2학기부터 교과서로 못 쓴다  / EBS뉴스 2025. 08. 05,@잠뱅이-l8r,굿~🎉
vM6_u3czNfY,'AI 디지털교과서' 검정 절차 중단…2학기부터 교과서로 못 쓴다  / EBS뉴스 2025. 08. 05,@여름좋아-c1s,짜증나...ㅜㅜ 이랬다 저랬다.. 그런데 전자칠판 보급해놓고 지금 뭐하는거야
vM6_u3czNfY,'AI 디지털교과서' 검정 절차 중단…2학기부터 교과서로 못 쓴다  / EBS뉴스 2025. 08. 05,@L.Y.S.S.Y.S,일선 혼란으로 감정노동이나 시키고 … 에효.. 꼴보기 싫다
vM6_u3czNfY,'AI 디지털교과서' 검정 절차 중단…2학기부터 교과서로 못 쓴다  / EBS뉴스 2025. 08. 05,@하고싶은말-f5u,당연히 이래야지여
vM6_u3czNfY,'AI 디지털교과서' 검정 절차 중단…2학기부터 교과서로 못 쓴다  / EBS뉴스 2025. 08. 05,@dontstoprunnin888,야호 ㅋㅋㅋㅋㅋㅋ 출판사는 이주호 고소하쇼
vM6_u3czNfY,'AI 디지털교과서' 검정 절차 중단…2학기부터 교과서로 못 쓴다  / EBS뉴스 2025. 08. 05,@gbcszcfdcvc001,"AI 교과서 개발사업의 
소요제기 ~ 결정, 진행 사항이 산출물대로 관리되고
   결과물의 성능 검증 결과가 제대로 나왔는지도 매우 중요한데

그런 내용은 언급이 없더라"
vM6_u3czNfY,'AI 디지털교과서' 검정 절차 중단…2학기부터 교과서로 못 쓴다  / EBS뉴스 2025. 08. 05,@지구본-d6v,"백승아 의원실이 3월19일 공개한 자료에 따르면 전국 1만2932개 학교 중 AIDT를 채택하거나 채택 예정인 학교는 32.4%(3870곳)이다. 대구(98.1%) 채택률은 독보적으로 높고 2위 충북(57.%)이 뒤를 따랐다. 서울 학교는 24.8%가 AIDT를 구독한다. 전국 최저인 세종은 9.5%에 불과하며 경남(10.1%), 전남(11.1%), 충남(11.7%), 울산(12.3%)이 그다음으로 비율이 낮다. (출처.시사인918호)"
vM6_u3czNfY,'AI 디지털교과서' 검정 절차 중단…2학기부터 교과서로 못 쓴다  / EBS뉴스 2025. 08. 05,@써니써니-j4m,다행이다..  질질안끌고 단박에  퇴출시켜서..
vM6_u3czNfY,'AI 디지털교과서' 검정 절차 중단…2학기부터 교과서로 못 쓴다  / EBS뉴스 2025. 08. 05,@CyclingScenery,"수시도 없애주세요!고교학점제도 없애주세요. 서민들위한 목표와달리 결국 아빠재력과 학력있고,상위레벨,강남사람들만 도움되는제도에요!"
vM6_u3czNfY,'AI 디지털교과서' 검정 절차 중단…2학기부터 교과서로 못 쓴다  / EBS뉴스 2025. 08. 05,@S-CHAN-34,잘한다 잘해
vM6_u3czNfY,'AI 디지털교과서' 검정 절차 중단…2학기부터 교과서로 못 쓴다  / EBS뉴스 2025. 08. 05,@prupri02,"경기도 교육청은 대책으로 서논술형 수행평가를  ai로 하겠다고 하더라고요. 갑자기 ai로 평가를 하겠다니...지금도 학생들과 선생님들 고교학점제만으로도 충분히 힘든데 더 혼란만 가중될겁니다. 
경기도 고1 학부모인데 경기도 교육청 정책때문에 다른지역으로 이사가고 싶습니다. 
고등학생 아이들이 실험대상이 아닙니다. 좋은 취지는 이해하지만 갑자기 도입하면 학교 선생님도 학생도 혼란스럽습니다. 
Ai평가는 충분히 몇년동안 시범과 연구를 해보고 완전히 문제점이 없는지 확인해 본 후 도입해주세요. 아이들을 외국으로 유학보내지 못한게 미안할 정도입니다. 제발 부디 졸속으로 교육정책 도입하지 말고 충분한 연구기간을 가지고 진짜 좋은 방법인지 충분히 고려한 후에... 사회적 합의를 마친후 도입해주세요."
vM6_u3czNfY,'AI 디지털교과서' 검정 절차 중단…2학기부터 교과서로 못 쓴다  / EBS뉴스 2025. 08. 05,@소피아-n9z,대구는 미래교육하면서하던데ㅜ망했네 ㅜ
vM6_u3czNfY,'AI 디지털교과서' 검정 절차 중단…2학기부터 교과서로 못 쓴다  / EBS뉴스 2025. 08. 05,@짱하나-u1d,7월까지만해도 왜 사용안하냐고 실적보고 하라고 난리치더니만..
vM6_u3czNfY,'AI 디지털교과서' 검정 절차 중단…2학기부터 교과서로 못 쓴다  / EBS뉴스 2025. 08. 05,@jugjsoojjisjj,문재인때 초등학교서 이로미 디지털 탭 나눠주고 수업했었는데 뭘.ㅋ
vM6_u3czNfY,'AI 디지털교과서' 검정 절차 중단…2학기부터 교과서로 못 쓴다  / EBS뉴스 2025. 08. 05,@BBaD-m9z,지들이 들고와서 지들이 정지시키고 대단해~~~요~~!
vM6_u3czNfY,'AI 디지털교과서' 검정 절차 중단…2학기부터 교과서로 못 쓴다  / EBS뉴스 2025. 08. 05,@iam_ai-i6g,"ai를 잘 이용해서 공부하면 한 100배는 더 빨리 배우는데 ㅋㅋ 애들이 공부 방법을 모르는 듯
앞서가는 애들은 ai이용해서 빛의 속도로 지식습득함"
4WSFPdpVR7E,사실상 퇴출 'AI 디지털교과서'…남은 쟁점은? [뉴스브릿지]/ EBS뉴스 2025. 08. 11,@hya-v9j,그동안 성능평가나 전문가 검토도 없이 불도저처럼 밀어붙일때 부터 망할 줄 알았다. 이주호랑 관련자가 돈 물어내라. 내가 낸 세금 저런데 쓰기 싫으니까
4WSFPdpVR7E,사실상 퇴출 'AI 디지털교과서'…남은 쟁점은? [뉴스브릿지]/ EBS뉴스 2025. 08. 11,@peterjeong3220,이주호님 디지털교과서 구독료 2조 가셨고  임태희님 경기도 하이러님 연 180억 쓰셨고 하이러닝에 디지털교과서 넣겠다고 하시다가 이제는 중소기업 서술형 채점 넣고 몇십억씩 퍽퍽 쓰시는 중입니다. chat gpt  api  사용하는 게 기술이라고 생각하는 교육부 인간들.  우리 아들도 만들 수 있는 것을 지들이 개발했다고 홍보로 몇 백억씩 쓰시는 중. 세금은 꽁돈이니 맘대로 하는 중. 막는 사람이 없다.
4WSFPdpVR7E,사실상 퇴출 'AI 디지털교과서'…남은 쟁점은? [뉴스브릿지]/ EBS뉴스 2025. 08. 11,@smoonh0313,패널이 너무 편파적이네요... 2조가 무색한 수준의 저질 교과서 만들어 놓고는 ㅎ 중간에 세금 삥땅 친 건 없는지 검사해 봐야하는 수준임
4WSFPdpVR7E,사실상 퇴출 'AI 디지털교과서'…남은 쟁점은? [뉴스브릿지]/ EBS뉴스 2025. 08. 11,@jbmzx,디지털로하다가 종이로 원복한 스웨덴인데 그걸 밀어붙이는 대한민국의 수준ㅉㅉ
4WSFPdpVR7E,사실상 퇴출 'AI 디지털교과서'…남은 쟁점은? [뉴스브릿지]/ EBS뉴스 2025. 08. 11,@하이-cx,특검가야할 비리상황이라고 이사람아 아...기자가 아니고 변호사 구나...그럼그렇지...
4WSFPdpVR7E,사실상 퇴출 'AI 디지털교과서'…남은 쟁점은? [뉴스브릿지]/ EBS뉴스 2025. 08. 11,@donglee-cj2dg,공부 더 하고 싶은 개인들 사게 하라.
4WSFPdpVR7E,사실상 퇴출 'AI 디지털교과서'…남은 쟁점은? [뉴스브릿지]/ EBS뉴스 2025. 08. 11,@hisheart4445,이주호는 이명박 정권 때부터 디지털 교과서를 주도할 정도로 관련 분야에 관심이 있던 사람으로 보이지만 최근 빠른 속도로 발전하고 있는 인공지능의 가능성에 대한 지식이나 비전이 있었던 것으로 보이지는 않습니다. 단순히 인공지능이라는 이름만 붙이고 디지털 교과서에 아주 살짝의 조정만 이루어진 챗봇을 붙이는 수준에 그쳤지요. 디지털 교과서라고 불릴 수 있는 부분은 그럭저럭 괜찮았습니다만 적어도 인공지능을 이야기 한다면 솔직히 말해서 훨씬 적은 돈으로도 개발할 수 있는 정도의 수준이었다고 평가됩니다. 차라리 지금 가장 뛰어난 인공지능의 API로 챗봇을 제공하는게 차라리 나을 수준이라고 보이지요. 그러니 AI라는 표현은 무색한 표현이라고 볼 수 있습니다. 그냥 디지털 교과서라고 부른다면 이명박 정부 때 만들었던 그 것보다 조금이라도 발전은 했다고 볼 수는 있겠지요.
K5xHXY8rgvw,AI디지털교과서 도입 첫해‥ 교실은 아직 '준비 중' (2025.05.07/뉴스데스크/춘천MBC),@정동민-c3e,악플을 달지말아주세요
K5xHXY8rgvw,AI디지털교과서 도입 첫해‥ 교실은 아직 '준비 중' (2025.05.07/뉴스데스크/춘천MBC),@문지현-z6h,악플 말고 고운말인 선플달아주세요
K5xHXY8rgvw,AI디지털교과서 도입 첫해‥ 교실은 아직 '준비 중' (2025.05.07/뉴스데스크/춘천MBC),@방시은-s7q,아름다운 댓글 써 주세요
K5xHXY8rgvw,AI디지털교과서 도입 첫해‥ 교실은 아직 '준비 중' (2025.05.07/뉴스데스크/춘천MBC),@antifragile7,"교직 수행 여부를 떠나 어른조차도 1년에 책 한 권 읽지도 않아서 문해력이 개판인데
디지털 교과서? 내 장담하는데 원래 공부했던 애들은 그대로 상위권 대학에 갈 가능성이
높고 안 했던 애들은 계속 대가리를 비우게 될 거다, 어떤 시키 아이디어인지.... 참내;;;;;"
K5xHXY8rgvw,AI디지털교과서 도입 첫해‥ 교실은 아직 '준비 중' (2025.05.07/뉴스데스크/춘천MBC),@지니35,성과주의 자가들 돈도 아니니 하는거지 잘되면 내탓 안되면 현장 선생님들 탓
K5xHXY8rgvw,AI디지털교과서 도입 첫해‥ 교실은 아직 '준비 중' (2025.05.07/뉴스데스크/춘천MBC),@murray1897,도대체 뭐 하는 짓인가. 앞으로 애들 창의성은 다 죽었음. 원래 무식하면 무조건 앞서 가는 것.
K5xHXY8rgvw,AI디지털교과서 도입 첫해‥ 교실은 아직 '준비 중' (2025.05.07/뉴스데스크/춘천MBC),@123킹킹이,아름다운 선플을 달아주세요
K5xHXY8rgvw,AI디지털교과서 도입 첫해‥ 교실은 아직 '준비 중' (2025.05.07/뉴스데스크/춘천MBC),@oliveoil4u,이주호 정말... 업체와 뒷거래 조사해야 한다!!!
K5xHXY8rgvw,AI디지털교과서 도입 첫해‥ 교실은 아직 '준비 중' (2025.05.07/뉴스데스크/춘천MBC),@nonejaeuk,소중하고 귀한 아이들의 감수성을 메마르게 만드는 교육방식이네요. 저기 앉아있는 아이들이 불쌍하고 미안합니다
K5xHXY8rgvw,AI디지털교과서 도입 첫해‥ 교실은 아직 '준비 중' (2025.05.07/뉴스데스크/춘천MBC),@moonblue5936,이주호 장관이 해서 잘된게 없다. 다 예산 낭비
K5xHXY8rgvw,AI디지털교과서 도입 첫해‥ 교실은 아직 '준비 중' (2025.05.07/뉴스데스크/춘천MBC),@코코유튜버,이쁜말을 사용합시다!!!!!!
K5xHXY8rgvw,AI디지털교과서 도입 첫해‥ 교실은 아직 '준비 중' (2025.05.07/뉴스데스크/춘천MBC),@한마음-i5j,학부모는 반대하는데 누가 찬성하는거야!!!!
K5xHXY8rgvw,AI디지털교과서 도입 첫해‥ 교실은 아직 '준비 중' (2025.05.07/뉴스데스크/춘천MBC),@코코유튜버,"이쁜말을 사용 안 하면 안됬니다.
이쁜말을싸용했야합니다.
왜냐하면이쁜말을하면자신에게 돌아오지않는다 그런데 나쁜말을사용하면자신에게다시돌았옸니다.!!!"
K5xHXY8rgvw,AI디지털교과서 도입 첫해‥ 교실은 아직 '준비 중' (2025.05.07/뉴스데스크/춘천MBC),@김강옥-x4b,"코미디여 코미디.
디지털교과서라더니 현재 이미 사용중인 태블릿 수준도 안되고.
내용도 안좋고.
더 문제는 디지털교과서에 늘봄에 돈 다 때려박아놓으니
돈이 없는지 학교에 들어오는 유무선 인터넷 회선 속도를 절반으로 줄여놨더라.
디지털교과서를 쓰는데 인터넷이 느려서 수업진행이 힘든 상황이 
코미디가 아니면 뭐겠냐..."
K5xHXY8rgvw,AI디지털교과서 도입 첫해‥ 교실은 아직 '준비 중' (2025.05.07/뉴스데스크/춘천MBC),@zigzag0.0,하지말라고!!! 애들 교육을 왜 이런식으로 하지??
K5xHXY8rgvw,AI디지털교과서 도입 첫해‥ 교실은 아직 '준비 중' (2025.05.07/뉴스데스크/춘천MBC),@kingking5137,이게 왜 ai교과서임? Ai 는 하나도 없는거 같은데? 그냥 이름만 그럴싸하게 붙어서 해쳐먹는거냐?
K5xHXY8rgvw,AI디지털교과서 도입 첫해‥ 교실은 아직 '준비 중' (2025.05.07/뉴스데스크/춘천MBC),@깃톨,"학생이 한 반에 40명 씩 될 때는 직접 소통하기 어려우니까 라는 명분이라도 있지 
지금은 이걸 써야 하는 명분이 뭐야 시험은 어차피 디지털로 못보게 하잖아"
K5xHXY8rgvw,AI디지털교과서 도입 첫해‥ 교실은 아직 '준비 중' (2025.05.07/뉴스데스크/춘천MBC),@아딩구,기존교육 시스템 강화하그 앞으로 미래세대를 위핫 ai교육지원 하는게 맞지 무슨 전자시스템 하나가 모든것을 해결가능 한것처럼 답없네
K5xHXY8rgvw,AI디지털교과서 도입 첫해‥ 교실은 아직 '준비 중' (2025.05.07/뉴스데스크/춘천MBC),@H101-z4y,"내 자식은 이렇게 교육시키고 싶지 않다. 공부는 책에 필기하고, 내가 쓴 거 확인하고 찾아쓰고 이런 과정도 필요한데 디지털 책은 그럼 부분에서 북마크 활용해도 찾기 힘들고 활용도가 많이 떨어진다."
K5xHXY8rgvw,AI디지털교과서 도입 첫해‥ 교실은 아직 '준비 중' (2025.05.07/뉴스데스크/춘천MBC),@leekim109able,수업 끝나고 테블릿으로 게임어때? 아냐 수업중에도 할 수 있지 뭐~ 요즘 중 고등에서 핫하다는 도박 게임도 금방 접 할 수 있겠는데?  제발 책으로 공부해야 한다고 생각한다.
K5xHXY8rgvw,AI디지털교과서 도입 첫해‥ 교실은 아직 '준비 중' (2025.05.07/뉴스데스크/춘천MBC),@chloechloe1654,와 진짜 막무가네구만 이주호 장관 특검 좀 해 판을 엎지르지 못하는 건 엄청난 커넥션 때문인 것 같은데
K5xHXY8rgvw,AI디지털교과서 도입 첫해‥ 교실은 아직 '준비 중' (2025.05.07/뉴스데스크/춘천MBC),@peterjeong3220,"모든  지역교육청 ㅡ 경기도 강원도 등등 세금으로 it ai 프로그램 개발 중...  왜 그렇게 할까?
교육청이 만들면 학교로 강제 판매 가능하다는 게 팩트. ㅡ 가격이 비싸고 기능이 후져도 판매는 무조건 된다는 것을 이용하고 있다.  누가? 누군가?"
K5xHXY8rgvw,AI디지털교과서 도입 첫해‥ 교실은 아직 '준비 중' (2025.05.07/뉴스데스크/춘천MBC),@sunghanlee2865,아니 이미 실패 한 사례를 왜 도입해서 난리나게 만들지. 안 그래도 스마트폰에 미쳐있는데. AI교육을 할려면 조금도 새로운 방안을 만들어서 가야지
K5xHXY8rgvw,AI디지털교과서 도입 첫해‥ 교실은 아직 '준비 중' (2025.05.07/뉴스데스크/춘천MBC),@JLee-f6f9u,선정 업체 어디임? 개꿀 빨겠네 ㅋㅋ
K5xHXY8rgvw,AI디지털교과서 도입 첫해‥ 교실은 아직 '준비 중' (2025.05.07/뉴스데스크/춘천MBC),@peterjeong3220,경기도 교욱청 하이러닝 비용은 한 학교당 1900만원...  ㅋㅋ  우리들의 세금은  누구의 쌈짓돈
JH1H3o8XdVI,THE인터뷰_정제영 원장 1부: AI 디지털 교과서 편,@이은정-z7o2q,"아이언맨의 비서 자비스, 선생님의 보조도구 AIDT! 교사의 역할이 지식전달자에서 더 나아가 학습지원자,지지자의 역할로 강화되고, 학부모가 학생의 매일 학습정도를 확인할 수 있어 가정연계 지도가 가능해 지면 좋을것 같아요.학부모도 내아이를 객관적으로 볼수 있는 기회가 될거라 기대해봐요."
JH1H3o8XdVI,THE인터뷰_정제영 원장 1부: AI 디지털 교과서 편,@늘푸른-k2b,"대부분엄마들은 디지털교과서 반대합니다!
문해력 떨어지는 아이들 너무 많아요. 독서 수업 늘리고 한자수업 해주세요"
Gy1Zh3-6_zM,"AI 디지털교과서, 이제 안 써도 됩니다 | 초등학교 선생님 필수!!",@안경쌤의AI연구소,"안녕하세요, 안경쌤입니다! 👓

이 영상이 도움이 되셨다면 좋아요 한 번 꾸욱 눌러주세요 👍
구독과 알림 설정 🔔 은 다음 영상을 만드는 가장 큰 힘이 됩니다.

궁금한 점이나 다뤘으면 하는 주제는 댓글로 남겨주세요. 💬
모든 댓글 읽고, 다음 영상에 반영하겠습니다!"
1dR6POZYN50,“AI디지털교과서 손본다”… 98% 도입 대구 운명은?ㅣTBC뉴스,@박희경-d3u,"안양인데  도입됐어요,초4부모에요.
제발 안쓸수있게 해주세요 ㅜㅜ"
1dR6POZYN50,“AI디지털교과서 손본다”… 98% 도입 대구 운명은?ㅣTBC뉴스,@부산서부수학체험교실,학교에서 근무합니다! AI교과서 완전히 졸속으로 만들어졌어요!!! 절대 교과서로 쓰면 안됩니다!!!
1dR6POZYN50,“AI디지털교과서 손본다”… 98% 도입 대구 운명은?ㅣTBC뉴스,@햇살가득-t4q,디지털교과서 영어나 과학실험영상 정도나 도움되지 베이스로 절대쓰면안됨
1dR6POZYN50,“AI디지털교과서 손본다”… 98% 도입 대구 운명은?ㅣTBC뉴스,@mint-e5k-x3c,"대구도 교사, 학부모 모두 반대 입장이 많습니다. 제발 철회되기를 간절히 바랍니다."
1dR6POZYN50,“AI디지털교과서 손본다”… 98% 도입 대구 운명은?ㅣTBC뉴스,@김정미-j5v9j,다시 책.활자로 해야지.최소한 초등학교는~
1dR6POZYN50,“AI디지털교과서 손본다”… 98% 도입 대구 운명은?ㅣTBC뉴스,@matbill-yd8fj,"대구 경북 ai 도입율 전국 압도적 1위,,,,,역시 친독재 지역 ㅎㅎ"
1dR6POZYN50,“AI디지털교과서 손본다”… 98% 도입 대구 운명은?ㅣTBC뉴스,@Ruke-h2q,모두가 반대한걸 이주호가 일방적으로 몰아붙인거지 ai업체와 전 정부 사이이의 커넥션 파봐야한다
1dR6POZYN50,“AI디지털교과서 손본다”… 98% 도입 대구 운명은?ㅣTBC뉴스,@양군-o7r,대구는 쪽팔린줄알아라. 디지털 교과서  선두 주자란다. ㅋㅋㅋㅋㅋㅋ 어이구.정말.
1dR6POZYN50,“AI디지털교과서 손본다”… 98% 도입 대구 운명은?ㅣTBC뉴스,@shink.h7367,"손만 보는게 아니라
뒷돈 오갔는지 철저하게 수사하고
관련자들 처벌해야지."
1dR6POZYN50,“AI디지털교과서 손본다”… 98% 도입 대구 운명은?ㅣTBC뉴스,@user-yf6cd6zl5x,"1:32 대구교육청 임종환 이 사람말은 시작부터 틀렸죠
디지털 교과서에 AI 기능 없습니다"
1dR6POZYN50,“AI디지털교과서 손본다”… 98% 도입 대구 운명은?ㅣTBC뉴스,@heihi-v7v,Ai는 뭔. 걍 컴퓨터로 문제만 풀더만. 대구는 참...나쁜건다 빨라
1dR6POZYN50,“AI디지털교과서 손본다”… 98% 도입 대구 운명은?ㅣTBC뉴스,@markseokbumkim8218,대구교육청 정말 문제 많습니다. 도입과정에서 특정인과 이해관계가 있는지 철처한 조사가 필요해보입니다.
1dR6POZYN50,“AI디지털교과서 손본다”… 98% 도입 대구 운명은?ㅣTBC뉴스,@노을-k4k,부모로서 절대반대합니다 ㆍ절대절대ᆢ디지털교과서 폐지해주세요ㆍ대구때문에 그 외 학생들이 피해를 봐야합니까? 대구만해ㆍ짜증나
1dR6POZYN50,“AI디지털교과서 손본다”… 98% 도입 대구 운명은?ㅣTBC뉴스,@브라보콩-w9b,대구교육청 뭔가 냄새가 난다 현직교사들 찬성한적도 없다는데 무슨98프로?  철저한 감사 해야합니다
1dR6POZYN50,“AI디지털교과서 손본다”… 98% 도입 대구 운명은?ㅣTBC뉴스,@user-gl4vg7ed1d,짜증나요. 교사들은 하고 싶지 않은데 강은희 혼자 추진해서 이 난리...
1dR6POZYN50,“AI디지털교과서 손본다”… 98% 도입 대구 운명은?ㅣTBC뉴스,@이-b3c3u,"기존 데이타가 없는데....뭔 개개인 맞춤이냐....교원에서도 엄청난 반대가 있었던건데...대구가 마루타가 됐었구나
으이근"
1dR6POZYN50,“AI디지털교과서 손본다”… 98% 도입 대구 운명은?ㅣTBC뉴스,@ceoocioo,대구교육청 감사해야 합니다!
1dR6POZYN50,“AI디지털교과서 손본다”… 98% 도입 대구 운명은?ㅣTBC뉴스,@아아아-k2i7v,"디지털교과서 도입했던 유럽...결국은 실패했다. 대구는 정말 다른 국민과 아이들에게 민폐. 민폐고~
 아이들 미래 교육을 망치는 일이라고 생각했고 울 아들 지금 직장인이지만 항상 우려하며 학생때부터 심각한 문제라고 부모하고 얘기할 때 주장하고 염려했던일이...참 유감스럽다
아이들 미래 생각없이 보수.진보 다르더고 무조건 따르니 😭"
1dR6POZYN50,“AI디지털교과서 손본다”… 98% 도입 대구 운명은?ㅣTBC뉴스,@이경남-j5c,진짜 예산이 이렇게 새고 있네요..!! 대구 100프로 정말 말도 안됩니다!!
1dR6POZYN50,“AI디지털교과서 손본다”… 98% 도입 대구 운명은?ㅣTBC뉴스,@duriburngun,해당 교육 AI 교육부가 밀어붙혔는데 정작 해당 AI 만든 개발자 분은 이거 애들 교육용으로 쓰면 안된다 반대함. 본인에게 큰 성과자 이득인데도 아직 미진하다며 부작용 우려하며 반대함.
1dR6POZYN50,“AI디지털교과서 손본다”… 98% 도입 대구 운명은?ㅣTBC뉴스,@girl-mu2sd,"중3교실 참관수업 가보니 수학시간인데 애들이 선생님 설명은 안듣고 다른 페이지 열어보고, 선생님은 그거 제지시키느라 수업 계속 끊기고... 
디지털교과서는 정말 그냥 도구일 뿐이지 교과서로는 절대 안되겠더라구요."
1dR6POZYN50,“AI디지털교과서 손본다”… 98% 도입 대구 운명은?ㅣTBC뉴스,@HkJung-un5jo,선생님이랑 눈 맞추면서 공부를 해도 이해를 못 하는 아이들이 수두룩한데~~개인별 맞춤형 학습에 AI라니?? 진짜 탁상공론입니다.  제발 원점에서 다시 논의 바랍니다.
1dR6POZYN50,“AI디지털교과서 손본다”… 98% 도입 대구 운명은?ㅣTBC뉴스,@우주-b8n,대구만쓰게해주세요.대구는좋와할꺼예요
1dR6POZYN50,“AI디지털교과서 손본다”… 98% 도입 대구 운명은?ㅣTBC뉴스,@spongee22,리박스쿨 묻은 곳이 한두군데가 아니다
1dR6POZYN50,“AI디지털교과서 손본다”… 98% 도입 대구 운명은?ㅣTBC뉴스,@안쏭_s2,"진짜 저건아니다
퇴출이답! 누구를위한 교과서인가😂
저걸도입하고자하는사람들은 수업한번도 해보지못한사람들일꺼다.
태블릿으로 수업한번했다가 떨어뜨려서 고장나고
무선키보드연결안된다고 날리치고
한시간 다날아간다
진짜최악
애들은 몰래 게임깔아서 게임하고
유튜브보고있더라
다막아놔도 눈깜고도 초딩들은 다푼다

진짜 최악의 수업임😂😂"
1dR6POZYN50,“AI디지털교과서 손본다”… 98% 도입 대구 운명은?ㅣTBC뉴스,@judithlapinou6583,대구가 대구했내. 설마 AI가 극우교과서 ?
1dR6POZYN50,“AI디지털교과서 손본다”… 98% 도입 대구 운명은?ㅣTBC뉴스,@개구리망,돈 해처먹은 놈들 조사해라
1dR6POZYN50,“AI디지털교과서 손본다”… 98% 도입 대구 운명은?ㅣTBC뉴스,@The논개,보여주기식 교육 그만! 틱을 가진 아이의 부모들은 걱정이 됩니다.
1dR6POZYN50,“AI디지털교과서 손본다”… 98% 도입 대구 운명은?ㅣTBC뉴스,@cielbleu8232,대구는 계속하고 나중에 비교해보면 되겠네요.
1dR6POZYN50,“AI디지털교과서 손본다”… 98% 도입 대구 운명은?ㅣTBC뉴스,@ahejigichoi7819,생각 없이 도입한 것이 한심한 일이다.
1dR6POZYN50,“AI디지털교과서 손본다”… 98% 도입 대구 운명은?ㅣTBC뉴스,@이하이디-x3b,제대로 만들어놓고 사용해라 해야지~ 대구  반성해라
1dR6POZYN50,“AI디지털교과서 손본다”… 98% 도입 대구 운명은?ㅣTBC뉴스,@insuncho2233,"퇴출!!!
대찬성입니다"
1dR6POZYN50,“AI디지털교과서 손본다”… 98% 도입 대구 운명은?ㅣTBC뉴스,@sarahkim4533,가지가지한다 진짜
1dR6POZYN50,“AI디지털교과서 손본다”… 98% 도입 대구 운명은?ㅣTBC뉴스,@김정미-j5w,AI디지털교과서 바로 폐지 해주세요!!
1dR6POZYN50,“AI디지털교과서 손본다”… 98% 도입 대구 운명은?ㅣTBC뉴스,@TV-om7gw,제발 관련자 모두 특검해주세요!!! 뭔가 비리가 없고서는 다수가 반대하는 이 사업을 이 많은 세금을 써서 강행할 수는 없습니다.
1dR6POZYN50,“AI디지털교과서 손본다”… 98% 도입 대구 운명은?ㅣTBC뉴스,@진심-t2l,리박스콜....
1dR6POZYN50,“AI디지털교과서 손본다”… 98% 도입 대구 운명은?ㅣTBC뉴스,@dodoyoung7,예산 빼먹을려고 다른 선진국에서도 실패 사례로 원래대로 다시 원상복귀시킨 교육제도를~~ 윤쥴리 정부 이것들은 진짜~~
1dR6POZYN50,“AI디지털교과서 손본다”… 98% 도입 대구 운명은?ㅣTBC뉴스,@10억클럽,"애들 수행평가도 폐지해 주세요
애들 죽어나요 !!!!"
1dR6POZYN50,“AI디지털교과서 손본다”… 98% 도입 대구 운명은?ㅣTBC뉴스,@user-zw1xy1ym5i,AI당장 멈추고 수행평가도 폐지해야 한다
1dR6POZYN50,“AI디지털교과서 손본다”… 98% 도입 대구 운명은?ㅣTBC뉴스,@민트민트-b9q,고교 학점제도 손봐주세요
1dR6POZYN50,“AI디지털교과서 손본다”… 98% 도입 대구 운명은?ㅣTBC뉴스,@304_nomad2,역시 어디 하나 멀쩡한게 없는 대궆ㅋㅋㅋㅋ
1dR6POZYN50,“AI디지털교과서 손본다”… 98% 도입 대구 운명은?ㅣTBC뉴스,@권지영-v3t,그럴려면 투표를 똑바로 했어야지😊
1dR6POZYN50,“AI디지털교과서 손본다”… 98% 도입 대구 운명은?ㅣTBC뉴스,@mijino5218,대구사는 학부모입니다. 완전 지지합니다!
1dR6POZYN50,“AI디지털교과서 손본다”… 98% 도입 대구 운명은?ㅣTBC뉴스,@sssssss-kx2il,대구에 살고있지만 이래저래 문제가 많네
1dR6POZYN50,“AI디지털교과서 손본다”… 98% 도입 대구 운명은?ㅣTBC뉴스,@happy_arin_smile,흐즈므르.....
1dR6POZYN50,“AI디지털교과서 손본다”… 98% 도입 대구 운명은?ㅣTBC뉴스,@jijit.v,제발 정치보븍이 아니길..
1dR6POZYN50,“AI디지털교과서 손본다”… 98% 도입 대구 운명은?ㅣTBC뉴스,@Moon7986-c9s,대구는 자기들끼리 쓰게 냅둡시다
1dR6POZYN50,“AI디지털교과서 손본다”… 98% 도입 대구 운명은?ㅣTBC뉴스,@김영혜-m9z,모두가 반대하는 AI교과서 왜 밀어붙이는지  조사해야지! 애들 문해력이 떨어지고  있는데 한자나 가르치지!
1dR6POZYN50,“AI디지털교과서 손본다”… 98% 도입 대구 운명은?ㅣTBC뉴스,@happyhappy0_0_0,AI디지털 교과서 절대 반대에요 안그래도 기기 영상 이런거 애들 중독 현상인데 ;;; 하 열받네요
1dR6POZYN50,“AI디지털교과서 손본다”… 98% 도입 대구 운명은?ㅣTBC뉴스,@신지혜-r2x,너무고맙고다행이네요. .근데 그거들여올때 로비나 세금낭비..그리고 코로나때 입구체온계나 큐알기계등이 어디서로비해서 들여온건아닐까 의심해봅니다. 이제라도 그정책 너무잘됐네요
1dR6POZYN50,“AI디지털교과서 손본다”… 98% 도입 대구 운명은?ㅣTBC뉴스,@moonMoon-jz5zk,인성교육은?
1dR6POZYN50,“AI디지털교과서 손본다”… 98% 도입 대구 운명은?ㅣTBC뉴스,@ummmmm-c1g,"일단 싸지르면
 치우기는 어렵네?"
1dR6POZYN50,“AI디지털교과서 손본다”… 98% 도입 대구 운명은?ㅣTBC뉴스,@느티나무-x7t,"대구학생들에게 기쁜 소식입니다.
예산 낭비가 많이 되었겠지만 오로지  학생들을 생각해서 잘 되었습니다.
대구 어른들 반성 좀 하십시오!!!"
1dR6POZYN50,“AI디지털교과서 손본다”… 98% 도입 대구 운명은?ㅣTBC뉴스,@은어-y4j,거기는하게 놔두지
1dR6POZYN50,“AI디지털교과서 손본다”… 98% 도입 대구 운명은?ㅣTBC뉴스,@올리브-u6c,대구는 독재국가냐?
1dR6POZYN50,“AI디지털교과서 손본다”… 98% 도입 대구 운명은?ㅣTBC뉴스,@liebeangel344,근데 디지털 교과서  안 씀... 왜 필요가 없음.. TK 산다 토 달면 님 말이 다 맞음
1dR6POZYN50,“AI디지털교과서 손본다”… 98% 도입 대구 운명은?ㅣTBC뉴스,@july2473,대구만 쓰게하세요 ㅋㅋㅋ
1dR6POZYN50,“AI디지털교과서 손본다”… 98% 도입 대구 운명은?ㅣTBC뉴스,@reena_9328,책도 안 보는데 무슨 ai 교과서고...내가 봐도 집중 안되더라 책 좀 보게 하자
1dR6POZYN50,“AI디지털교과서 손본다”… 98% 도입 대구 운명은?ㅣTBC뉴스,@혀나주-r4j,스웨덴 과 필란드에서 디지털 교과서 도입했다  실패한 대표적인 나라로 공부는 아날로그 방식으로 연필로 쓰고 읽는 방식이 좋다고하는데 왜 이러는 궁금합니다. 이 많은 예산이 과연 왜 필요한지 모르겠네요. 내년에 고등무상교육 예산은 있나요?
1dR6POZYN50,“AI디지털교과서 손본다”… 98% 도입 대구 운명은?ㅣTBC뉴스,@abcdefghi-r3i,대구는 냅둬라. 거서 인재나옴 또 국힘당에 힘된다. 걍 애들 멍청해지라고 냅둬.
1dR6POZYN50,“AI디지털교과서 손본다”… 98% 도입 대구 운명은?ㅣTBC뉴스,@하니-u3o3y,리박스쿨의 발상지 독재의 시작점 대구
1dR6POZYN50,“AI디지털교과서 손본다”… 98% 도입 대구 운명은?ㅣTBC뉴스,@yogigung,대구 잘했네~!!!  국립은 임용고시 힘들게 패스해서 외부지역 교사도 들어가지만  사립 어쩔거야~~ 감시하기 딱좋네!!!!!  대구는 중고등까지 디지털써라! 그래야. 역사왜곡하는지 감시하지!
1dR6POZYN50,“AI디지털교과서 손본다”… 98% 도입 대구 운명은?ㅣTBC뉴스,@싹-t2l,"듣던중 반가운소리~~~
종이 교과서 환영합니다~
참고 자료가 맞습니다
졸속으로 만들어진
쓰레기 디지털 교과서....😤
그 목적이 궁금합니다☹️
아이들 사상교육용 아닙니까??~🤬
강제적으로 디지털 교과서를
도입한 이주호는 진짜 문제가
심각합니다~리박스쿨이랑
연관 관계도 밝혀주세요~~
아이들이 생각할 시간을
많이 주어야 합니다
가뜩이나 테블릿,핸드폰
컴퓨터...등등
학부모는 머리가 지끈거립니다
점점 생각이 좁아지고 문해력
이해력 낮아지는 아이들~
생각의 폭이 넓어지길 바라면서
종이 교과서 적극 찬성입니다🙏🙏👏"
1dR6POZYN50,“AI디지털교과서 손본다”… 98% 도입 대구 운명은?ㅣTBC뉴스,@ggg-b5p,"대구야 제발 헛짓좀 하지마라.
하...짜증나"
1dR6POZYN50,“AI디지털교과서 손본다”… 98% 도입 대구 운명은?ㅣTBC뉴스,@jihaekang944,대구 니들은 알아서해
1dR6POZYN50,“AI디지털교과서 손본다”… 98% 도입 대구 운명은?ㅣTBC뉴스,@minghu1562,아이비 스쿨 퇴출
1dR6POZYN50,“AI디지털교과서 손본다”… 98% 도입 대구 운명은?ㅣTBC뉴스,@renei6716,"대구는  역시  답이  없다.
AI 교과서는   아이들을  생각할 힘을  없애는   바보로...미래를  바보로  만들겠다는거다.   학부모의  한  사람으로 AI교과서는     적극    반대!"
1dR6POZYN50,“AI디지털교과서 손본다”… 98% 도입 대구 운명은?ㅣTBC뉴스,@apollo0006,"10년동안 뭐하다 이제 선생들 참여시키라고...
선생이 직접 디지털 교재 만들 수 있게 해놔도 쓰지도 않으면서 ...
유튜브 나오고 쓸 줄 아는 애들 몇이나 되었니 ?"
1dR6POZYN50,“AI디지털교과서 손본다”… 98% 도입 대구 운명은?ㅣTBC뉴스,@민희김-z4b,"제발 아이들 눈나빠지고
유투브보고 수업제대로 안돼요ㅠㅠ 종이책해주세요"
1dR6POZYN50,“AI디지털교과서 손본다”… 98% 도입 대구 운명은?ㅣTBC뉴스,@chickim7299,대구가 98% ?  대구는 미래도 없겠구만!
1dR6POZYN50,“AI디지털교과서 손본다”… 98% 도입 대구 운명은?ㅣTBC뉴스,@justicedoctor86,"도대체 정부 누굴 믿고 수십억 수백억씩 투자했다는거지? 처음엔 수십억 수백억씯 투자했다더니 이제는 2조 투자 했다고 말이 나오네 ㅋㅋㅋㅋㅋ 
교육부 내에 누구랑 약속하고 저 짓한거면 혈세농단 배임 사건 될 소지는 알고 떠드는건지
학부모 교사 다수 반대여론 다 무시하고 날치기 하듯 추진해놓고 이제와서 소송한단다… 교육부 누구한테 검정 채택 약속 받았는지 얼마 투자해서 손실 얼마인지 딱 정확히 계산해서 그 사람 상대로 소송 걸면 되겠네요. 그리고 그렇게 자신있는 컨텐츠면 왜 교과서 필수 지정 고집하는지 모르겠음, 서비스가 좋으면 사교육 공교육 안가리고 유료라도 팔립니다. 그게 자본주의 기본이죠. 정부에 도대체 누굴 믿었는지 모르겠는데 그거 믿고 수백억 수천억 투자했다고 수조원대 예산 내달라는건 거의 대놓고 해쳐먹겠단 소리나 다름없어보이는데
반대 여론에도 무릎쓰고 졸속추진하고 뭐 압박이라도 한 듯 90%이상 채택해서 써본 대구 학교들 설문 만족도 처참할 정도로 낮게 나왔다던데 반성이 먼저 아님? 
돌아가는 꼴 보니 막판까지 직원들, 기레기들 데리고 시위하고 AI 교과서 폐지 반대 기사 쓰느라 정신없던데 떼 쓴다고 천문학적인 국민혈세 수조원이 왜 매년 낭비되어야 하는지부터 설명 좀
(종이값드는 종이 교과서 1년 예산 추정 9000억대, 한번 만들어놓고 업데이트만 하면 되는 무형의 디지털 교과서 예산 5~10조 조단위 예상)"
1dR6POZYN50,“AI디지털교과서 손본다”… 98% 도입 대구 운명은?ㅣTBC뉴스,@user-eggplant0709,"와..대구 98%..말이 되나. 
학부모나 교사들도 모두 찬성했다는건가."
1dR6POZYN50,“AI디지털교과서 손본다”… 98% 도입 대구 운명은?ㅣTBC뉴스,@impollu,한심한 대구
1dR6POZYN50,“AI디지털교과서 손본다”… 98% 도입 대구 운명은?ㅣTBC뉴스,@달코바사,대구는 신천지에 리박스쿨이 장악한건가
1dR6POZYN50,“AI디지털교과서 손본다”… 98% 도입 대구 운명은?ㅣTBC뉴스,@user-fj3sc6vq4g,당연히 퇴출. 애들 안그래도 중독성 심각한데 무슨 ai교과서.
1dR6POZYN50,“AI디지털교과서 손본다”… 98% 도입 대구 운명은?ㅣTBC뉴스,@goqkfkrl-f6c,"아이를 길러본 부모로서 AI교육은 필요하지만  AI디지털 교과서 사용은 절대로 반대해요.
진정으로 아이를 생각하는 어른이라면 AI교과서 사용을 반대해야 한다고 생각해요.
유럽에서 AI교과서의  사용에 대한 부작용으로 폐지한 예를 참고하더라도 AI교과서는 
학생들의 사고 능력을 저하시키고 학습 부진의 결과를 초래하는 건 분명하니 도입에 대해 다시 고려 해야 한다고 생각해요."
1dR6POZYN50,“AI디지털교과서 손본다”… 98% 도입 대구 운명은?ㅣTBC뉴스,@IAI123,"이재명 당 대표 취임사 내용 일부 중 

"" 학력 격차를 해소하고자 모든 학년에게 1인당 1 태블릿을 무상으로 제공할 것이며 """
1dR6POZYN50,“AI디지털교과서 손본다”… 98% 도입 대구 운명은?ㅣTBC뉴스,@박수진-b3k,대구 ㅋㅋㅋㅋㅋㅋㅋㅋㅋㅋ
1dR6POZYN50,“AI디지털교과서 손본다”… 98% 도입 대구 운명은?ㅣTBC뉴스,@냠냠-b5p,대구는 하라고 해라. 그럼 된다. ㅋㅋㅋㅋㅋㅋㅋㅋㅋㅋㅋㅋㅋ
1dR6POZYN50,“AI디지털교과서 손본다”… 98% 도입 대구 운명은?ㅣTBC뉴스,@차선미-q8q,대구와 경북은 꼭 리박스쿨 늘봄교실이랑 ai가 빠진 극우 디지털 교과서 꼭 하세요  국힘의 행복한 노예가 되세요
1dR6POZYN50,“AI디지털교과서 손본다”… 98% 도입 대구 운명은?ㅣTBC뉴스,@댕댕이-o8r,제발 손좀 봐주세요 환장합니다
1dR6POZYN50,“AI디지털교과서 손본다”… 98% 도입 대구 운명은?ㅣTBC뉴스,@paulmoon2451,세뇌가 쉬운지역이라 애들까지도 미리 리박스쿨화 하려는거네
4Niolo0Avnk,"'교육자료' 된 AI 디지털교과서, 채택 여부 학교 선택에 맡긴다 [모잇슈] / EBS뉴스",@룰루랄라-k3m,교육부가 교육에는 관심없고 .....
4Niolo0Avnk,"'교육자료' 된 AI 디지털교과서, 채택 여부 학교 선택에 맡긴다 [모잇슈] / EBS뉴스",@털네,진짜 못났다 이주호
4Niolo0Avnk,"'교육자료' 된 AI 디지털교과서, 채택 여부 학교 선택에 맡긴다 [모잇슈] / EBS뉴스",@Park-en8yl,선택에 맡기는건 무책임한것이라 생각됩니다. 말장난하지 말고 ai교과서 폐지되길 바랍니다.
4Niolo0Avnk,"'교육자료' 된 AI 디지털교과서, 채택 여부 학교 선택에 맡긴다 [모잇슈] / EBS뉴스",@98education,현직 교사입니다. 안그래도 공부 안하고 학습능력이 해가 갈수록 떨어지는 판국에 더 망치고 하향평준화로 가는 길을 왜 굳이 가려고 하는지 답답할 뿐입니다. 보조자료로 선택활용하는 정도로 쓰면 될 것 같습니다.
4Niolo0Avnk,"'교육자료' 된 AI 디지털교과서, 채택 여부 학교 선택에 맡긴다 [모잇슈] / EBS뉴스",@ireanbae7025,"의대정원도 대학자율로 맡겨라
교육부가 우겨서 될일이 아니다"
4Niolo0Avnk,"'교육자료' 된 AI 디지털교과서, 채택 여부 학교 선택에 맡긴다 [모잇슈] / EBS뉴스",@쩡쩡77,"거부권 같은 소리하지마시고, ai교과서 폐지 하세요. 다들 반대하고 있잖아요..
개발사는 이ㅈ호한테 소송해야하는거 아닌가요? ai 원하던 사람이 없었는데요..?"
4Niolo0Avnk,"'교육자료' 된 AI 디지털교과서, 채택 여부 학교 선택에 맡긴다 [모잇슈] / EBS뉴스",@7777oo-y3x,이주호 저거 뒷돈 받았을끼다
4Niolo0Avnk,"'교육자료' 된 AI 디지털교과서, 채택 여부 학교 선택에 맡긴다 [모잇슈] / EBS뉴스",@블루베리-xyz,학부모입니다. AI교과서 폐지 되어야 합니다.
4Niolo0Avnk,"'교육자료' 된 AI 디지털교과서, 채택 여부 학교 선택에 맡긴다 [모잇슈] / EBS뉴스",@윤수아-c6l,선진국도 해보고 폐기한걸 굳이 막대한 예산을 투입해서 하려는건 무슨의도인지 모르겠네요..국민의 혈세로 멀하고싶은건지...
4Niolo0Avnk,"'교육자료' 된 AI 디지털교과서, 채택 여부 학교 선택에 맡긴다 [모잇슈] / EBS뉴스",@7777oo-y3x,다른나라는 다 폐지하는 사업을 왜따라하냐? 업체랑 뭐가있지않고서야..애들 꼴통되라고 고사를 지내라
4Niolo0Avnk,"'교육자료' 된 AI 디지털교과서, 채택 여부 학교 선택에 맡긴다 [모잇슈] / EBS뉴스",@귀염둥이-u1j,제발 좀 하지맙시다
4Niolo0Avnk,"'교육자료' 된 AI 디지털교과서, 채택 여부 학교 선택에 맡긴다 [모잇슈] / EBS뉴스",@daezzok.laoshi,반대한다! 이주호를 조사하라!
4Niolo0Avnk,"'교육자료' 된 AI 디지털교과서, 채택 여부 학교 선택에 맡긴다 [모잇슈] / EBS뉴스",@chaewonart6662,"대구,경북은 교사들과 아이들 생각은 전혀 안하네요. 피해는 고스란히 교사와 아이들 몫이겠죠. 정말 이기적인 탁상행정가들입니다."
4Niolo0Avnk,"'교육자료' 된 AI 디지털교과서, 채택 여부 학교 선택에 맡긴다 [모잇슈] / EBS뉴스",@김용-h1w,"부작용을 다 아는걸 굳이 왜 자꾸 하려는걸까. 정말 궁금합니다
애들도 점점 적어지는데 부작용없이 잘 가르쳐야되지 않나싶네요"
4Niolo0Avnk,"'교육자료' 된 AI 디지털교과서, 채택 여부 학교 선택에 맡긴다 [모잇슈] / EBS뉴스",@토리토리-b4l,결국 교육감 맘대로되겟네
4Niolo0Avnk,"'교육자료' 된 AI 디지털교과서, 채택 여부 학교 선택에 맡긴다 [모잇슈] / EBS뉴스",@봄은온다,굳이 구독료까지 내며 AI교과서의 왜 하는지. 하지마라!
4Niolo0Avnk,"'교육자료' 된 AI 디지털교과서, 채택 여부 학교 선택에 맡긴다 [모잇슈] / EBS뉴스",@gbcszcfdcvc001,"교육은
인간 사이의 교류를 통해 
지식을 찾고 그 공감대를 넓혀 가는 것이 가장 중요하다고 본다

저출산, 고령, 저성장 시대에도
여전히 '첨단'으로 현혹해서 치고 빠지기 하며
    비싼 세금 뿌리고 있다"
4Niolo0Avnk,"'교육자료' 된 AI 디지털교과서, 채택 여부 학교 선택에 맡긴다 [모잇슈] / EBS뉴스",@ej-bn1gb,폐지되야합니다. 하루 속히! 더 이상 혼란하게 만들지 맙시다.
4Niolo0Avnk,"'교육자료' 된 AI 디지털교과서, 채택 여부 학교 선택에 맡긴다 [모잇슈] / EBS뉴스",@정정운-u6n,원종초8080
JC35hy4u1mo,"AI 디지털교과서(AIDT), 도입해야할까? ｜토론으로 알아보는 교육정책",@user-vd2vc6uh4x,"학생들의 토론을 보니 굉장히 똑 부러지고 앞으로의 미래가 밝네요.
문이과통합에 대한 찬반토론 주제도 굉장히 좋을 것 같습니다."
JC35hy4u1mo,"AI 디지털교과서(AIDT), 도입해야할까? ｜토론으로 알아보는 교육정책",@leejoohyun1431,"사회자 선생님을 비롯하여 학생들의
토론에 대하여 잘들었네요ㆍ
유익한 토론들 똑소리나네요👍👍👍"
JC35hy4u1mo,"AI 디지털교과서(AIDT), 도입해야할까? ｜토론으로 알아보는 교육정책",@helloimkhj,"❤첫째, 학생들은 AI 디지털 교과서가 개인 맞춤형 학습을 가능하게 해줄 것이라는 기대감을 가질 수 있습니다.AI는 학생의 학습 스타일과 진도를 분석하여 필요한 자료와 피드백을 제공함으로써 학습 효과를 높일 수 있어요

❤둘째, 기술적 접근이 교육의 불균형을 심화할 수 있다는 우려도 있을 수 있습니다 모든 학생이 동일한 디지털 기기와 인터넷 접근성을 가지고 있지 않기 때문에, AI 디지털 교과서가 오히려 교육 격차를 벌릴 수 있다는 점에 대한 논의가 필요합니다"
JC35hy4u1mo,"AI 디지털교과서(AIDT), 도입해야할까? ｜토론으로 알아보는 교육정책",@user-lx9oh4id7j,"AI 디지털 교과서 도입에 대한 학생들의 다양한 의견을 듣게 되어 많은 생각이 들었어요(◍•ᴗ•◍)❤
디지털 시대에 발맞춘 AI 디지털 교과서가 미래 교육의 혁신을 가져올지에 대한 토론이 특히 인상 깊었어요

한쪽에서는 AI 디지털 교과서가 학생들에게 더 많은 정보를 제공하고, 학습의 효율성을 높일 수 있다는 의견이 있었어요
예를 들어, 개별 학습 속도에 맞춘 맞춤형 교육이 가능해져 학습 효과가 극대화될 수 있다는 점이었죠
반면, 다른 쪽에서는 디지털 교과서가 학생들의 집중력을 떨어뜨리거나, 종이 교과서만큼의 집중도를 유지하기 어렵다는 우려도 있었습니다 

학생들이 직접 자신들의 경험과 생각을 토대로 다양한 관점을 논의하는 모습이 정말 멋졌어요 👍 
이번 토론을 통해 AI 디지털 교과서에 대한 더 깊은 이해를 갖게 되었어요
한국교육의 미래를 위해 이런 논의가 지속적으로 이루어지길 기대합니다❤❤"
JC35hy4u1mo,"AI 디지털교과서(AIDT), 도입해야할까? ｜토론으로 알아보는 교육정책",@paind9,"AI 디지털 교과서에 대한 각자의 생각을 논리적으로 표현하는 모습이 매우 인상적이었어요. 특히, 찬성과 반대 측의 입장이 균형 있게 다뤄져, 학생들이 현재 교육 체계에 대해 깊이 고민하고 있다는 것을 느낄 수 있었습니다. 다음 토론 주제로는 ""사교육 어디까지 허용해야 하는가?""를 제안하고 싶습니다. 요즘 학생들이 사교육에 많이 의존하는 경향이 있는데, 이는 학습 효과와 더불어 경제적 부담을 초래하기도 합니다. 이 토론을 통해 학생들이 사교육의 장단점에 대해 솔직한 의견을 나누고, 자신들의 경험을 바탕으로 공정한 교육 기회에 대해 논의하는 시간을 가질 수 있을 것 같아요. 이런 주제를 통해 학생들이 자신의 목소리를 더욱 잘 낼 수 있으며, 교육 정책에도 긍정적인 영향을 미칠 수 있다고 믿습니다. 다음에도 기대되는 교육 토론, 함께 만들어가요!"
JC35hy4u1mo,"AI 디지털교과서(AIDT), 도입해야할까? ｜토론으로 알아보는 교육정책",@육아는실전,"AI디지털교과서 도입에 대한 학생들의 토론 흥미롭게 잘 보았습니다.  시대의 흐름에 따라 적절히 활용됐을때 좋은점도 많을거라 생각되네요 ~ 학생입장에서 의견을 들어보았으니 다음토론은 AI디지털 교과서에 대해 교육자인 선생님들 시각에서 바라본 토론을 하면 학생과 선생님들의 견해를 같이볼 수 있어 재밌을거같아요
유익하고 좋은 콘텐츠 감사합니다❤"
JC35hy4u1mo,"AI 디지털교과서(AIDT), 도입해야할까? ｜토론으로 알아보는 교육정책",@ninoheesun,입시와 관련되서 일본과 한국의 공통점과 차이점에 대한 토론도 재밌을거 같아요!
JC35hy4u1mo,"AI 디지털교과서(AIDT), 도입해야할까? ｜토론으로 알아보는 교육정책",@혜진-e1k,학생들이 정말 토론을 잘 하네요. 다음에는 교원평가 개편과 관련된 토론을 보고 싶습니다!
JC35hy4u1mo,"AI 디지털교과서(AIDT), 도입해야할까? ｜토론으로 알아보는 교육정책",@레기온-j1w,"AI 디지털교과서에 대한 토론 잘 시청했습니다!
고교학점제나 기존 교육과정과의 비교와 대입 정책에 따른 교육과정의 변화에 대한 토론도 기대가 됩니다."
JC35hy4u1mo,"AI 디지털교과서(AIDT), 도입해야할까? ｜토론으로 알아보는 교육정책",@myman1,"교육정책에 관한 토론 영상을 보니 우리 미래가 조금은 밝아지는 것 같아서 좋았습니다. 
~앞으로도 언제나 좋은 방송영상 부탁하며 늘~ 건강하시고 즐거운 하루하루 되세요."
JC35hy4u1mo,"AI 디지털교과서(AIDT), 도입해야할까? ｜토론으로 알아보는 교육정책",@kiz0422,AI 디지털교과서에 대한 흥미로운 토론 잘시청했습니다 정시비중확대에 대한 토론을 보고싶습니다 좋은콘텐츠 앞으로도 잘부탁드립니다 늘 많은분들에게 사랑받는 채널되세요
JC35hy4u1mo,"AI 디지털교과서(AIDT), 도입해야할까? ｜토론으로 알아보는 교육정책",@aboveap00,찬반토론 흥미있게 잘 봤습니다. 다음 주제로는 일부 대입전형에서 벌어지는 깜깜이 세특전형이 과연 공정한가에 대해 다루면 좋을 것 같아요
JC35hy4u1mo,"AI 디지털교과서(AIDT), 도입해야할까? ｜토론으로 알아보는 교육정책",@jaehyunpark984,CEDA 토론 방식으로 토론이 잘 이루어졌네요. 좋은 토론이네요.
JC35hy4u1mo,"AI 디지털교과서(AIDT), 도입해야할까? ｜토론으로 알아보는 교육정책",@달무리-j3d,"AI 디지털 교과서의
다양한 활용법에 대해 알찬 토론이 필요해요!"
JC35hy4u1mo,"AI 디지털교과서(AIDT), 도입해야할까? ｜토론으로 알아보는 교육정책",@fine1186,학생들의 토론장을 보니 정말 대단하네요! 다음 토론으로는 자유학기제에 대한 내용이 듣고 싶어요
JC35hy4u1mo,"AI 디지털교과서(AIDT), 도입해야할까? ｜토론으로 알아보는 교육정책",@Jungkookiiil,우리 학생들 똑부러지게 입장을 발표하는 모습이 대견하네요. 다음에는 대입제도개편에 관한 토론 영상 보고 싶어요!
JC35hy4u1mo,"AI 디지털교과서(AIDT), 도입해야할까? ｜토론으로 알아보는 교육정책",@뿌꿍놀이터,선행 학습에 대한 토론 진행해 주면 좋겠어요! 학생분들의 열띤 토론과 의견들에 감탄하면서 갑니다
JC35hy4u1mo,"AI 디지털교과서(AIDT), 도입해야할까? ｜토론으로 알아보는 교육정책",@pachiris_,"AI디지털 교과서 토론 잘봤습니다^^ AI 디지털 교과서는 미래 교육의 중요한 도구로 자리잡을 가능성이 크지만, 성공적으로 활용 하려면 기술과 인간 교사의 균형 잡힌 역할이 필요하다는 생각이 들었네요"
JC35hy4u1mo,"AI 디지털교과서(AIDT), 도입해야할까? ｜토론으로 알아보는 교육정책",@kichanglee4219,"AI디지털 교과서에 대한 토론 잘 봤어요.
다음 주제로는 사교육 열풍에 대한 토론 펼치면 좋을 것 같아요."
JC35hy4u1mo,"AI 디지털교과서(AIDT), 도입해야할까? ｜토론으로 알아보는 교육정책",@kin8515,"다들 너무 토론 잘 하셔서 놀랐어요!!
다음시간에는 장소에 제약을 받지 않는 원격교육 관련해서도 해보면 좋을 것 같습니다~"
JC35hy4u1mo,"AI 디지털교과서(AIDT), 도입해야할까? ｜토론으로 알아보는 교육정책",@user-zj8tk3ny8k,AI 디지털교과서에 대한 토론 정말 흥미롭고 정말 재미있었습니다
JC35hy4u1mo,"AI 디지털교과서(AIDT), 도입해야할까? ｜토론으로 알아보는 교육정책",@이건호-j1e,학생들이 토론하는거 잘 들었습니다 학생들의 AI 디지털 교과서에 관한 생각이 굉장히 다양하고 깊네요 앞으로도 좋은 영상 부탁드립니다
JC35hy4u1mo,"AI 디지털교과서(AIDT), 도입해야할까? ｜토론으로 알아보는 교육정책",@ryong_time_no_see,고입 또는 대입 내신 점수 가산점에대해 토론하면 좋을 것 같아요!
JC35hy4u1mo,"AI 디지털교과서(AIDT), 도입해야할까? ｜토론으로 알아보는 교육정책",@임정수-u3l,AI디지털 교과서에 대한 학생들의 토론 흥미롭게 잘 봤네요.다음편에서는 문.이과 통합 및 교과목 선택권에 대한 토론이 이루어지면 좋겠네요
JC35hy4u1mo,"AI 디지털교과서(AIDT), 도입해야할까? ｜토론으로 알아보는 교육정책",@yxzsyxzs,똑부러지게 말도 잘하고 토론하는 자세도 좋고 영상 잘봤어요 정시비중확대에 대해 토론하면 좋을것같아요
JC35hy4u1mo,"AI 디지털교과서(AIDT), 도입해야할까? ｜토론으로 알아보는 교육정책",@JJJJ-sh2bg,"잘 봤어요~~~!

다음 주제는 미래의 개정 교육과정의 변화 방향입니다 !!!"
JC35hy4u1mo,"AI 디지털교과서(AIDT), 도입해야할까? ｜토론으로 알아보는 교육정책",@jy2yr,AI디지털교과서에 대한 다양한 의견 흥미롭고 재미있네요❤
JC35hy4u1mo,"AI 디지털교과서(AIDT), 도입해야할까? ｜토론으로 알아보는 교육정책",@행운수집중,정시 비중 확대에 대해 토론하면 좋을 것 같아요^ ^ 대입 시험의 공정성 측면에서 의미 있는 이야기들이 많이 나올 것 같아요!
JC35hy4u1mo,"AI 디지털교과서(AIDT), 도입해야할까? ｜토론으로 알아보는 교육정책",@onideuk43,같은주제로 찬반토론회를하는 학생들의 모습이 참 멋집니다!! 열띤토론만큼 마음이 흐뭇하네요! 어느쪽이 틀렸다고 하지 못할만큼 열띤 토론 잘봤습니다^^
JC35hy4u1mo,"AI 디지털교과서(AIDT), 도입해야할까? ｜토론으로 알아보는 교육정책",@의리-z2m,"학생분들과 함께한 AI디지털 교과서 토론 너무 잘봤어요!
다양한 의견들으며 저도 많이 배울수 있었던 유익한 시간이었습니다😊
다음엔 늘봄학교에 대한 토론도 부탁드려요!"
JC35hy4u1mo,"AI 디지털교과서(AIDT), 도입해야할까? ｜토론으로 알아보는 교육정책",@902nam,"학생들의 AI 디지털 교과서에 대한 관점이 다양하고 깊어서 흥미롭게 보았습니다~
교육과정이 개편되면서 토론에도 소신있게 참여하는 모습이 인상적이고 대견하네요.
학생마다 편차가 있겠지만 전통적인 방식으로 종이책으로만 수업한다면 너무 획일적인 교육이 될 것 같다는 단점도 있을 것 같습니다.

다음 주제는 1. 졸업 앨범이 꼭 필요한가에 대해서 토론해보고, 2. 요즘 아이들은 동문회에 대해서 어떻게 생각하는지에 대해서도 들어보고 싶습니다 😊"
JC35hy4u1mo,"AI 디지털교과서(AIDT), 도입해야할까? ｜토론으로 알아보는 교육정책",@jooholee1124,"AI 디지털교과서에 대한 상이한 의견 흥미롯게 봤습니다.
다음엔 전공자율선택제에 대한 토론 주제도 너무 좋을 것 같네요.
다음 주제도 기대됩니다."
JC35hy4u1mo,"AI 디지털교과서(AIDT), 도입해야할까? ｜토론으로 알아보는 교육정책",@다니-z6v,사회자 선생님을 비롯하여 학생들의 토론에 대하여 잘들었습니다
JC35hy4u1mo,"AI 디지털교과서(AIDT), 도입해야할까? ｜토론으로 알아보는 교육정책",@노오란-e9k,"미래 교육의 혁식 AI 디지털교과서에 대해 학생들의 다양한 의견 들을수 있어서 좋은 시간이었습니다!!!
다음시간에는 아이돌에 너무 집착하고 빠져있는 학생들에 대한 여러가지 입장차이 들으면 좋은 시간 될것 같아요^✅"
JC35hy4u1mo,"AI 디지털교과서(AIDT), 도입해야할까? ｜토론으로 알아보는 교육정책",@delphi2502,"AI 디지털교과서에 대한 토론 너무 좋습니다.
다음에는 고교학점제에 대한 주제로 듣고 싶습니다."
JC35hy4u1mo,"AI 디지털교과서(AIDT), 도입해야할까? ｜토론으로 알아보는 교육정책",@털도,"고교학점제나 개정 교육과정 등에 대해서 토론하면 좋을 것 같아요 ㅎㅎ
영상 넘 유익하게 잘 보았으며 앞으로도 더욱 더 다양한 이야기 기대해요 화이팅 응원합니다"
JC35hy4u1mo,"AI 디지털교과서(AIDT), 도입해야할까? ｜토론으로 알아보는 교육정책",@bonglimi,"AI 디지털교과서에 대해서 잘 몰랐었는데 찬반토론을 통해서 장점과 단점에 대해서 아주 
잘 이해하게 되었습니다 감사합니다! 저는 다음주제로  변화되는 대입전형에 대해서 
이야기 나눠보면 좋을것 같아요!"
JC35hy4u1mo,"AI 디지털교과서(AIDT), 도입해야할까? ｜토론으로 알아보는 교육정책",@김성민-d9m1b,고교학점제나 개정 교육과정 등에 대해서 토론하면 정말 좋을 거 같아요 ^^ 응원합니다.
JC35hy4u1mo,"AI 디지털교과서(AIDT), 도입해야할까? ｜토론으로 알아보는 교육정책",@w_christmas,정말 멋진 토론입니다
JC35hy4u1mo,"AI 디지털교과서(AIDT), 도입해야할까? ｜토론으로 알아보는 교육정책",@지야꿍,AI 디지털교과서에 대한 토론 잘봤어요 다음 영상에서는 고교 학점제 도입에 대한 토론 했으면 합니다
JC35hy4u1mo,"AI 디지털교과서(AIDT), 도입해야할까? ｜토론으로 알아보는 교육정책",@bjs8049,"학생들의 똑부러지는 토론 내용에 놀랐어요! 실제 교과서를 사용하고 공부하는 학생들의 의견 반영이 무엇보다 중요하다고 생각해요.
학생들이 서로 토론을 하며 교육정책에 관심갖고 소통하는 모습들이 보기 좋았습니다.
다음에 토론하면 좋은 것 같은 교육정책은 고교학점제인데요. 학생들의 주도적 학습과 선택이 가능하다는 장점도 있지만,
특정과목에 쏠리는 현상과 교육 격차가 벌어질 수 있다는 우려도 있기에 다양한 의견을 나누는 시간을 가졌으면 좋겠어요."
JC35hy4u1mo,"AI 디지털교과서(AIDT), 도입해야할까? ｜토론으로 알아보는 교육정책",@d911d07,"AI 디지털교과서에 대한 토론 잘 시청했습니다.
대입기준 수시와 정시비중을 어느것을 늘려야 하는지 토론을 듣고 싶어요 
또 고교학점제나 기존 교육과정과의 비교와 대입 정책에 따른 교육과정의 변화에 대한 토론도 기대가 됩니다."
JC35hy4u1mo,"AI 디지털교과서(AIDT), 도입해야할까? ｜토론으로 알아보는 교육정책",@비밀의나뮤,"미래에 펼쳐질 일에 대해 토론하는거라, 학생들의 상상력도 알아볼 수 있어서 좋았습니다
시대의 흐름이 어떤 방향으로 이끌지 기대가 되게 하는 토론이었습니다"
JC35hy4u1mo,"AI 디지털교과서(AIDT), 도입해야할까? ｜토론으로 알아보는 교육정책",@김미경-c8q,응원합니다 좋은영상보고갑니다 화이팅입니다 눈에쏙쏙들어오네요 응원합니다
JC35hy4u1mo,"AI 디지털교과서(AIDT), 도입해야할까? ｜토론으로 알아보는 교육정책",@sorrjj,"AI 디지털 교과서에 대한 다양한 관점에 대해 생각의 폭이 넓어지는 것 같아서 좋네요. 다음 토론에서는 암기식 교육이 과연 필요한가에 대한 토론을 하면 좋을 것 같아요. AI가 득세하는 시대에 과연 암기식 성취도 평가가 필요한지에 대해 논쟁하면 재미있을 것 같아요. 즉, 줄세우기교육으로 무얼 할 수 있을지 토론해보면 좋을 것 같아요."
JC35hy4u1mo,"AI 디지털교과서(AIDT), 도입해야할까? ｜토론으로 알아보는 교육정책",@sophia_yy,사회자님과 여러 학생들의 토론에 대하여 잘들어요。 자기주도적 학습을 이해하고 촉진하는데 있어 매우 중요한 주제인것 같습니다. 다양한 의견을 나눌 수 있는 기회가 더욱 많아지면 좋겠습니다.
JC35hy4u1mo,"AI 디지털교과서(AIDT), 도입해야할까? ｜토론으로 알아보는 교육정책",@뿌링뿌링뿌,고등학생들이라는게 믿기지않을 정도로 멋진 토론이였습니다. AI디지털교과서 도입에 대하여 다양한 관점에서 학생들의 의견을 들을 수 있어서 유익한 시간이였습니다. 다음 토론에서는 디지털 도구를 활용한 교육에 대한 내용을 다뤘으면 좋겠습니다.
JC35hy4u1mo,"AI 디지털교과서(AIDT), 도입해야할까? ｜토론으로 알아보는 교육정책",@오연정-t2z,학생들의 토론 영상 잘 봤습니다.
JC35hy4u1mo,"AI 디지털교과서(AIDT), 도입해야할까? ｜토론으로 알아보는 교육정책",@jihwang0121,AI디지털교과서 도입에 대한 학생들의 다양한 생각을 들을수 있어서 좋았습니다! 다음 토론 주제로는 공교육 혁신에 대해서 다양한 의견을 나눴으면 좋겠어요 😊
JC35hy4u1mo,"AI 디지털교과서(AIDT), 도입해야할까? ｜토론으로 알아보는 교육정책",@winsmin-s5j,미래 교육 AI 디지털 교과서에 대해 학생들의 다양한 의견을 직접 들어볼 수 있어서 좋네요. 교육 정책에는 학생과 교원 등 다양한 의견들이 들어가야 더 좋은 쪽으로 의견이 모일 수 있을 것 같습니다. 앞으로도 다양한 콘텐츠 응원합니다.
JC35hy4u1mo,"AI 디지털교과서(AIDT), 도입해야할까? ｜토론으로 알아보는 교육정책",@kds4885,AI 디지털교과서에 대한 토론 잘봤습니다. 학생들의 열기가 느껴지네요. AI의 장단점까지 학습은 변화 되겠죠. 다음은 입시 방식에 대해 이야기 하면 좋을거 같아요.
JC35hy4u1mo,"AI 디지털교과서(AIDT), 도입해야할까? ｜토론으로 알아보는 교육정책",@김석호-v7s,"확실히생들의 입장으로써 보여지는 모습이 정말 가장 가까이에 있는 학새들의 모습에서 잘 보여지네요
저는 다음으로 체육 및 신체 활동에 관해서 어떻게 더 해야 하는지 그 토론에 관한 이야기 해주었으면 좋겠습니다"
JC35hy4u1mo,"AI 디지털교과서(AIDT), 도입해야할까? ｜토론으로 알아보는 교육정책",@마루치아라치on,"다들 대단한 토론러 ,,,포스가,,  원격교육에 대해서도 부탁드려요"
JC35hy4u1mo,"AI 디지털교과서(AIDT), 도입해야할까? ｜토론으로 알아보는 교육정책",@artfan1007,정시 확대와 수시 비중 축소에 관한 이야기를 듣고 싶습니다😊 시대의 화두는 기회의 평등에서 비롯되는 공정성인만큼 이를 논의하는 토론을 당사자인 학생분들에게 듣고 싶습니다.
JC35hy4u1mo,"AI 디지털교과서(AIDT), 도입해야할까? ｜토론으로 알아보는 교육정책",@이장후보,"학생분들의 토론장 흥미롭게시청했습니다. 토론학생분들  똑똑하고 지혜로우 시네요.
학생분들  응원합니다~~^^
학생 교복에 대해서 토론해 주셨으면 합니다."
JC35hy4u1mo,"AI 디지털교과서(AIDT), 도입해야할까? ｜토론으로 알아보는 교육정책",@꾸르르윽-24,"고등학생들끼리 재밌는 주제로 토론하는 컨텐츠 영상 잘 감상하고 갑니다! 다양하고 유익한 이야기들이 오거가서 너무 재밌게 본것 같아요!
다음 영상 주제로는 교사와 학생간의 체벌! 관련 법조항에 관련해서 이야기 해보는게 어떨까요?"
JC35hy4u1mo,"AI 디지털교과서(AIDT), 도입해야할까? ｜토론으로 알아보는 교육정책",@황준혁-i3e,"AI 디지털교과서 토론 정말 알차게 잘 봤습니다! 다들 토론을 너무 잘해서 둘다 납득이 가네요..!

다음 주제는 정시비중확대에 대한 토론을 들어보고 싶습니다! 급변하는 교육환경 속에 어떤 정책이 올바른지 찬반 의견을 듣고 싶어요!"
JC35hy4u1mo,"AI 디지털교과서(AIDT), 도입해야할까? ｜토론으로 알아보는 교육정책",@Teram7,"이번 토론 정말 유익했어요! AI 디지털 교과서에 대해 학생들이 직접 다양한 의견을 나누는 모습을 보니 참 흥미로웠습니다. 다양한 목소리가 모여야 교육이 더 나은 방향으로 나아갈 수 있을 것 같아요.
다음 토론 주제로는 고교학점제를 다뤘으면 좋겠어요. 장단점이 뚜렷한 만큼 많은 논의를 통해 단점을 보완한다면 더욱 의미 있는 시간이 될 것 같습니다."
JC35hy4u1mo,"AI 디지털교과서(AIDT), 도입해야할까? ｜토론으로 알아보는 교육정책",@cyangirl1976,"학생들의 AI 디지털 교과서에 대한 관점이 다양하고 깊어서 흥미롭게 보았습니다~
교육과정이 개편되면서 토론에도 소신있게 참여하는 모습이 인상적이고 멋진 모습입니다.. #교육tv 언제나 더 많은 사람들에게 사랑받길 바랍니다. 앞으로 멋진 콘텐츠와 함께 더 많은 이들과 소통하며 번창하시길 기원합니다!"
JC35hy4u1mo,"AI 디지털교과서(AIDT), 도입해야할까? ｜토론으로 알아보는 교육정책",@nado84,"토론하는 모습 정말 좋네요~
다음에는 졸업앨범이 필요한지에 대해 토론하면 좋겠어요.
요즘에는 앨범 자체를 가지고 있지 않은 경우도 많고 졸업앨범에 있는 사진이 잘못 쓰일 우려도 있어서 토론하면 재밌을거 같네요~"
JC35hy4u1mo,"AI 디지털교과서(AIDT), 도입해야할까? ｜토론으로 알아보는 교육정책",@hoony39,"AI 디지털교과서에 대한 학생들의 생각을 들을수 있어서 너무 좋았어요 
학생들의 다양한 생각과 의견을 나누고 들려주는 모습이 앞으로의 교육 방향을 잡는데 큰 도움이 될 거 같아요
다음 토론 주제는 사교육 어디까지 허용해야 되는지에 대해 이야기 나누면 좋겠습니다"
JC35hy4u1mo,"AI 디지털교과서(AIDT), 도입해야할까? ｜토론으로 알아보는 교육정책",@팝콘처럼,급변하는 디지털시대에 고등학생 패널들의 다양한 관점에서 AI 디지털 교과서에 대한 서로의 생각과 의견을 듣고 AI 디지털 교과서에대해 생각해보는 좋은 시간이었습니다 다음은 온라인교육과 오프라인 교육에 대해 토론하는 시간을 가져보는것도 좋을듯합니다
JC35hy4u1mo,"AI 디지털교과서(AIDT), 도입해야할까? ｜토론으로 알아보는 교육정책",@아크훈,"AI 디지털 교과서에 대한 고등학생들의  교과 토론으로 유익한 시간보냈습니다
이용자의 목소리를 경청하고 투명하고 공정하게 행동
언제나 함께하며 힘차게 응원할게요 
초심을 잃지않고 꾸준히 진보하여 끝을 보았으면 합니다
앞으로의 향후를 기억합니다 이용자와 소통하는 장을 만들어주세여
전통을 오래도록 이어갔으면 좋겠습니다
앞으로도 유익하고 좋은 소식과 정보 많이 많이 전해주세요
많은 분들에게 즐거움과 함께 힐링을 주는 공간으로 
우리 꽃길만 걷기를 응원합니다"
JC35hy4u1mo,"AI 디지털교과서(AIDT), 도입해야할까? ｜토론으로 알아보는 교육정책",@lemonandlimeyy,사회자 선생님 말씀이 귀에 쏙쏙 들어오네요^^ 학생분들도 모두 똑똑하고 귀여워요 다음에는 고교시절 수학여행은 필요한것인가? 토론을 듣고싶어요
JC35hy4u1mo,"AI 디지털교과서(AIDT), 도입해야할까? ｜토론으로 알아보는 교육정책",@2feman,"AI 디지털 교과서에 대해 이렇게 다양한 생각을 가지고 열띤 토론을 벌이다니!  찬성하는 친구들의 논리적인 주장도 인상적이었고, 반대하는 친구들의 걱정 어린 목소리도 귀 기울여 들었어요. AI가 득세하는 시대에 과연 암기식 성취도 평가가 필요한지에 대해 논쟁하면 재미있을 것 같아요"
JC35hy4u1mo,"AI 디지털교과서(AIDT), 도입해야할까? ｜토론으로 알아보는 교육정책",@Halal3928,"이번 '토론으로 알아보는 교육정책: AI 디지털교과서 AIDT편' 영상을 정말 흥미롭게 감상했습니다! 다양한 의견이 오가는 가운데 찬성측과 반대측의 주장이 균형 있게 제시되어, AI 디지털 교과서의 필요성과 우려를 동시에 살펴볼 수 있었던 점이 인상적이었습니다. 특히, 맞춤형 교육의 가능성과 디지털 격차에 대한 논의가 매우 중요하다고 느꼈어요.
학생 맞춤 교육이 가능하다는 찬성측의 주장은 정말 매력적이지만, 반대측의 우려처럼 교육 격차가 커질 가능성에 대해서도 심각하게 고민해야 한다는 생각이 듭니다. 디지털 기기의 활용이 교육에 큰 변화를 가져올 수 있지만, 그로 인해 발생할 수 있는 부작용을 해결하기 위한 사회적 합의와 준비가 필요하다는 점을 잊지 말아야 할 것 같습니다.
이러한 심도 있는 토론을 통해 교육 정책에 대한 다양한 시각을 이해하고, 더욱 나은 미래 교육을 위해 어떤 방향으로 나아가야 할지 고민하게 되는 시간이었습니다. 
그리고 다음에 토론하면 좋을 교육정책은 직업 교육 및 진로 탐색 프로그램 강화입니다.
학생들이 조기에 직업 세계에 대한 이해를 높이는 것이 중요하긴 하지만, 이러한 프로그램이 과연 학생들에게 긍정적인 영향을 줄지 고민해봐야 합니다. 일찌감치 직업을 선택하도록 유도하는 것이 오히려 학생들의 다양한 가능성을 제한할 수 있다는 생각이 드네요.
특정 직업에 대한 교육을 받으면서 다른 분야에 대한 호기심이나 관심이 사라질 수 있지 않을까 걱정이 됩니다. 각 학생이 자신의 진로를 탐색할 기회를 잃게 되는 건 아닌지, 그런 점에서 더 유연하고 다양한 경험을 제공할 수 있는 프로그램이 필요하다고 생각합니다. 그래서 직업 교육이 학생들에게 다양한 직업을 탐색하면서 자신이 진정으로 원하는 길을 찾아갈 수 있는 기회를 줄 수 있도록 하는 방향으로 토론하면 좋겠어요."
JC35hy4u1mo,"AI 디지털교과서(AIDT), 도입해야할까? ｜토론으로 알아보는 교육정책",@목만치,"AI디지털 교과서에 대한 학생들이 다양한 관점과 의견 잘 들었습니다
학생들의 목소리에 귀기울여서 더 나은 교육환경을 만들어야겠네요
저는 개인적으로 고교학점제가 내년부터 본격 시작될텐데 고교학점제에 대해서 토론 해보는 것이 좋을 것 같아요"
JC35hy4u1mo,"AI 디지털교과서(AIDT), 도입해야할까? ｜토론으로 알아보는 교육정책",@박동진-j3c,AI 디지털교과서에 대한 토론주제로 학생분들의 심도있고 깊은 토론 영상 너무 유익하게 시청했고 향후 언젠가는 AI 디지털교과서가 우리 일상생활속에서 자주 쓰일텐데 어떻게 발전할지 너무 궁금하고 다음화에는 개인적으로 대입정책에 대해 토론해주셨으면 좋겠습니다!!
JC35hy4u1mo,"AI 디지털교과서(AIDT), 도입해야할까? ｜토론으로 알아보는 교육정책",@김석현-z2o,"학생분들의 교과학점제에 관한 이야기 , 나오는 토론으로 보여주시는 모습이 궁금합니다"
JC35hy4u1mo,"AI 디지털교과서(AIDT), 도입해야할까? ｜토론으로 알아보는 교육정책",@루나양,영상을   통해   AI 디지털교과서에 대한 학생들의 다양한 의견을   알수있어   참  좋은  영상이엤어요      다음에는     이런 AI가  우리 사회에 미치는    영향등에 대해서도      우리 학생들과  같이   심도 잇게     고민해보고   싶네요
JC35hy4u1mo,"AI 디지털교과서(AIDT), 도입해야할까? ｜토론으로 알아보는 교육정책",@white_jjanga,AI 디지털교과서 토론 영상 즐겁게 시청했습니다! 학생분들 시선에서 바라본 AI 디지털교과서는 어떤지 다양한 의견을 들어 볼 수 있어서 좋았습니다. 다음에는 고교학점제에 대해 토론하는 시간을 가져봤으면 좋겠어요 !!~~🩵
JC35hy4u1mo,"AI 디지털교과서(AIDT), 도입해야할까? ｜토론으로 알아보는 교육정책",@tamay2044,"정비비중확대한 토론을 보고 싶어요
영상 감사합니다"
JC35hy4u1mo,"AI 디지털교과서(AIDT), 도입해야할까? ｜토론으로 알아보는 교육정책",@allimayun7416,"영상에서 AI 디지털 교과서에 대한 다양한 의견 좋았어요!
그리고 앞으로 더 유익한 영상 업로드 기대하겠습니다!!

유튜브 구독완료도 했어요! , 최근에 회사경영 악화로 실직을 해서 많이 우울한데, 당첨이 되면 기분 전환이 될 것 같네요!! 그리고 앞으로 이 채널이 더 많은 사람들에게 사랑받길 진심으로 응원합니다!!!"
JC35hy4u1mo,"AI 디지털교과서(AIDT), 도입해야할까? ｜토론으로 알아보는 교육정책",@ole_ole_oo,"서로 토론을 통해 AI 디지털교과서 도입에 대한 정보를 알려주고 각자의 생각을 볼 수 있었네요
시간이 걸리더라도 어쩔 수 없이 AI 디지털교과서가 도입 될 수 밖에 없어 보이네요
토론을 통해 관련한 유용한 정보 많이 알려주셔서 많은 분들 보고 더 관심을 가지는 기회가
될거라 생각이 들고 교육정책에 대한 토론을 통해 더 많은 분들이 교육정책 알렸으면 좋겠네요"
JC35hy4u1mo,"AI 디지털교과서(AIDT), 도입해야할까? ｜토론으로 알아보는 교육정책",@wealloncenoob,"AI 디지털교과서에 대한 토론 잘 시청했습니다, 다음 토론 주제는 고교학점재 시행에 따른 과목당 제한 인원으로 인해 발생하는 수시편차에 관해서 토론해주길 바랍니다."
JC35hy4u1mo,"AI 디지털교과서(AIDT), 도입해야할까? ｜토론으로 알아보는 교육정책",@용기-p1i,다음 토론에서는 온라인 수업의 확대에 대해서 토론했으면 좋겠습니다
JC35hy4u1mo,"AI 디지털교과서(AIDT), 도입해야할까? ｜토론으로 알아보는 교육정책",@디슨DS,이번 10월도 잘 보내시기 바랍니다.🍁
JC35hy4u1mo,"AI 디지털교과서(AIDT), 도입해야할까? ｜토론으로 알아보는 교육정책",@shoya009,학생들이 AI 디지털 교과서에 대해 이렇게 깊이 있는 토론을 하다니 정말 인상적이었어요! 찬반 양쪽 의견 모두 공감 되는 부분이 많았는데 특히 디지털 격차에 대한 고민이 중요하다는 생각이 들었어요. 다음 토론 주제로는 코딩 교육 의무화가 좋을 것 같아요. 미래 사회에 꼭 필요한 기술이지만 모든 학생에게 의무화하는 것이 과연 최선인지 논의해보면 좋겠어요!
JC35hy4u1mo,"AI 디지털교과서(AIDT), 도입해야할까? ｜토론으로 알아보는 교육정책",@XX-dl5vo,"다음 토론은 학생들에게 ai교과서 이후 ai교육에 관해서 어느정도의 선을 가지고 규제가 있어야하는지 없어야하는지 토론을 해보면 재밌을거같아요
무분별한 ai남용을 막아야하는지 더 방대한 지식을 습득할 수 있게 규제를 막지말아야할지 어린 친구들의 시선이 궁금합니당"
JC35hy4u1mo,"AI 디지털교과서(AIDT), 도입해야할까? ｜토론으로 알아보는 교육정책",@user-qt6hg2xy9j,"AI 디지털교과서에 대해 찬성과 반대로 토론 잘 보았습니다. 학생들의 생각의 깊이와 준비성이 엄청나군요 다음에 토론하면 좋을 것으로 자유학기제 유지해야할지 폐지해야할지 다루면 좋을것 같아요. 학력저하가 굉장히 큰 문제로 대두되는데, 자유학기제로 인한 것도 크다는 의견이 있어서요 어떻게 생각하는지 궁금하네요"
JC35hy4u1mo,"AI 디지털교과서(AIDT), 도입해야할까? ｜토론으로 알아보는 교육정책",@xmj3360,제가 생각했던 것보다 더 많은 이야기가 나와서 사고의 폭을 넓힐 수 있었습니다.
JC35hy4u1mo,"AI 디지털교과서(AIDT), 도입해야할까? ｜토론으로 알아보는 교육정책",@노미자-f9j,"다양한 학생들의 AI 디지털교과서에 대해 어떻게 생각하는지 알 수 있는 기회였어요. 다양한 관점에서 생각할 수 있다는 생각이 들더라구요. 
요즘 학생들의 선행 학습이 어떻게 이뤄지고 있는지 궁금합니다. 이에 관련해서 토론을 해주면 유익하고 재미있을 것 같아요. !!
앞으로의 소식과 활동들도 기대할게요."
JC35hy4u1mo,"AI 디지털교과서(AIDT), 도입해야할까? ｜토론으로 알아보는 교육정책",@acanisijin,"AI 디지털교과서에 대한 학생들의 다양한 생각을 듣고 
함께 논의해볼 수 있어서 참 좋았던 것 같아요 도입되기 전 문제점에 대해서도 
심도 깊게 생각해보고 보완해나가면 참 좋을 것 같아요  ❤ ❤"
JC35hy4u1mo,"AI 디지털교과서(AIDT), 도입해야할까? ｜토론으로 알아보는 교육정책",@kunihae8282,AI디지털교과서에 대한 장점과 단점을 모두 생각하게 되는 계기가 되었네요 :)
JC35hy4u1mo,"AI 디지털교과서(AIDT), 도입해야할까? ｜토론으로 알아보는 교육정책",@김미경-z8b6t,"AI디지털교과서 도입에 대한 학생들의 의견이 어느때보다 열띤 논쟁이라서 인상깊게 보았으며 앞으로  더 다양한 주제로 영상을 볼 수 있었으면 하네요. 
앞으로 교육TV 유튜브 사이트가 더 많은 사람들의 관심과 격려로 더 많이 소통해서 더 다양한 활약과 변화된 모습 보여 주길 응원하며 기대할게요."
JC35hy4u1mo,"AI 디지털교과서(AIDT), 도입해야할까? ｜토론으로 알아보는 교육정책",@오철교-j8u,고교학점제 관련 토론을 기대하겠습니다
JC35hy4u1mo,"AI 디지털교과서(AIDT), 도입해야할까? ｜토론으로 알아보는 교육정책",@slacker3512,"학생들이 AIDT에 대한 자신의 생각을 논리적으로 표현하고 토론하는 모습이  정말 보기 좋았습니다. 👍
특히 서책형 교과서와 디지털 교과서의  장단점을  객관적으로  비교하고,  사회적  합의의  중요성을  언급한  부분이  인상  깊었습니다.
코로나19  팬데믹  이후  디지털  교과서  활용이  늘어나면서  학생들의  문해력  저하  문제가  제기되고  있는데,  이에  대한  우려를  표명하고  
서책형  교과서의  필요성을  강조한  것은  매우  시의적절 했다고  생각합니다.
앞으로도  이처럼  다양한  교육  주제에  대한  토론  영상을  통해  학생들의  생각을  듣고,  교육  현장의  목소리를  반영하는  콘텐츠를  만들어  주시면 감사하겠습니다
다음 주제로는 대학방식 처럼 수업을 찾아서 듣는 학점제 방식 도입에 대해서 한번 검토해봐야 되지 않을 까요?"
JC35hy4u1mo,"AI 디지털교과서(AIDT), 도입해야할까? ｜토론으로 알아보는 교육정책",@몽글이-u1,"AI 디지털 교과서에 대한 토론 잘 봤습니다. 
학생들에게 맞춤형 교육이 가능해서 학습효율을 높일수 있을것 같아요
다음 주제는 고교학점제에 대해 다뤘으면 좋겠어요. 어떤 생각을 갖고 있는지 궁금하네요"
JC35hy4u1mo,"AI 디지털교과서(AIDT), 도입해야할까? ｜토론으로 알아보는 교육정책",@남다름-t4o,"AI 교과서에 대한 열띤 토론 재미있게 잘 감상했습니다!!  AI 디지털 교과서 도입이 단순한 기술적 문제가 아니라 교육의 본질, 평등, 학생의 건강 등 다양한 측면을 고려해야 하는 복잡한 문제임을 알 수 있었습니다.
요즘 디지털 리터러시 교육이 많이 중요시 되는 것 같아요. 무분별한 정보 속에서 신뢰할 수 있는 정보를 구별하고 활용하는 능력이 중요해지기 때문이지요~ 디지털 리터러시를 필수 과목으로 지정해야 하는가, 아니면 선택 과목으로 두어야 하는가에 관한 토론을 하면 좋을 것 같아요!!"
JC35hy4u1mo,"AI 디지털교과서(AIDT), 도입해야할까? ｜토론으로 알아보는 교육정책",@user-ft8bl3my2h,"다양한 관점에서의 AI 디지털교과서이 대한 생각을 들어볼 수 있는 시간이었어요. 유익한 영상 감사합니다.
대한민국과 일본, 중국의 입시 정책에 대한 차이에 대해 보고 싶어요. ㅎㅎ!!
앞으로도 더 많은 사람들에게 사랑 및 관심을 받을 수 있기를 응원할게요."
JC35hy4u1mo,"AI 디지털교과서(AIDT), 도입해야할까? ｜토론으로 알아보는 교육정책",@이용-l6f,역시역시 건강한토론
JC35hy4u1mo,"AI 디지털교과서(AIDT), 도입해야할까? ｜토론으로 알아보는 교육정책",@아남카라-r3r,"진로 탐색 학기제 도입에 대해서 토론해 보면 좋을듯 ! 
중·고등학교에서 한 학기를 진로 탐색에 집중하도록 하는 제도의 도입에 대한 이야기가 
많이 나올수 있겠어요 ! 
학생의 진로에 대한 자율성과 실제 학업 성취도의 중요성을 비교하며 토론할 수 있어요."
JC35hy4u1mo,"AI 디지털교과서(AIDT), 도입해야할까? ｜토론으로 알아보는 교육정책",@드리미-l2h,Al 디지털교과서에 대해 다양한 생각을 들을 수 있어 좋았어요! 각자 솔직한 의견을 담아 제대로 주장하는 모습이 공감있게 다가왔네요. 다들 논리있고 조리있게 말하니까 보기 좋고 앞으로 정책을 반영할때 잘 참고하길 바랄게요. 다음에 토론하면 좋을 교육정책으로 고교학점제를 제안해요. 학생들 자율과 선택의 폭이 커지는 반면에 특정과목의 쏠림현상이 두드러진다는 우려가 있는데 우리 학생들 생각은 어떤지 궁금해요^^
JC35hy4u1mo,"AI 디지털교과서(AIDT), 도입해야할까? ｜토론으로 알아보는 교육정책",@티니-b5c,미래의 교육에서 AI가 차지할 역할은 어떻게 변화할지에 대한 토론도 좋을것같아요!
JC35hy4u1mo,"AI 디지털교과서(AIDT), 도입해야할까? ｜토론으로 알아보는 교육정책",@hyungjan,"AI디지털 교과서에 대한 다양한 관점에서 토론을 하는것을 보면서 생각의 폭이 넓어지는거 같아요.
다음 토론주제로 온라인 수업확대와 오프라인 수업의 균형에 대해 논의하면 좋을거 같아요. 온라인 수업은 유연한 학습환경을 제공하지만 오프라인 수업은 상호작용과 집중력향상에 중요한 역활을 하고 있기에 시대에 따라서 변화하는 수업의 변화에 대해 이야기 해보면 좋을거 같습니다."
JC35hy4u1mo,"AI 디지털교과서(AIDT), 도입해야할까? ｜토론으로 알아보는 교육정책",@myl5497,"AI디지털 교과서 관련 다양하고 다채로운 의견들과 생각 그리고 의견 교환등 두루두루 덕분에 잘 시청했습니다.

만약 여건이 된다면 다음번에는 조기 유학에대한 학생들의 생각을 들어보고 싶습니다.
조기유학이라서 좋은점, 조기유학이라서 나쁜점 관련하여 활발하고 적극적인 열린 소통의 장 기대 많이 해보겠습니다."
JC35hy4u1mo,"AI 디지털교과서(AIDT), 도입해야할까? ｜토론으로 알아보는 교육정책",@Jihyega,"AI 디지털교과서 찬반 토론 잘 들었습니다.
절대 평가와 상대 평가에 대해서 토론하면 좋겠습니다."
JC35hy4u1mo,"AI 디지털교과서(AIDT), 도입해야할까? ｜토론으로 알아보는 교육정책",@1225kkamicoma,"내신 5등급제에 대해 토론해 보면 좋을 것 같아요.
학생들의 생각도 궁금하네요~"
JC35hy4u1mo,"AI 디지털교과서(AIDT), 도입해야할까? ｜토론으로 알아보는 교육정책",@choiyoojinn,"AI디지털교과서 토론 재밌네요~ 학생들이 정말 똑똑하게 말도 잘하고..! 저도 생각이 이랬다가 저랬다가 자꾸 설득당하게 됩니다..ㅎㅎ 저는 아직은 그래도 종이책이 더 필요하는 입장이어서요... 글쎄 아직은 AI교과서 도입은 좀 이르지 않을까 싶은 마음입니다 ㅠㅠ 
다음 토론은 그저 외우기만 하는 공부 방식에 대해서 해보면 좋을 것 같습니다! 아직도 다양한 과목들에서 선생님들이 그냥 외워! 라는 이야기를 많이 하시거든요... 학생들이 어떻게 생각할지 너무 궁금합니다!"
JC35hy4u1mo,"AI 디지털교과서(AIDT), 도입해야할까? ｜토론으로 알아보는 교육정책",@zzazzala3,"AI 디지털 교과서를 주제로 한 토론 영상을 너무 흥미롭게 잘 봤습니다.
과거에는 교재와 교사가 중심이 되어 지식을 전달하는 방식이 주를 이루었다면, 이제는 AI와 디지털 도구들이 학습의 패러다임이 변화된다는건 자연스러운 변화라고 생각해요.
특히 고등학생 패널들이 직접 참여해 찬성 측과 반대 측으로 나뉘어 자신들의 의견을 개진하고 설득과 경청, 공감을 통해 서로의 주장을 주고받는 과정을 들으면서 서로의 의견도 일리가 있다는게 느껴지지만 저는 찬성에 한 표를 주고 싶네요.
앞서 말했듯이 교육의 변화는 필연적이며, 이번 주제인 AI 디지털 교과서를 통해서 학생 개개인의 맞춤형 교육을 가능하게 하고, 데이터를 통해 학습 성향을 파악하여 더 효과적인 수업 설계를 할 수 있다는 점에서 미래 교육으로 나아가는 출발점이 될 것 같아요.. 디지털 교과서로 학습자의 다양성을 반영하고 효율적인 교육, 그리고 자신이 원하는 교육까지 배울 수 있다는게 가장 큰 장점!
이번 토론도 너무 재미있게 시청했습니다.

다음에는 고교학점제와 관련된 토론이 있었으면 좋겠습니다.
대학처럼 자기주도로 원하는 수업을 선택할 수 있다는 점에서 학생들의 학습 동기와 진로 설계에 큰 도움이 될 수 있을 것 같습니다
하지만, 학교 간 자원 불균형과 과목 선택에 따른 학습 격차, 교사의 수업 준비 부담 등 여러 문제점도 제기되고 있는만큼 이 주제를 토론으로 학생들의 자기주도적 학습 능력을 강화하면서도, 공정성과 실효성을 어떻게 보장할지에 대해 깊이 있는 이야기를 나눠보았으면 좋겠어요."
-4vkoutI3MQ,AI 디지털교과서를 활용한 교사가 이끄는 교실혁명!!,@연산기계한국초딩들,"게임 같은 화려한 전개,캐릭터가 튀어나와 칭찬하는 화면 등 흥미 위주의 비디오 자극에 아이들 뇌가 무뎌질까 패드학습지 안시켰다.근데 학교에서 강제하네.."
-4vkoutI3MQ,AI 디지털교과서를 활용한 교사가 이끄는 교실혁명!!,@Korea989,"교사는 학생의 이해도를 실시간으로 확인하 고, 필요한 경우 자료를 바로 보완하거나 개별 학습을 지도 할 수 있겠네요. 이는 전통적인 교과서로는 어려웠던 맞춤형 수 업을 가능하게 해줄거예요"
-4vkoutI3MQ,AI 디지털교과서를 활용한 교사가 이끄는 교실혁명!!,@오예스-e5h,요즘에는 사교육도 AI디지털교육을 하는데 공교육은 옛날 방식만을 고집해서는 안된다고 생각합니다. 법과 제도로 발전을 막기 보다는 보완해 나가며 발전시켜 나갔으면 좋겠습니다.
-4vkoutI3MQ,AI 디지털교과서를 활용한 교사가 이끄는 교실혁명!!,@SHINHYEJIN1000,😈
HoNVW_rzqsY,"[다시보기] 시범운영도 없이 도입된 AI디지털교과서...감사원 ""준비 부족""-12월 17일 (수) 풀영상 [이슈현장] / JTBC News",@하늘아래-p6s,고교학점제도 그렇고 대체 이나라는 학생들이 마루타냐?  교육의주체 학생이라 교육청에서는 떠들면서 학생들을 제일 만만하게 보지않으면 교육정책이 매번 이딴식인거냐   제정신아닌 교육부 교육청 없애버려라
e1B7xhJgg28,AI 디지털교과서 반년 만에 퇴출‥교육계는 혼란 (2025.08.07/뉴스데스크/제주MBC),@ridia2024,이게 무슨 인공지능이라는 거지? 프로그램 수준이 기존 앱 수준을 못 벗어난 것 같은데? 그리고 얘들 학교에서 인터넷 안배웠다. 이건 생활 기술이지 교육이 아니다.
e1B7xhJgg28,AI 디지털교과서 반년 만에 퇴출‥교육계는 혼란 (2025.08.07/뉴스데스크/제주MBC),@esook73,"ai교과서 
눈버려 
머리 단순해져 
영상을 볼때 필요한때만 보면되지
주가 되면 안됩니다"
e1B7xhJgg28,AI 디지털교과서 반년 만에 퇴출‥교육계는 혼란 (2025.08.07/뉴스데스크/제주MBC),@햇살최가진,교육계가 왜 혼란? 디지털하기 전 대로 하면 되지.
e1B7xhJgg28,AI 디지털교과서 반년 만에 퇴출‥교육계는 혼란 (2025.08.07/뉴스데스크/제주MBC),@prupri02,"그런데도 경기도 교육감은 대책으로 서논술형 수행평가를  ai로 하겠다고 하더라고요. 갑자기 ai로 평가를 하겠다니... ai가 평가한 평가점수가 내신에 반영되는건데 이렇게 졸속으로 도입해도 되나요? 
고교학점제 첫 시행으로 고등학교는 지금도 충분히 힘든데 더 혼란만 가중될겁니다. 
경기도 고1 학부모인데 경기도 교육청 정책때문에 타지역으로 이사가고 싶습니다. 
고등학생 아이들이 실험대상이 아닙니다. 좋은 취지는 이해하지만 갑자기 도입하면 학교 선생님도 학생도 혼란스럽습니다. 
Ai평가는 충분히 몇년동안 시범과 연구를 해보고 완전히 문제점이 없는지 확인해 본 후 도입해주세요. 아이들을 외국으로 유학보내지 못한게 미안할 정도입니다. 제발 부디 졸속으로 교육정책 도입하지 말고 충분한 연구기간을 가지고 사회적합의를 마친후 도입해주세요."
e1B7xhJgg28,AI 디지털교과서 반년 만에 퇴출‥교육계는 혼란 (2025.08.07/뉴스데스크/제주MBC),@goqkfkrl-f6c,"학부모 입장에서 지금이라도 디지털 교과서를 퇴출하게 된 건 너무나 잘한  결정이라고 봐요.
초등 저학년까지는 가능한 디지털 기기나 스마트폰 컴퓨터 사용을 자제하는 것이 우리 아이들을 위하는 길이라고 봐요.
책을 읽으며 생각해보고 직접 손 글씨를 써 보는 과정이 정말 중요 하다고 봐요."
e1B7xhJgg28,AI 디지털교과서 반년 만에 퇴출‥교육계는 혼란 (2025.08.07/뉴스데스크/제주MBC),@음악_한스푼,교육 목적이 아니라 헤쳐먹을 목적이었겠지.. 잘 알아봐야 합니다..
e1B7xhJgg28,AI 디지털교과서 반년 만에 퇴출‥교육계는 혼란 (2025.08.07/뉴스데스크/제주MBC),@jay0920-w7o,애들 활자 읽고 쓰고 듣고 제발
e1B7xhJgg28,AI 디지털교과서 반년 만에 퇴출‥교육계는 혼란 (2025.08.07/뉴스데스크/제주MBC),@ScaryCamp,이명박계 뉴라이트 이주호 압수수색해야합니다. 솔직히 이주호가 리박스쿨의 핵심중 한명이라고봅니다.😮
e1B7xhJgg28,AI 디지털교과서 반년 만에 퇴출‥교육계는 혼란 (2025.08.07/뉴스데스크/제주MBC),@yeumyeum-y4l,원래 책을 전혀 안 보던 것도 아닌데 혼란이 뭐가 커져~ ai 책 보다가 갑자기 고3되서 수능 지문보면 적응이 되겠나 😑
e1B7xhJgg28,AI 디지털교과서 반년 만에 퇴출‥교육계는 혼란 (2025.08.07/뉴스데스크/제주MBC),@은반복두,"모두가 반대하던거 강제로 진행시킨 윤석열, 교육부 진상조사해라. 특히 태블릿 납품업체, 소프트웨어 제작 업체들 싹다 털어야됨. 업체 몇개 안되서 백퍼 유착관계로 단합하고 진행한거다."
e1B7xhJgg28,AI 디지털교과서 반년 만에 퇴출‥교육계는 혼란 (2025.08.07/뉴스데스크/제주MBC),@old_citypop,아이들 어릴 때 종이책을 보는 습관을 키워주는게 필요합니다
e1B7xhJgg28,AI 디지털교과서 반년 만에 퇴출‥교육계는 혼란 (2025.08.07/뉴스데스크/제주MBC),@sir-kim-97,"ㅋㅋㅋㅋ 자격증 공부할 때 E북이랑 책 둘 다 사용해본 입장에선 밖에서 간단히 보기엔 E북이 좋지만 책이 확실히 가독성이랑 학습력이 높음
책이 좋단 말이야"
e1B7xhJgg28,AI 디지털교과서 반년 만에 퇴출‥교육계는 혼란 (2025.08.07/뉴스데스크/제주MBC),@haja-o6z,와 선지급 이것들이 나라돈 빼돌렸네
e1B7xhJgg28,AI 디지털교과서 반년 만에 퇴출‥교육계는 혼란 (2025.08.07/뉴스데스크/제주MBC),@kmsyop112,혼란?  대부분 학교가 안쓴다. 교사들도 대부분 반대였고
e1B7xhJgg28,AI 디지털교과서 반년 만에 퇴출‥교육계는 혼란 (2025.08.07/뉴스데스크/제주MBC),@hiteshkumar-kn8sc,"학부모들이 반대해도 강행한거보면 뒷돈 받아먹었을거라 봤다
나도 학부모인데 이미 핸폰과 컴으로 영상 많이 보며 학교에서 영상 필요시 많이 보고 있다
굳이 교과서를 없앤다는건 반대한다"
e1B7xhJgg28,AI 디지털교과서 반년 만에 퇴출‥교육계는 혼란 (2025.08.07/뉴스데스크/제주MBC),@mk-rb8mc,책이 진리죠
e1B7xhJgg28,AI 디지털교과서 반년 만에 퇴출‥교육계는 혼란 (2025.08.07/뉴스데스크/제주MBC),@류영훈-n1i,"저게 무슨 AI???
참 4차 산업 시대에
손바닥으로 하늘을 가려라.."
e1B7xhJgg28,AI 디지털교과서 반년 만에 퇴출‥교육계는 혼란 (2025.08.07/뉴스데스크/제주MBC),@jmLim_,"또 돈만 날렸네...
태블릿 수업 그렇게 안좋다고 외국에서 이미 증명되었건만
귓등으로도 안듣는 석열이무리들..ㅉㅉ"
e1B7xhJgg28,AI 디지털교과서 반년 만에 퇴출‥교육계는 혼란 (2025.08.07/뉴스데스크/제주MBC),@goqkfkrl-f6c,"컴퓨터나 디지털 기기 사용은 초등 고학년 이후에 시작해도 충분하다고 봐요.
디지털기기에 많이 노출된 아이들은 생각을 하지 않으려 하고 조금 복잡하고 사고를 요하는 문제를 접하면 바로 포기해버리는 경향이 있다고 해요.
유럽의 사례를 보더라도 디지털 교과서를 사용 한 아이들의 사고력과 학력이 크게 저하 되었다는 결과가 이런 현상을 보여 주는 것 같아요."
e1B7xhJgg28,AI 디지털교과서 반년 만에 퇴출‥교육계는 혼란 (2025.08.07/뉴스데스크/제주MBC),@성이름-x9c7q,"AI시대는 중요하지만 모든걸 다 디지털화 할필요는 없음. 아이들 가뜩이나 스마트폰 중독인데 교과서까지 탭으로 하는게 어질어질함
글씨를 쓰고 책을 보는건 굉장히 중요하다.. 전자책이랑 실물책을 병행해서 읽던가 해야지.."
e1B7xhJgg28,AI 디지털교과서 반년 만에 퇴출‥교육계는 혼란 (2025.08.07/뉴스데스크/제주MBC),@피비쿠이,"늘봄이나어떻게해봐라
아ㅜ학교에서난리다"
e1B7xhJgg28,AI 디지털교과서 반년 만에 퇴출‥교육계는 혼란 (2025.08.07/뉴스데스크/제주MBC),@댓글조작원,저게 ai 면 응용프로그램 전부 다 ai다.
e1B7xhJgg28,AI 디지털교과서 반년 만에 퇴출‥교육계는 혼란 (2025.08.07/뉴스데스크/제주MBC),@haja-o6z,제주도가 분위기 몰랐나? 디지털교과서 학부모랑 교사 다 반대심하고 이주호혼자 밀어붙여서 비리도 의심됐는데 정권바뀜 퇴출될거 예상했는데 ㅜ
e1B7xhJgg28,AI 디지털교과서 반년 만에 퇴출‥교육계는 혼란 (2025.08.07/뉴스데스크/제주MBC),@mE-http1qo,"책교과서로 중심
국어역사도덕기본
수학과학정치경제 기본 
나머지 선택"
e1B7xhJgg28,AI 디지털교과서 반년 만에 퇴출‥교육계는 혼란 (2025.08.07/뉴스데스크/제주MBC),@littlecloud78,교사는 정치적 중립 요구하고 교육공무원은 국당 성향이든 상관없고…. 뉴라이트 돈 벌이 수단이었겠지.
e1B7xhJgg28,AI 디지털교과서 반년 만에 퇴출‥교육계는 혼란 (2025.08.07/뉴스데스크/제주MBC),@토마토-x3o,아주아주 좋은 소식이야!
e1B7xhJgg28,AI 디지털교과서 반년 만에 퇴출‥교육계는 혼란 (2025.08.07/뉴스데스크/제주MBC),@henrychang7774,혼란? 무슨 혼란?
e1B7xhJgg28,AI 디지털교과서 반년 만에 퇴출‥교육계는 혼란 (2025.08.07/뉴스데스크/제주MBC),@youyouo493,아이들 안그래도 통제 안되는데 죄다 스마트폰 컴퓨터...애가 바보된다. 그리고 얼어죽을 무슨AI 타령이고. 이걸로 해처먹은 것들 죄사 구속수사해야함.
e1B7xhJgg28,AI 디지털교과서 반년 만에 퇴출‥교육계는 혼란 (2025.08.07/뉴스데스크/제주MBC),@ufoufpucjcu,벽돌 반납
e1B7xhJgg28,AI 디지털교과서 반년 만에 퇴출‥교육계는 혼란 (2025.08.07/뉴스데스크/제주MBC),@K-Education_Real,Ai라고 이름 붙이면 좋아 보인다.
e1B7xhJgg28,AI 디지털교과서 반년 만에 퇴출‥교육계는 혼란 (2025.08.07/뉴스데스크/제주MBC),@hho-p1v,잘된거지. 안그래도 교과서에 디지털수업들어와 멍청한애들 더멍청해지는와중에..디치털은 최대한 늦게접하는게 그나마 덜멍청해지는길
e1B7xhJgg28,AI 디지털교과서 반년 만에 퇴출‥교육계는 혼란 (2025.08.07/뉴스데스크/제주MBC),@MrOhjongho,후진국
e1B7xhJgg28,AI 디지털교과서 반년 만에 퇴출‥교육계는 혼란 (2025.08.07/뉴스데스크/제주MBC),@roisadhks4071,"디지털 교과서를 왜 막아선 에휴. 안 좋은점이 있으면 보안하고 수정하면 되지 그걸 무조건 막아서는게 어떻게 국민과학생을 위한 거냐 지금이 무슨 20세기인줄 아냐 중국도 ai수업로 하고 있고 여러나라들도 ai수업시간을 늘리고 있는데 에휴..
디저털 중독 보안법: 손 글쓰는 시간과 ai학습시간을 조합할만한 수업을 만들면 된다. 
악성댓글 법정소송강력대응"
e1B7xhJgg28,AI 디지털교과서 반년 만에 퇴출‥교육계는 혼란 (2025.08.07/뉴스데스크/제주MBC),@청헌-m1v,전과4범도 대통령하는 나란디. 이게 나라냐?
e1B7xhJgg28,AI 디지털교과서 반년 만에 퇴출‥교육계는 혼란 (2025.08.07/뉴스데스크/제주MBC),@Conaninwonderland,"집에서는 휴대폰 보게하고 학교에서만 컴퓨터를 사용 못하게 해? 그건 무슨놈의 멍청한 위선이야? 그렇게 휴대폰 보게 하는게 안 좋으면 민주당 시켜서 초등학생 휴대폰 사용을 불법으로 하던가.정권 바뀌면서 이렇게 이미 잘 하던거 멈추고, 투자한 돈 날려먹고 하는식으로 돈 낭비하면 이재명은 좋아할까? 이왕 시작한거 AI시대에 제대로 잘 배우게 연속성있게 개선을 할 생각을 좀 했으면 좋겠음."
e1B7xhJgg28,AI 디지털교과서 반년 만에 퇴출‥교육계는 혼란 (2025.08.07/뉴스데스크/제주MBC),@Devil-oc4pv,이야 진짜 AI교과서만 아니였으면 애들은 수업시간에 자겠다 ㅉㅉㅉ
LKQITkR1SRg,"AI 디지털교과서 '교육자료' 격하에…발행사들 ""헌법소원 불사"" / EBS뉴스 2025. 08. 06",@peterjeong3220,"폐기가 아니라 교육 자료로 쓸 수 있다는 것인데, 무엇이 문제인지... ㅉㅉ  대충 만들어서  매년  폭리를 취할 수 있다는 샴페인 터트린 것들이 문제지."
LKQITkR1SRg,"AI 디지털교과서 '교육자료' 격하에…발행사들 ""헌법소원 불사"" / EBS뉴스 2025. 08. 06",@jenu6713,교과서일 때도 학교현장에서 채택율이 30%밖에 안되는데 무슨 검증을 더 해달라는거지? 그렇게 좋다면 현장에서 외면 받았겠나? 학교가 실험도구냐?
LKQITkR1SRg,"AI 디지털교과서 '교육자료' 격하에…발행사들 ""헌법소원 불사"" / EBS뉴스 2025. 08. 06",@김현정-q8i6q,이주호하고 얘기해야지
LKQITkR1SRg,"AI 디지털교과서 '교육자료' 격하에…발행사들 ""헌법소원 불사"" / EBS뉴스 2025. 08. 06",@대충라고말하는댓글,애초에 AI도 아니었음. 그냥 디지털 자료였지
LKQITkR1SRg,"AI 디지털교과서 '교육자료' 격하에…발행사들 ""헌법소원 불사"" / EBS뉴스 2025. 08. 06",@1CE8EAR,역시 교과서는 종이책이 짱임
LKQITkR1SRg,"AI 디지털교과서 '교육자료' 격하에…발행사들 ""헌법소원 불사"" / EBS뉴스 2025. 08. 06",@Fuelcellkor,어쭈? 교과서 계획대로 잘 만들어 졌는지 탈탈 털어보자
LKQITkR1SRg,"AI 디지털교과서 '교육자료' 격하에…발행사들 ""헌법소원 불사"" / EBS뉴스 2025. 08. 06",@화룡-탑,이전 교육부 장관ㅔ게...목소리를
LKQITkR1SRg,"AI 디지털교과서 '교육자료' 격하에…발행사들 ""헌법소원 불사"" / EBS뉴스 2025. 08. 06",@jacktwomc3305,"Kompas ai 쓰던가 네이버 ai쓰던가
재미니에이아이 써도 됐자나?
돈벌라고 사기같은 저품질 교과서를 만들어놓고 정부책임 이라니.."
LKQITkR1SRg,"AI 디지털교과서 '교육자료' 격하에…발행사들 ""헌법소원 불사"" / EBS뉴스 2025. 08. 06",@liiliiiilliilil,정부가 개발하라고 하고 약속과 다르니 업체야 당연히 할 말이 있지ㅋㅋ 이 사달이 난 건 교육부가 멍청했기 때문이다
LKQITkR1SRg,"AI 디지털교과서 '교육자료' 격하에…발행사들 ""헌법소원 불사"" / EBS뉴스 2025. 08. 06",@donglee-cj2dg,학교에서는 책을 쓰고 개인들에게 팔게 해라. AI 교과서도 이점이 있어 영어 교육에는 올바른 발음을 쉽게 많이 들어볼수 있다.
QqBYIYTDHuQ,AI 디지털교과서' 어떻게 쓰나?…영어·수학 수업 참관해 보니｜지금 이 뉴스,@하-x5l,Ai 전에도 저 정도 스마트기기 이용한 수업은 이미 하고 있었음. 능력도 없는 정부가 일만 크게 벌릴려고 입으로 떠벌려놓고서 유기했음ㅡㅡ
QqBYIYTDHuQ,AI 디지털교과서' 어떻게 쓰나?…영어·수학 수업 참관해 보니｜지금 이 뉴스,@쁘아-d4p,디지털교과서는 AI랑 아무 상관없음 그저 이주호장관의 에듀 테크의 돈만 연결되있음
QqBYIYTDHuQ,AI 디지털교과서' 어떻게 쓰나?…영어·수학 수업 참관해 보니｜지금 이 뉴스,@neopcs,이딴거 하는데 세금 1조... 교육부장관은 정말 처벌해야한다.
QqBYIYTDHuQ,AI 디지털교과서' 어떻게 쓰나?…영어·수학 수업 참관해 보니｜지금 이 뉴스,@예레니카-f9g,취재하니까 아이들이 집중해 주는거지 실제론 난리다 딴짓하고
QqBYIYTDHuQ,AI 디지털교과서' 어떻게 쓰나?…영어·수학 수업 참관해 보니｜지금 이 뉴스,@Ladaengi,AI 업체에서 얼마나 받아 처먹었으면 별거도 아닌걸로 이렇게 판을 키워서 놓았을까
QqBYIYTDHuQ,AI 디지털교과서' 어떻게 쓰나?…영어·수학 수업 참관해 보니｜지금 이 뉴스,@soonabae6652,"수학문제 풀다보면 자리가 모자라서 두세장 썼다지우고 고치고 하는데 , 공부 안해본 사람이 만든듯"
QqBYIYTDHuQ,AI 디지털교과서' 어떻게 쓰나?…영어·수학 수업 참관해 보니｜지금 이 뉴스,@별빛달빛-p9z,"학원 영어 온라인숙제  수업만 해도
우리집 두아이 시력이 엄청 떨어졌는데.
참..개판이네.
우리나라 교육현실도 방향성도
완전 개판.
디지털은 컴퓨터 시간으로 따로해라."
QqBYIYTDHuQ,AI 디지털교과서' 어떻게 쓰나?…영어·수학 수업 참관해 보니｜지금 이 뉴스,@재호정-j4o,아이들은 지금도 스마트폰만보는데 학교에서 까지 꼭 저렇게 해야하나 ᆢ검증이더 필요한것 같은데ᆢ
QqBYIYTDHuQ,AI 디지털교과서' 어떻게 쓰나?…영어·수학 수업 참관해 보니｜지금 이 뉴스,@HibikeQuantum,맨날 AIAI 하길래 뭔가봤더만 그냥 디지털화된 교실인거네 에효 이거 가지고 무슨 AI에이전트 시대를 대비함?
QqBYIYTDHuQ,AI 디지털교과서' 어떻게 쓰나?…영어·수학 수업 참관해 보니｜지금 이 뉴스,@서고동저,종이 교과서가 좋습니다. 저거 세금 낭비 입니다.
QqBYIYTDHuQ,AI 디지털교과서' 어떻게 쓰나?…영어·수학 수업 참관해 보니｜지금 이 뉴스,@찰스찰스찰스,아이들은 성장기인대 교과서가 아닌 태블릿이나 노트북으로 장기간 한다면 시력에 엄청 안좋을것입니다 특히 안구건조증은 기본이고 시력악화는 덤으로 갑니다
QqBYIYTDHuQ,AI 디지털교과서' 어떻게 쓰나?…영어·수학 수업 참관해 보니｜지금 이 뉴스,@oxford_shirt,"태블릿으로 수학문제 푸는거 되게 불편해보임... 초등학생들인데
굳이 저렇게까지 해야되나 ;;
종이에다 푸는게 더 편할텐데..."
QqBYIYTDHuQ,AI 디지털교과서' 어떻게 쓰나?…영어·수학 수업 참관해 보니｜지금 이 뉴스,@treew03,요즘 스마트폰 스마트교과서 스마트기기가 너무 많다보니 아이가 연필을 잡고 글을 쓰는걸 너무 힘들어 함..우리 아이만 그런건지..
QqBYIYTDHuQ,AI 디지털교과서' 어떻게 쓰나?…영어·수학 수업 참관해 보니｜지금 이 뉴스,@집현국어,학교는 놀고 학원은 공부하고...............선생들이 아깝다.......
QqBYIYTDHuQ,AI 디지털교과서' 어떻게 쓰나?…영어·수학 수업 참관해 보니｜지금 이 뉴스,@goo041653,진짜 돈 낭비가 따로 없다!!!
QqBYIYTDHuQ,AI 디지털교과서' 어떻게 쓰나?…영어·수학 수업 참관해 보니｜지금 이 뉴스,@thatofmy8550,"도입 했던 국가들도 부작용으로 종이 교과서로 돌아갔는데

이 무슨 무지성 교육행정이냐?"
QqBYIYTDHuQ,AI 디지털교과서' 어떻게 쓰나?…영어·수학 수업 참관해 보니｜지금 이 뉴스,@신-u9n,AI 가 어디?
QqBYIYTDHuQ,AI 디지털교과서' 어떻게 쓰나?…영어·수학 수업 참관해 보니｜지금 이 뉴스,@바이넥-f5i,개판이네
QqBYIYTDHuQ,AI 디지털교과서' 어떻게 쓰나?…영어·수학 수업 참관해 보니｜지금 이 뉴스,@bmx7007,"보자마자 화가 치밀어 오르네
코로나때도. 숨막히게. 한것도
 모자라서
안그래도 스마트폰 중독이 된 아이들한테.  뭐하는짓들인지
교육부.  탐욕에
애들 망쳐놓고들 있네
점점줄어드는 아이들한테
더 열정을 쏟고 해도 모자를 판에
분위기가. 더 성의도없고 정신없어
 더 산만헤질거 같다
공부는 종이착과 연필로
하는게.   차분한 분위기에서 집중도
훨씬 잘될거 같다"
QqBYIYTDHuQ,AI 디지털교과서' 어떻게 쓰나?…영어·수학 수업 참관해 보니｜지금 이 뉴스,@meiyoon9311,"4월 중순인데... 아직도 사용 안하고 있습니다...
지난 주 학부모 정보동의 연락왔는데
한 학년에 한명이라도 정보동의 안하면 사용 못한답니다....

그런데 담임선생님도 모르고계세요...

현장에서 사용 할 계획이 없다는거겠죠.

수업은 3월부터 종이 교과서로 하고 있었답니다.

학년 당 한학기 약 1000만원돈이 살살 녹네요....
전국단위면 도대체 얼마인건지..."
QqBYIYTDHuQ,AI 디지털교과서' 어떻게 쓰나?…영어·수학 수업 참관해 보니｜지금 이 뉴스,@paulcho3235,그냥 스마트기기 쓰는 거지 ai랑은 별로 상관 없어 보이는데...
QqBYIYTDHuQ,AI 디지털교과서' 어떻게 쓰나?…영어·수학 수업 참관해 보니｜지금 이 뉴스,@김은지-r1b7h,"'어두운 곳에서 책 보면 눈 나빠진다.', 'TV 가까이서 보면 눈 나빠진다.'란 두 말 모두 어렸을 때 참 많이 들었어요.
종이던 디지털화면이던 어두운 곳에서 너무 가까이에서 오래 보지 않도록만 해주면 좋겠네요"
QqBYIYTDHuQ,AI 디지털교과서' 어떻게 쓰나?…영어·수학 수업 참관해 보니｜지금 이 뉴스,@wikfdmldsfuh,가뜩이나 성장기인 애들한테  전자파 노출되는데 스마트폰도 안좋은데... ai디지털교과서는 걍 애들 건강관리에 대한 의무를 무시하는 교육청의 직무유기임...
QqBYIYTDHuQ,AI 디지털교과서' 어떻게 쓰나?…영어·수학 수업 참관해 보니｜지금 이 뉴스,@goodday834,"아이가 AI 교과서에 반대합니다 눈이 너무 피곤하대요 밝은 화면을 계속해서 쳐다보는거 눈에 안좋아서 저는 반대하고 아이들 문해력도 약화시켜서 결코 좋다고 볼수 없습니다 

문제 풀이나 이해를 높이기 위한 보조역할로 사용하는건 찬성합니다"
QqBYIYTDHuQ,AI 디지털교과서' 어떻게 쓰나?…영어·수학 수업 참관해 보니｜지금 이 뉴스,@김지원-i1h,걍 '테블릿 교과서'일뿐이잖아 뭐가 AI임?
QqBYIYTDHuQ,AI 디지털교과서' 어떻게 쓰나?…영어·수학 수업 참관해 보니｜지금 이 뉴스,@총명이랑행복이,종이책으로 돌려주세요~제발
QqBYIYTDHuQ,AI 디지털교과서' 어떻게 쓰나?…영어·수학 수업 참관해 보니｜지금 이 뉴스,@Hiimmingkkong,아 진짜 테블릿 수업 제발 안하면 안됄까요 정말 너무 걱정스럽고 싫어요........
QqBYIYTDHuQ,AI 디지털교과서' 어떻게 쓰나?…영어·수학 수업 참관해 보니｜지금 이 뉴스,@user-zw1xy1ym5i,촬영하니까 협조 잘 해주네..저거 조작하느라고 애들 산만해지고 집중력 나락간다. 전자파에 눈 나빠지고.. 핸드폰 하느라 안그래도 책 안읽는 애들이 태반인데 교육부 정신 좀 차려라
QqBYIYTDHuQ,AI 디지털교과서' 어떻게 쓰나?…영어·수학 수업 참관해 보니｜지금 이 뉴스,@equus7503,차라리 고등학교 교과서 학습지를 pdf로 하는게 더 도움 될듯
QqBYIYTDHuQ,AI 디지털교과서' 어떻게 쓰나?…영어·수학 수업 참관해 보니｜지금 이 뉴스,@mintaroma86,담임의 역량에따라.  교육수준이 달라질듯
QqBYIYTDHuQ,AI 디지털교과서' 어떻게 쓰나?…영어·수학 수업 참관해 보니｜지금 이 뉴스,@gpflsdntjd,"장점만 부각 시키면 안된다! 아이들을 가르쳐서 아는데 AI교과서는 아이들이 직접 혼자서 배운걸 익히고 임계점까지 끌어올리는데 사실 아무 도움 안된다. 글쎄 모둠수업이나 프로젝트수업 필요할때 빼고는... 아이들이 글을 읽지 못한다.  모국어니까 눈으로  읽지만, 정작 이해하고 분석해서 구조화시키는 과정을 거의 해내는 아이들이 없다.  잘하는 아이가 글쎄 좋게 생각해도  8% ?  5%?  교과서는 반드시 필요하다."
QqBYIYTDHuQ,AI 디지털교과서' 어떻게 쓰나?…영어·수학 수업 참관해 보니｜지금 이 뉴스,@현준송-t4n,왜 또 여론몰이 할라고?
QqBYIYTDHuQ,AI 디지털교과서' 어떻게 쓰나?…영어·수학 수업 참관해 보니｜지금 이 뉴스,@unknown.1258,저딴거 쓰라 할거면 적어도 펜 있는 기종으로 좀 해줘라… 문제 풀 때 ㅈㄴ불편함
QqBYIYTDHuQ,AI 디지털교과서' 어떻게 쓰나?…영어·수학 수업 참관해 보니｜지금 이 뉴스,@umbrella_for_you,현역으로써 저거는 진짜 할게 못됨
QqBYIYTDHuQ,AI 디지털교과서' 어떻게 쓰나?…영어·수학 수업 참관해 보니｜지금 이 뉴스,@쟈스-p6k,수학 배워가는 것도 버거운데.. 디지털 기기 익히는것까지 같이 배워야 하는 단계라 이중으로 힘듭니다. 버그 생기면 처음부터 다시 풀어야 합니다..
QqBYIYTDHuQ,AI 디지털교과서' 어떻게 쓰나?…영어·수학 수업 참관해 보니｜지금 이 뉴스,@양군-o7r,ai 가 뭔지 제대로 알지 못한 그냥 디지털 교과서 그게 다임. 최소한 ai수업이라면 그 학생답에 대해서 분석을 하고 상으로 또는 하로 내려 가서 다시 질문하고 그학생의 문제점을 스스로 파악할 수 있는 기능정도는 있어야 하는 거임. 근데 이건 그냥 그야말로 매일 매일 교과서 보는 거임. 보충수업하는정도이고 계속 화면 보고 있어야 함.
QqBYIYTDHuQ,AI 디지털교과서' 어떻게 쓰나?…영어·수학 수업 참관해 보니｜지금 이 뉴스,@아잉-j4u,저 온라인 학급 칠판은 이미 제작년부터 패들렛으로 거의 한번쯤은 써본거 일텐데 ㄷ
QqBYIYTDHuQ,AI 디지털교과서' 어떻게 쓰나?…영어·수학 수업 참관해 보니｜지금 이 뉴스,@mins1215,저렇개 하도록 투자한 학교만 저렇지 다른 학교는 인터넷도 엄청 느리고 컴퓨터도 구식 투성이...서울 소재 학교 중에는 교실 컴퓨터 모니터가 늑대와 여우? 삼보 이런거 쓰더라. 전자칠판인데 컴퓨터는 TG삼보이라는..선생님들 수업하는데 컴퓨터 부팅해서 전자칠판 켜는데 5분 이상 잡아먹는다.
QqBYIYTDHuQ,AI 디지털교과서' 어떻게 쓰나?…영어·수학 수업 참관해 보니｜지금 이 뉴스,@love-lovely0601,"디지털 교과서 전에는 단원평가 80점 이상 맞아오던 애가 디지털 수업후 65점 맞아옴, 집에서 내가 따로 가르치고 있음 이게 맞냐?"
QqBYIYTDHuQ,AI 디지털교과서' 어떻게 쓰나?…영어·수학 수업 참관해 보니｜지금 이 뉴스,@르미푸바오,"뭐하는짓인지..절대반대합니다. 돈을허투로쓰는건물론이고
아이들교육에저게 올바르다고생각합니까? 종이로된책이며 공책에다 직접쓰면서풀어야공부입니다.
저는학부모인데 절대반대입니다."
QqBYIYTDHuQ,AI 디지털교과서' 어떻게 쓰나?…영어·수학 수업 참관해 보니｜지금 이 뉴스,@JkC-r7q,눈아파~~~
QqBYIYTDHuQ,AI 디지털교과서' 어떻게 쓰나?…영어·수학 수업 참관해 보니｜지금 이 뉴스,@조윤성-f2n,교사가 편해졌다는 것 외에 뭐가 맞춤형이고 뭐가 AI 이지?
QqBYIYTDHuQ,AI 디지털교과서' 어떻게 쓰나?…영어·수학 수업 참관해 보니｜지금 이 뉴스,@sally7677,이건 보조 교재가 맞죠ㅜ 답답..
QqBYIYTDHuQ,AI 디지털교과서' 어떻게 쓰나?…영어·수학 수업 참관해 보니｜지금 이 뉴스,@캐서린윤,"난 저렇게 수업들으면 번잡스러워서 수업 같지가 않아;;; 집중이 안됨,,"
QqBYIYTDHuQ,AI 디지털교과서' 어떻게 쓰나?…영어·수학 수업 참관해 보니｜지금 이 뉴스,@vudghkfhqrp8345,효율적으로 지도하는데 도움이 될수도 있다 이거네요. 그런데 아이들에게 진짜 교육적으로 어떤 결과가 기대되는지 아직 모르지않아요? 아직은 저런 기계들이 보조적인 기능으로 쓰여야지 갑자기 싹다 바꾸면....
QqBYIYTDHuQ,AI 디지털교과서' 어떻게 쓰나?…영어·수학 수업 참관해 보니｜지금 이 뉴스,@FamaFama-n5c,"종이책과 필기는 반드시 필요하다. 사람은 오감을 활용해야 하는데, 그 중 하나가 촉각이다. 사물마다 질감이 각각 다르다. 책마다 질감이 다르고, 공책마다 질감이 다르고, 필기마다 질감이 다르다. 촉각은 기억력을 강화한다. 시각만 활용하는 화면은 사람을 점점 멍청이로 만든다.
그래서 선제적으로 화상 교과서를 도입했던 디지털 선진국 유럽은 종이 교과서와 필기 공책으로 환원한 상태다. 한국만 관료들이 뒷돈을 먹었는지, 실패한 정책으로 뒷북을 치고 있다. 그러면서도 부끄러운 줄 모른다."
QqBYIYTDHuQ,AI 디지털교과서' 어떻게 쓰나?…영어·수학 수업 참관해 보니｜지금 이 뉴스,@Hj관심목록,업체들한테 먹은 돈이 있어서 밀어붙이나? 란 생각들게 하지마쇼
QqBYIYTDHuQ,AI 디지털교과서' 어떻게 쓰나?…영어·수학 수업 참관해 보니｜지금 이 뉴스,@sadfadfsdf6897,이게 어딜 봐서 'AI' 교과서냐? LLM이 알아서 학생 음성 인식하고 알아서 화면 인식해서 문제풀어주는것도 아무것도 없는데? 이딴 쓰레기 만드려고 업체에 수백억이나 퍼주고 뭐하는짓이냐? 그냥 앤트로픽이나 오픈AI랑 공동구매 협약 맺고 차라리 Claude GPT 활용하는 법이나 가르쳐라.
QqBYIYTDHuQ,AI 디지털교과서' 어떻게 쓰나?…영어·수학 수업 참관해 보니｜지금 이 뉴스,@윤슬-d9c,전혀 창의적이지도 혁신적으로도 안 보이는데.... 공책으로 할 것을 모니터로 옮겨 놓은 것으로밖에 안 보이는데. 학교에서도 저렇게 모니터만 보고 있으면 아이들 시력은 어떻게 보호할건지  궁금하네.
QqBYIYTDHuQ,AI 디지털교과서' 어떻게 쓰나?…영어·수학 수업 참관해 보니｜지금 이 뉴스,@맑은하늘-e6i,흠.. 중학교가 저 실력이면....
QqBYIYTDHuQ,AI 디지털교과서' 어떻게 쓰나?…영어·수학 수업 참관해 보니｜지금 이 뉴스,@동선생-t9h,"ㅁㅊㅋㅋㅋㅋㅋㅋㅋㅋㅋㅋㅋㅋㅋ 이미 나와 있는 툴로도 충분히 할 수 있는거잖아? 캐릭터 그리는거야 기본 그림판 부터 시작해서 태블릿 이용하면 쉽게 그릴 수 있네? 아이들끼리 작품 공유하는 것도 패들렛 사이트에 올리면 다 볼 수 있는 거잖아? 문법도 문법 검사기 이용하면 다 되는 것들임. 고작 이걸 교과서에 몰아넣기 위해서 그 예산을 들였냐? 예산 들일거면 다른 예산은 건드리지 말고 하던가. 왜 문화 예술, 기초학력 예산 다 개박살 내놓고 이걸 무리하게 추진한거야?"
QqBYIYTDHuQ,AI 디지털교과서' 어떻게 쓰나?…영어·수학 수업 참관해 보니｜지금 이 뉴스,@깃톨,"영어는 그렇다고 해도 수학은 개 문제 있는게 시험은? 어차피 종이로 볼 것 아닌가?
근데 디지털에 익숙해진 아이들이 종이로 시험 보는 것은"
QqBYIYTDHuQ,AI 디지털교과서' 어떻게 쓰나?…영어·수학 수업 참관해 보니｜지금 이 뉴스,@gruffalo4748,망했다
QqBYIYTDHuQ,AI 디지털교과서' 어떻게 쓰나?…영어·수학 수업 참관해 보니｜지금 이 뉴스,@koreadong86,대구에 제 아들이 안살아서 다행이네요..
QqBYIYTDHuQ,AI 디지털교과서' 어떻게 쓰나?…영어·수학 수업 참관해 보니｜지금 이 뉴스,@hje274,뭐가 Ai라는건지... 수업 하는 것 봐도 이미 예전부터 에듀테크라고 사용하던 어플이나 방법들과 다를게 없음. 이게 다 Ai에 대한 이해도 없는 윗대가리들의 하향식 정책이 문제임.
QqBYIYTDHuQ,AI 디지털교과서' 어떻게 쓰나?…영어·수학 수업 참관해 보니｜지금 이 뉴스,@hdieowpnznxi0883,아무리 기술이 발전해도 종이책은 못이깁니다~
QqBYIYTDHuQ,AI 디지털교과서' 어떻게 쓰나?…영어·수학 수업 참관해 보니｜지금 이 뉴스,@erinc3056,집에서도 저거로 봐야하나....전기 없으면 수업 끊길듯.
QqBYIYTDHuQ,AI 디지털교과서' 어떻게 쓰나?…영어·수학 수업 참관해 보니｜지금 이 뉴스,@teiyun322,"참관수업 가봤더니 난리도 아님..시끄럽고 산만하고 도떼기시장인줄..  누구편하라고 저런걸 도입하는거냐. 집에서도 전자기기 절제시키느라 조심하는데.학교서 봉인해제되는 격..학교는 학교다워야지..전자교과서 저런수업은 학교안가도 다 집.학원 사교육에서 이미 다 접해본 방식아님? 굳이 학교 교실에서까지 저걸 써야함? 왜.애들 되게 산만하고 시끄럽고 발표할때 목소리도 안들리고 수업내내 어수선하던데.,제발좀 정신차리자..."
QqBYIYTDHuQ,AI 디지털교과서' 어떻게 쓰나?…영어·수학 수업 참관해 보니｜지금 이 뉴스,@dyckvan5753,뭘 또 얼마나 해쳐먹었니
QqBYIYTDHuQ,AI 디지털교과서' 어떻게 쓰나?…영어·수학 수업 참관해 보니｜지금 이 뉴스,@옥빛아이,망했네.
QqBYIYTDHuQ,AI 디지털교과서' 어떻게 쓰나?…영어·수학 수업 참관해 보니｜지금 이 뉴스,@Na_ElonMusk,말만 ai지 ㅋㅋㅋㅋ 에휴 세금 살살 녹는다  저게 ai ? 장난하냐.
QqBYIYTDHuQ,AI 디지털교과서' 어떻게 쓰나?…영어·수학 수업 참관해 보니｜지금 이 뉴스,@신승아-m6h,에휴...이걸 왜 이래놓았을고 암튼 국힘당이 정권을 잡으면 세금 낭비
QqBYIYTDHuQ,AI 디지털교과서' 어떻게 쓰나?…영어·수학 수업 참관해 보니｜지금 이 뉴스,@dugobi,학생 학부모 교사 그 누구도 원치않은 사업. 누구 배 부르겠네..
QqBYIYTDHuQ,AI 디지털교과서' 어떻게 쓰나?…영어·수학 수업 참관해 보니｜지금 이 뉴스,@hwangT,아이들 문제 쓴거 공유하는건 디교가 아니라 패들렛이네요... 디교는 저런 기능 버벅여서 안됨
QqBYIYTDHuQ,AI 디지털교과서' 어떻게 쓰나?…영어·수학 수업 참관해 보니｜지금 이 뉴스,@java458,"AI가 어디있는거야?
교사가 없어야지 AI지 
학교에 안가도 되는게 AI다"
QqBYIYTDHuQ,AI 디지털교과서' 어떻게 쓰나?…영어·수학 수업 참관해 보니｜지금 이 뉴스,@양선주-s1r,"역시 비효율적인 공부 방식이네
그러니까 
학부모나 교사들이 
싫어하는 이유이다

매 시간마다 체크하는 것보다는 
개별 학습 진도 형태로 
보충 심화가 이루어져야 
인공지능 AI 시대의 
실질적인 학습이라고 할 것이다

그러나 
사교육 시장의 영역이 
너무 커져서

공교육의 위기를 대체할 수 없다면~, 
사교육 시장이 
할 수 있는 것을 
공교육 시장이 
감당하지 못하는 이유에 대해 
고민해야 할 것이다

하루하루 급변하는 
지식기반 인공 지능 사회에서
오직 고민하는 것은 
돈이 되느냐의 문제이다

실질적인 효율성있는 학습이어야 하는가에 대해
우리 사회의 구조나 시스템에서는
언제나 비효율을 선택할 수 밖에 없다

이래서 빼고 
저래서 못 빼고 
그러면
선택지는 정해져 있는 것이다

아마도 
출산 인구가 
지금의 20만 대에서
10만대로 줄어들어도 

모두들 내 탓은 아니라고 
모르는 척 뒷짐만 질 것이다

나만 아니면 된다는 
안일한 사고와 

굿이나 보고 
떡이나 먹는다는 식의 태도에서는 
변화는 불가능하며

남 탓만 하는 게 
가장 편리한 
소시오패스의 방식이다

이직이 많다는 것은 
우리 사회가 
끝으로 밑바닥으로 
추락한다는 것을 
반영하는 증거이다

독서 논술 토론은 
인공지능 AI가 담당하니~, 
굳이 학교갈 이유가 있을까~???
공교육이라는 학교의 필요성은 
점점 더 줄어들 뿐이다

삼성 기기와 
선생님들을 위해
학교가 존재한다는 느낌이 
더 더욱 강하게 
들 것이다

그렇다고 
직장을 그만둘 수도 없고
부모 되기의 포기는 
점점 더 필수 선택지가 될 수도 있다"
QqBYIYTDHuQ,AI 디지털교과서' 어떻게 쓰나?…영어·수학 수업 참관해 보니｜지금 이 뉴스,@Holholg,이건 어른이 한다고 해도 제대로 된 수업을 진행할수 았을까? 나라도 저건 못할듯 .. 저건 수업이 아닌 그냥 너희들 듣기만해 나머진 ai가 알아서 해줄거야. 그러니까 너희들은 바보가 되는 과정이란다. 이거랑 다를게 뭐임.. 어떻게든 국고 탕진 하가 위해 애쓰네..
QqBYIYTDHuQ,AI 디지털교과서' 어떻게 쓰나?…영어·수학 수업 참관해 보니｜지금 이 뉴스,@i8h-uk,ai 하고 무슨 관계인가요?
QqBYIYTDHuQ,AI 디지털교과서' 어떻게 쓰나?…영어·수학 수업 참관해 보니｜지금 이 뉴스,@밀크송,곳곳에 내란당 해쳐먹은 흔적들이 도사린다
QqBYIYTDHuQ,AI 디지털교과서' 어떻게 쓰나?…영어·수학 수업 참관해 보니｜지금 이 뉴스,@ihjeong4515,시기상조
QqBYIYTDHuQ,AI 디지털교과서' 어떻게 쓰나?…영어·수학 수업 참관해 보니｜지금 이 뉴스,@user-Domani1yi,저게 AI가 맞나 ㅡㅡ 그냥 멋져버일려고 AI라고 붙인거지?
QqBYIYTDHuQ,AI 디지털교과서' 어떻게 쓰나?…영어·수학 수업 참관해 보니｜지금 이 뉴스,@Molly-bs4oz,아이들 건강해치는데 1조원을 투자했네.
QqBYIYTDHuQ,AI 디지털교과서' 어떻게 쓰나?…영어·수학 수업 참관해 보니｜지금 이 뉴스,@합-v3y,시력에안좋음
QqBYIYTDHuQ,AI 디지털교과서' 어떻게 쓰나?…영어·수학 수업 참관해 보니｜지금 이 뉴스,@jisunbaek,진짜 화딱지나네!!!!!!!!!!!!!!!!!!
QqBYIYTDHuQ,AI 디지털교과서' 어떻게 쓰나?…영어·수학 수업 참관해 보니｜지금 이 뉴스,@바우미-z4q,문제다
QqBYIYTDHuQ,AI 디지털교과서' 어떻게 쓰나?…영어·수학 수업 참관해 보니｜지금 이 뉴스,@JH-f1k,학생들은 신경쓸게 너무 많아서 정신없을듯
QqBYIYTDHuQ,AI 디지털교과서' 어떻게 쓰나?…영어·수학 수업 참관해 보니｜지금 이 뉴스,@Park-en8yl,삼부토건 사건을 보니 이 정부와 그 일가가 어떤식으로 해먹는지 알거같네요.
QqBYIYTDHuQ,AI 디지털교과서' 어떻게 쓰나?…영어·수학 수업 참관해 보니｜지금 이 뉴스,@휘바-v5s,한반에 15~20명밖에 안되는데.. 그걸 못하면 . 교사들의 역량이 부족한것임
QqBYIYTDHuQ,AI 디지털교과서' 어떻게 쓰나?…영어·수학 수업 참관해 보니｜지금 이 뉴스,@CsmCspo,"AI가되면 교사가 필요없지
교사의 지도를 애들에맞춰서 자동지도하면 되니까"
QqBYIYTDHuQ,AI 디지털교과서' 어떻게 쓰나?…영어·수학 수업 참관해 보니｜지금 이 뉴스,@Hj관심목록,"도화지에 그려 ~  뭐 과거어 다 하던거 뭐가 더 나아진다고 디지털 이난리  종이로 해 
결사반대"
QqBYIYTDHuQ,AI 디지털교과서' 어떻게 쓰나?…영어·수학 수업 참관해 보니｜지금 이 뉴스,@user-vghj1t,교사가 실력이 없네
QqBYIYTDHuQ,AI 디지털교과서' 어떻게 쓰나?…영어·수학 수업 참관해 보니｜지금 이 뉴스,@시아-ioiioi,Ai 역할이 암것도 안보이는데
QqBYIYTDHuQ,AI 디지털교과서' 어떻게 쓰나?…영어·수학 수업 참관해 보니｜지금 이 뉴스,@chumlee225,개판 5분전 일거다 대구 ㅜ
QqBYIYTDHuQ,AI 디지털교과서' 어떻게 쓰나?…영어·수학 수업 참관해 보니｜지금 이 뉴스,@dongdong2727,그냥 종이에 쓴거 바로 피드백 하면 되지... 그걸 또 찍어서 올리고 댓글로 피드백주고... 지랄...
QqBYIYTDHuQ,AI 디지털교과서' 어떻게 쓰나?…영어·수학 수업 참관해 보니｜지금 이 뉴스,@kachang6060,뭐죠? 좋다는건가요? 나쁘다는건가요? 뭘 더 수정보완해야하죠? ??? 물음표만 가득한 기사네요.
QqBYIYTDHuQ,AI 디지털교과서' 어떻게 쓰나?…영어·수학 수업 참관해 보니｜지금 이 뉴스,@아듀-x4k,너무싫다
QqBYIYTDHuQ,AI 디지털교과서' 어떻게 쓰나?…영어·수학 수업 참관해 보니｜지금 이 뉴스,@동동동-p1x,저거 하느라 돈을 그렇게 쓰냐..에휴
QqBYIYTDHuQ,AI 디지털교과서' 어떻게 쓰나?…영어·수학 수업 참관해 보니｜지금 이 뉴스,@d3n-l4x,"쓰기가 퇴화 하겠군,"
QqBYIYTDHuQ,AI 디지털교과서' 어떻게 쓰나?…영어·수학 수업 참관해 보니｜지금 이 뉴스,@김명현-q8o,영어수업이면 영어로해야지 ㅡㅡㅋ 그래야 늘지 ㅋㅋㅋㅋ
QqBYIYTDHuQ,AI 디지털교과서' 어떻게 쓰나?…영어·수학 수업 참관해 보니｜지금 이 뉴스,@khdhwbbnxkqhaufn,아무리반대해도 씨도 안먹히더니 이젠 생떼로 진행하려하냐
QqBYIYTDHuQ,AI 디지털교과서' 어떻게 쓰나?…영어·수학 수업 참관해 보니｜지금 이 뉴스,@통행료발전성과,BI 교과서 ㅋ
QqBYIYTDHuQ,AI 디지털교과서' 어떻게 쓰나?…영어·수학 수업 참관해 보니｜지금 이 뉴스,@오송현-j4p,아이들만 불쌍하지
QqBYIYTDHuQ,AI 디지털교과서' 어떻게 쓰나?…영어·수학 수업 참관해 보니｜지금 이 뉴스,@김은지-r1b7h,이걸로 학생별 맞춤 교육에 더 도움 된다면 찬성입니다!!! 잘 상용화되길
QqBYIYTDHuQ,AI 디지털교과서' 어떻게 쓰나?…영어·수학 수업 참관해 보니｜지금 이 뉴스,@java458,그래 대구만 하자
QqBYIYTDHuQ,AI 디지털교과서' 어떻게 쓰나?…영어·수학 수업 참관해 보니｜지금 이 뉴스,@불고구마-i4h,"세금낭비이며 애들한테 학습효과도 없음 ㅎ
학원은 대박나겠네 ㅎ"
QqBYIYTDHuQ,AI 디지털교과서' 어떻게 쓰나?…영어·수학 수업 참관해 보니｜지금 이 뉴스,@대파-k1u,메타인지 이동으로 별로임
QqBYIYTDHuQ,AI 디지털교과서' 어떻게 쓰나?…영어·수학 수업 참관해 보니｜지금 이 뉴스,@Lee-q3q,여론몰이 하네 ? 이미 디지톨 교과서 사용한 나라는 다시 종이교과서 돌아가는데 뭐하냐
QqBYIYTDHuQ,AI 디지털교과서' 어떻게 쓰나?…영어·수학 수업 참관해 보니｜지금 이 뉴스,@sgfjlkkjsesmd,왜 jtbc는 중국간첩 보도 안 하나요? 중국이 군에 접근해 간첩 활동 한대요 혹시 중국 자본 먹었나요? https://youtu.be/MAa_38KSC_Y?si=0jUszBeKp9x_gKwq
QqBYIYTDHuQ,AI 디지털교과서' 어떻게 쓰나?…영어·수학 수업 참관해 보니｜지금 이 뉴스,@tyt1638,"뻘짓하고있네
참....
계속 바보짓해라
답이없다"
QqBYIYTDHuQ,AI 디지털교과서' 어떻게 쓰나?…영어·수학 수업 참관해 보니｜지금 이 뉴스,@songh.4760,JTBC조차 찬양일색이네요 실망이에요.
uf4_FfcWmzk,[🕵🏻AI 디지털교과서 미리보기] 초등학교  영어편,@AdministratorAdministrator-z6i,종이책 10장 분량을 2시간 코스로 만든거 같네
uf4_FfcWmzk,[🕵🏻AI 디지털교과서 미리보기] 초등학교  영어편,@Jeongsi86,"인공지능이 맞나요? 그냥 디지털 스마트 학습기 인것 같은데, 러닝으로 스스로 학습하는 AI기술이 접목된 요소가 보이지 않네요."
uf4_FfcWmzk,[🕵🏻AI 디지털교과서 미리보기] 초등학교  영어편,@오언주-d5o,이미 여러 업체에서 나온 온라인 학습 자료를 학교에서 일괄 구매.  결국 준비물 등 아이들에게 쓰일 예산을 업체에게 몰아주게 되겠네요. 디지털교육업체는 좋겠네요.
uf4_FfcWmzk,[🕵🏻AI 디지털교과서 미리보기] 초등학교  영어편,@Bq9248,한편 한편 올라올때마나 떨리네요. 기대됩니다 ^^
uf4_FfcWmzk,[🕵🏻AI 디지털교과서 미리보기] 초등학교  영어편,@jaeyoungchung6310,오보람 선생님께서 AIDT를 잘 안내해주셨네요^^
uf4_FfcWmzk,[🕵🏻AI 디지털교과서 미리보기] 초등학교  영어편,@Hanry-o7v,흠 그냥 언럭키 밀크 T 태블릿 아닌가? 이게 맞는 건지 모르겠음
uf4_FfcWmzk,[🕵🏻AI 디지털교과서 미리보기] 초등학교  영어편,@education_0303,교육적인지는 의문입니다
uf4_FfcWmzk,[🕵🏻AI 디지털교과서 미리보기] 초등학교  영어편,@Shinerin415,도대체 이게 왜 필요한겁니까
uf4_FfcWmzk,[🕵🏻AI 디지털교과서 미리보기] 초등학교  영어편,@leeda4405,아이들의 뇌발달에 부정적인 영향~
uf4_FfcWmzk,[🕵🏻AI 디지털교과서 미리보기] 초등학교  영어편,@julie-eu3kb,"이게 무슨 교육이냐? 초등교사=학습지교사 
그냥 집에서 엘리하이나 홈런 밀크티 중에 하나 골라서 하면 되겠네"
-ZUoWn6uvlc,(수업시연) AI 디지털교과서가 찾아왔어요 ㅣ 초등학교 4학년 수학,@hippy_s,"똘똘한 4명 데리고 수업하면 AI교과서 아니라 뭘 해도 잘 됩니다. 이걸 수업시연이라고...😂 
실제 현장에선 2n명 데리고 수업해야 하고요, 학습흥미가 없는 중하위권 친구들은 선생님이 1:1로 붙어서 계속 더 쉽게, 더 쉽게 설명해줘야 그나마 이해 할랑말랑 합니다.
 
어른들도 태블릿으로 공부하는 거 유혹이 너무 많다고 하고, 눈에도 안 좋다고 하는데, 애들한테 이게 진짜 좋은 거라고 생각하시는지? 중고등은 모르겠지만, 초등은 AI 교과서가 들어오는 게 옳지 않다고 생각합니다. 물론 장점도 있겠지만 그 장점을 소화할 인지적 능력도 다 발달하지 않았고 단점이 더 커보입니다.

(그리고... 댓글 알바 쓰시는 건지... 참...)"
-ZUoWn6uvlc,(수업시연) AI 디지털교과서가 찾아왔어요 ㅣ 초등학교 4학년 수학,@EsteyGrey,"댓글들 기괴하네요. 미국 실리콘밸리 부모들은 14세 미만은 전자기기 스마트폰 등 사용못하게하고 아날로그로 교육하는 풍조라는데, 유럽국가들도 습득력 이슈로 패드에서 종이책으로 전환하는 이 마당에 교사학부모 80%이상이 반대하는 정책을 강제로 밀고나가려는 저의가 너무나 투명하고 어른들의 눈먼 이익실현을 위해 실험대에 올라가야하는 아이들이 안타까울 따름입니다."
-ZUoWn6uvlc,(수업시연) AI 디지털교과서가 찾아왔어요 ㅣ 초등학교 4학년 수학,@HongCheese,"댓글이 ai들이냐?
저 영상에서 ai로 생성한 이미지만 있고 ai기술이 들어간건 단 하나도 없다 장난질 치지마라"
-ZUoWn6uvlc,(수업시연) AI 디지털교과서가 찾아왔어요 ㅣ 초등학교 4학년 수학,@배재윤dd,댓글 뭐냐 알바라도 풀었나
-ZUoWn6uvlc,(수업시연) AI 디지털교과서가 찾아왔어요 ㅣ 초등학교 4학년 수학,@한달어터-20kg,"AI디지털교과서 반대합니다
이거.자체가 아이들의 뇌활성활을 저하시키는 방법입니다… 제발 아이들 만은 지켜주세요"
-ZUoWn6uvlc,(수업시연) AI 디지털교과서가 찾아왔어요 ㅣ 초등학교 4학년 수학,@선한.영향력-f2s,왜 교사들 의견을 안듣지….난 우리나라가. 그렇게 부자인즐 몰랐어…. 구독료. 조 단위일것 같은데. 감당이 될까?
-ZUoWn6uvlc,(수업시연) AI 디지털교과서가 찾아왔어요 ㅣ 초등학교 4학년 수학,@주주맘-n7i,학부모  교사 80%가  디지털  교과서   반대하고  외국의  실패 사례가 있음에도불구하고 굳이  이렇게  밀어  부치는  이유가  뭡니까? 그리고  댓글  전부  다  읽어  봤습니다. 타임  라인  설정해서 댓글 조작  작업 했나여?  교육부가  홍보한다고  댓글 주작하고  있다는  느낌이드네요???학부모들이  디지털 교과서 수업을  거부 해야  합니다.
-ZUoWn6uvlc,(수업시연) AI 디지털교과서가 찾아왔어요 ㅣ 초등학교 4학년 수학,@vivigong5166,아이를 키우는 입장으로 절대반대합니다
-ZUoWn6uvlc,(수업시연) AI 디지털교과서가 찾아왔어요 ㅣ 초등학교 4학년 수학,@FEAR_of_GOD_1,"점차 늘리는게 아니라 일괄변경으로 밀어부치는 이유도 설명이 필요할거 같고
시범학교 선정이 먼저인거 같은데 시범을 다양하게 해보시고 다양한 사례를 올려주세요
이게 집에서하는 AI학습기계랑 다를게 뭔지도 잘 모르겠고 선생님들이 별도의 수업준비 안해도 된다는 설명은 선생님들의 찬성을 유도하기위한 것인가요?
그리고 이거 사용하다 아이들이 고장이나 파손시켰을 경우 누가 배상하나요?"
-ZUoWn6uvlc,(수업시연) AI 디지털교과서가 찾아왔어요 ㅣ 초등학교 4학년 수학,@pmpwgd,이딴걸 대체 왜하는거냐????
-ZUoWn6uvlc,(수업시연) AI 디지털교과서가 찾아왔어요 ㅣ 초등학교 4학년 수학,@약탈자-e8f,댓글 단 사람은 모두 다르지만 댓글 작업한게 확 티가난다 티가 나 ㅋㅋ 영상 분 적어놓고 긍정적인 댓글들 ㅋㅋㅋ
-ZUoWn6uvlc,(수업시연) AI 디지털교과서가 찾아왔어요 ㅣ 초등학교 4학년 수학,@공유용-r9u,4명 데리고 시연은 좀 너무하지 않나요? 최소 20명 수업 장면은 나와야 유의미하다고 봅니다. 4명이면 맨손 수업 해도 됩니다...
-ZUoWn6uvlc,(수업시연) AI 디지털교과서가 찾아왔어요 ㅣ 초등학교 4학년 수학,@빛날BitNal,"안녕하세요, 하루 8시간씩 주 6일 
교재의 98%를 태블릿으로 공부하는 전업 전문직시험 수험생입니다

현재 종이없이 공부한지 1년이 넘었는데요 
다른건 다 좋은데 눈이 너무 시려요 죽을만큼,,, 블루라이트때문인거같아요, 블루라이트안경을 구매한뒤로 많이 좋아졌습니다만,,,
아이들이 이 고통을 이겨낼수있을지, 자라나는 시기에 시력에는 문제없을지 걱정되네요
이런 부분도 검토되었으면 좋겠습니다"
-ZUoWn6uvlc,(수업시연) AI 디지털교과서가 찾아왔어요 ㅣ 초등학교 4학년 수학,@immeimme,"4명 대상으로  홍보 영상용 수업을 진행하신건가요? 실제 현장과 가깝게 진행되었어야 하지 않았나 싶네요. 혹시나 생각과 다른 부분이 있을까 싶어서 보러 왔는데, 안 봐도 될 것 같습니다."
-ZUoWn6uvlc,(수업시연) AI 디지털교과서가 찾아왔어요 ㅣ 초등학교 4학년 수학,@ildeepskys,학습이 부진한 학생은 자발적인 학습 태도나 필요한 내용을 찾아가는 자발성 자체가 결여된 경우가 많다. 그래서 개별학습도 교사가 엪에서 도와주어야 한다. 또한 아동발달상 손을 움직이고 직접 써보는 건 지식을 단순히 외는 것과는 차별되는 것이다. AI교과서 절대 반대다.
-ZUoWn6uvlc,(수업시연) AI 디지털교과서가 찾아왔어요 ㅣ 초등학교 4학년 수학,@울사니,"뭐가 좋다는건지
애들한테도 분명 안좋아보인다
나도 밀크티 윙크같은걸로 공부시킬때마다 너무 불편하다 근데 학교에서 이런걸로 수업을 하다니....절대 반대다"
-ZUoWn6uvlc,(수업시연) AI 디지털교과서가 찾아왔어요 ㅣ 초등학교 4학년 수학,@윤종인-d2y,"AI 디지털 교과서의 가장 큰 장점은 학생 개개인의 학습 요구에 맞춰 진행 상황을 모니터링하고 개인화된 경험을 제공한다는 점입니다. 이를 통해 학생들은 자신의 속도로 학습하고 필요한 부분에 집중하여 더욱 효율적인 학습을 할 수 있습니다. 특히 힌트와 오답노트를 활용한 맞춤형 학습 지원이 인상적이었습니다. 그러나 현재 대한민국에서는 디지털 교과서 도입이 다소 이른 감이 있습니다. 학부모로서 충분한 검증과 보완이 이루어진 후에 도입되기를 바랍니다. 기술적 및 콘텐츠적 개선이 필요하므로, 앞으로도 지속적인 발전을 통해 더 나은 교육 환경을 만들어 주시기를 바랍니다. 디지털 교과서가 학교 교육에 적극 도입될 때, 학생들에게 큰 도움이 되기를 기대합니다!😊😊"
-ZUoWn6uvlc,(수업시연) AI 디지털교과서가 찾아왔어요 ㅣ 초등학교 4학년 수학,@DAV30371,절대 반대
-ZUoWn6uvlc,(수업시연) AI 디지털교과서가 찾아왔어요 ㅣ 초등학교 4학년 수학,@Ground079,학부모와 교사들 심지어 애들도 거의 반대하는 걸 왜 한다는거야? 사용자들이 싫다는데 왜? 도대체 업체랑 얼마나 해처먹으려고?
-ZUoWn6uvlc,(수업시연) AI 디지털교과서가 찾아왔어요 ㅣ 초등학교 4학년 수학,@twincolorful,"25년전 아들이 초등학교 다닐 때 어느 날 아들의 책가방을 들어보고 엄청 놀랐어요 어른이 들어도 묵직해서 바로 교육청에 디지털교과서 제안했었음 다른건 기억이 나지않지만 일단 모든 교과서와 공책,참고서 등이 얇은 노트북(노트북 형태로 제안했었음)으로 들어가면 아이들은 노트북 하나만 달랑 들고가면 좋을테고 더더욱 효과적인건 자료가 바뀌면 인터넷에 접속된 상태에서 바로바로 업데이트가 가능해질거라는 점 당시 담당 장학사가 너무 이르다고 회신이 왔지요 모든 정책에는 장단점이 있으므로 특히 교육정책은 많은 생각이 필요하지요 다만 지금처럼 모든 대학을 서열화시켜놓고 한번의 시험으로 평가하는 체제로는 미래의 인재를 키워낼 수 없음"
-ZUoWn6uvlc,(수업시연) AI 디지털교과서가 찾아왔어요 ㅣ 초등학교 4학년 수학,@APT_Farmer,"댓글이 AI같아서 소름.. ㅋㅋㅋ 나 아들 둘 아줌마고. 교육경력 10년차다. 집에서 아이스크림홈런 2년동안 애들 시켜봤는데 큰 효과 없다. 패드가 펜 인식 못하면 애들이 펜으로 패드를 쾅쾅 내리치면서 엄청 스트레스받아한다. 사고하고 고민하는데 시간이 드는게 아니라, 서식에 맞게 답을 입력하는데 시간이 ㄴ ㅓ무 걸려서 애들이 지쳐함. 머리로  자기는 생각하고, 엄마가 답 써넣어라 하는 경우도 많다.  아이들이 제일 좋아하는건 매일 학습이 아니고, 결국은 거기서 제공하는 동영상이었다. 후.......차라리 옆에 끼고 앉아 책 같이 읽고, 교과서로 슥슥 풀게 하는게 훨씬 나음. 이건 온국민을 우매하게 만들어서 -_- 정치인들 입맛에 맞는 흐리멍텅한 시민을 만들자는 목적  혹은 aI로 뭐 해처먹어야겠다 라는 생각이 아니면 굳이 할 이유가 없는 사업이다."
-ZUoWn6uvlc,(수업시연) AI 디지털교과서가 찾아왔어요 ㅣ 초등학교 4학년 수학,@tjk-h8w,댓글알바쓴건가 메뉴얼대로 뭐뭐 좋아요 라는문구 중복으로 엄청 많네
-ZUoWn6uvlc,(수업시연) AI 디지털교과서가 찾아왔어요 ㅣ 초등학교 4학년 수학,@me.light.lab_hanok,아니 어느 교실이 학생이 4명만 있죠?
-ZUoWn6uvlc,(수업시연) AI 디지털교과서가 찾아왔어요 ㅣ 초등학교 4학년 수학,@math6532,06:30 학생의 맞춤형 문제 풀이 👍
-ZUoWn6uvlc,(수업시연) AI 디지털교과서가 찾아왔어요 ㅣ 초등학교 4학년 수학,@00wh65,돈받아먹고 왜 무르지를 못하나 얼마나 뒷돈을 받아 쳐먹었으면
-ZUoWn6uvlc,(수업시연) AI 디지털교과서가 찾아왔어요 ㅣ 초등학교 4학년 수학,@큮극끄욱끜,"내가 학부모도 아니고 당장 가까이 학생들이 있는 것도 아니라 AI 디지털교과서 잘 알지도 못하고 관심도 없는데 지금 이걸 도입하려고 하는 과정이나 절차에서는 상당한 의구심이 든다.

라이브 시연도 아니고 녹화 편집된 영상에 대고는 다 비슷한 포맷으로 댓글 달고 이게 뭐하는 짓인가. 무슨 북한 선전 영상, 행사에 호응하는 인민들 보고 있는 것 같네.."
-ZUoWn6uvlc,(수업시연) AI 디지털교과서가 찾아왔어요 ㅣ 초등학교 4학년 수학,@옳은일,"디지털 교과서 반대!!!
문해력 바닥됩니다.
4명모아놓고 저게 과연 수업인가요? 
현실과 뒤떨어진 시연이네요. 수업분량이 많은데,
저런수업을 할수있다는것이 말이 않되고
 홍보영상일뿐이라는 극명한 진실"
-ZUoWn6uvlc,(수업시연) AI 디지털교과서가 찾아왔어요 ㅣ 초등학교 4학년 수학,@aromafullmoon,반대반대 절대반대합니다
-ZUoWn6uvlc,(수업시연) AI 디지털교과서가 찾아왔어요 ㅣ 초등학교 4학년 수학,@musicfruit8305,댓글알바쓴건가? 댓글들이 하나같이 비슷하네 ㅋㅋㅋㅋ 기능설명>좋아요. 로 귀결되네 뭐하는 짓이냐
-ZUoWn6uvlc,(수업시연) AI 디지털교과서가 찾아왔어요 ㅣ 초등학교 4학년 수학,@kkkk-od1bf,반대 반대
-ZUoWn6uvlc,(수업시연) AI 디지털교과서가 찾아왔어요 ㅣ 초등학교 4학년 수학,@abyssalvoyage,"이 영상을 보고 많은 생각이 들었습니다. AI 디지털 교과서가 기존 수업 방식에 비해 학생들에게 맞춤형 학습 경험을 제공할 수 있다는 점은 분명 흥미롭고 장점이 될 수 있지만, 영상에서 소개된 일부 기능들이 얼마나 현장에서 실효성을 가질지에 대한 의문도 생깁니다. 특히 초등학생들에게 적합한 도구로 사용될 경우, 기계에 의존한 학습이 오히려 창의력과 협동 능력을 저하시킬 위험은 없는지 고민하게 되네요.
영상 속 4명만 참여한 시연 장면도 실제 교실 상황과는 거리가 멀어 보였습니다. 다양한 학급 규모에서의 시범 운영 결과를 더 투명하게 공개해 주었더라면 이해와 신뢰가 더 높아지지 않았을까 싶습니다. 디지털 기기 도입이 아이들에게 긍정적인 영향을 주려면 단순히 기술적 가능성을 넘어, 학생 개개인의 학습 환경과 실제 교사들의 역할 변화까지 고려한 종합적인 접근이 필요해 보입니다.
부디 도입 과정에서 충분한 검토와 의견 수렴을 통해 실질적인 효과와 공감대를 이끌어내는 방향으로 나아가길 바랍니다. AI가 모든 걸 해결하기보다는 교사의 지도를 보완하고, 아이들이 스스로 탐구할 수 있는 도구로 자리 잡는다면 더 의미 있는 변화가 될 것 같아요."
-ZUoWn6uvlc,(수업시연) AI 디지털교과서가 찾아왔어요 ㅣ 초등학교 4학년 수학,@김미-y5p,6:32 오 이게 개별적으로 교사가 지도하기 힘든데 AI를 통해 맞춤형 문제 풀이를 한다니 인상깊네요.
-ZUoWn6uvlc,(수업시연) AI 디지털교과서가 찾아왔어요 ㅣ 초등학교 4학년 수학,@Mr_kimOO,ai 디티 통과 시킨 이유:내가 열심히 큰 돈을 들여 만들었는데 이걸 반대해? 아니 싫어 쓸거야!
-ZUoWn6uvlc,(수업시연) AI 디지털교과서가 찾아왔어요 ㅣ 초등학교 4학년 수학,@gh57697,"6:32 학생 수준에 맞는 학습 진행이라니 정말 꿈과 같은 일이 일어났네요.
잘 이용이 되어 모든 학생들이 본인의 학습 능력을 끌어올릴수 있길 바랍니다."
-ZUoWn6uvlc,(수업시연) AI 디지털교과서가 찾아왔어요 ㅣ 초등학교 4학년 수학,@00wh65,80프로가 반대한다 정신차려라
-ZUoWn6uvlc,(수업시연) AI 디지털교과서가 찾아왔어요 ㅣ 초등학교 4학년 수학,@목만치,04:33  학생들의 힘든부분을 알아서 파악해서 도움을 주는 맞춤형 서비스가 너무 효과적일 것 같아요
-ZUoWn6uvlc,(수업시연) AI 디지털교과서가 찾아왔어요 ㅣ 초등학교 4학년 수학,@은아김-y9n,"폭염, 폭설에 집에서 ai수업을 듣고 출석인정 ...
이런방법이면 인정
학교에 선생님이 계시는데 왜 ai수업을 들어야 하나요?이럴꺼면 집에서하죠"
-ZUoWn6uvlc,(수업시연) AI 디지털교과서가 찾아왔어요 ㅣ 초등학교 4학년 수학,@wangemong,AI 디지털교과서가 찾아왔어요 잘봤습니다 미래가 더 기대가되네요
-ZUoWn6uvlc,(수업시연) AI 디지털교과서가 찾아왔어요 ㅣ 초등학교 4학년 수학,@yuni8409,"5:45 다양한 수학교구를 활용하여 학생이 각자 심화 학습을 할 수 있다는 점, 가장 인상적이었어요"
-ZUoWn6uvlc,(수업시연) AI 디지털교과서가 찾아왔어요 ㅣ 초등학교 4학년 수학,@g7redg7,"7:45 오답 문제를 다시 풀어보거나 유사한 문제를 푼다는 것은 단순히 반복학습이 아니라, 그 과정에서 실수를 분석하고 문제 해결 능력을 키우며 자신감을 높이는 데 큰 도움이 될 것 같네요."
-ZUoWn6uvlc,(수업시연) AI 디지털교과서가 찾아왔어요 ㅣ 초등학교 4학년 수학,@윤오핑,4:34 AI가 도와주면 요런게 좋죠! 아이의 현재 학습 속도를 알 수 있고 그에 맞추어 적절한 교육이 진행될 수 있다는 것! 개별화 교육이라는 게 뭐 별거 있을까요. 우리 아이들의 상황을 알고 지식이 잘 학습될 수 있도록 돕는 것. 그거면 충분하죠 ❤ AI디지털 교과서 응원할게요!
-ZUoWn6uvlc,(수업시연) AI 디지털교과서가 찾아왔어요 ㅣ 초등학교 4학년 수학,@jimini293,"6:32 학생의 맞춤형 문제풀이가 가장 마음에 드는 기능입니다
사실 학생들이 자신의 수준을 정확히 알기 어려운데 빅데이터 분석을 통해
장점과 약점을 정확히 알 수 있다면 향후 학습 계획을 세우는데 매우 
큰 도움이 될 것 같습니다"
-ZUoWn6uvlc,(수업시연) AI 디지털교과서가 찾아왔어요 ㅣ 초등학교 4학년 수학,@byco8989,5:59 다양한교구를접할수있는게좋은것같아요!이부분들이오히려 빈부격차도줄일수있을것같아요!! 환경에따라교구를구입하는게아닌 AI디지털교과서에서교구를만날수있으니 너무좋은것같아요!
-ZUoWn6uvlc,(수업시연) AI 디지털교과서가 찾아왔어요 ㅣ 초등학교 4학년 수학,@chaewon4140,04:15 학생들과 쉽게 화면을 공유하는 장면이 인상 깊었습니다.
-ZUoWn6uvlc,(수업시연) AI 디지털교과서가 찾아왔어요 ㅣ 초등학교 4학년 수학,@dejavu54999,6:51 내가 풀어본것들을 토대로 오답을 체크하고 맞춤학습을 할수있는점이 가장 좋은것 같아요!!
-ZUoWn6uvlc,(수업시연) AI 디지털교과서가 찾아왔어요 ㅣ 초등학교 4학년 수학,@와이리더븐겨,3:09 뺄셈개념설명과정이 AI디지털교과서의 능력이랄까? 돋보이네요
-ZUoWn6uvlc,(수업시연) AI 디지털교과서가 찾아왔어요 ㅣ 초등학교 4학년 수학,@한번더투하,업체들 떼돈 벌겠군. 뒷돈 졸라 챙겼겠다. 비리 냄새가 진동을 한다. 때려치아라.
-ZUoWn6uvlc,(수업시연) AI 디지털교과서가 찾아왔어요 ㅣ 초등학교 4학년 수학,@hongsh147,6:36  학생 맞춤 교육을 통해 모든 아이들을 위한 개인 선생님이 있는 것 같은 교육이 가능하네요.
-ZUoWn6uvlc,(수업시연) AI 디지털교과서가 찾아왔어요 ㅣ 초등학교 4학년 수학,@qerr1218,5:58 ai로 수학까지 할수있다니 발전이 놀랍네요
-ZUoWn6uvlc,(수업시연) AI 디지털교과서가 찾아왔어요 ㅣ 초등학교 4학년 수학,@윤율-w2v,이런거에 세금 쓰지마
-ZUoWn6uvlc,(수업시연) AI 디지털교과서가 찾아왔어요 ㅣ 초등학교 4학년 수학,@budeully6312,05:34 개념 심화 학습등 학습에 더 도움이 되길 응원합니다.
-ZUoWn6uvlc,(수업시연) AI 디지털교과서가 찾아왔어요 ㅣ 초등학교 4학년 수학,@user-wz6to6im7y,5:45 수학에 이해도를 높임~~ AI디지털교과서 활용이 가장기억에 남네요
-ZUoWn6uvlc,(수업시연) AI 디지털교과서가 찾아왔어요 ㅣ 초등학교 4학년 수학,@jy2yr,4:34 실시간으로 학생들의 힘든부분 파악하고 도움 주는거 너무 좋네요❤
-ZUoWn6uvlc,(수업시연) AI 디지털교과서가 찾아왔어요 ㅣ 초등학교 4학년 수학,@changjojeon7427,진짜 이건 아니지.....
-ZUoWn6uvlc,(수업시연) AI 디지털교과서가 찾아왔어요 ㅣ 초등학교 4학년 수학,@바니버니-v7c,"4:34 어려운 아이들을 챙기고, 실시간으로 학습 상황을 체킹할수있는점이요"
-ZUoWn6uvlc,(수업시연) AI 디지털교과서가 찾아왔어요 ㅣ 초등학교 4학년 수학,@juneseoklee5457,06:30 문제풀이 부분이 인상적입니다
-ZUoWn6uvlc,(수업시연) AI 디지털교과서가 찾아왔어요 ㅣ 초등학교 4학년 수학,@risa9598,"0:30 AI 디지털교과서를 통한 학습리포트를 통해 약점을 바로 체크가능해서 도움이 될 거 같아요
7:48 오답노트 기능도 마찬가지 일거 같아요"
-ZUoWn6uvlc,(수업시연) AI 디지털교과서가 찾아왔어요 ㅣ 초등학교 4학년 수학,@체리조아v,4:15 “집중학습모드”가 인상적이었어요! 교과서로 공부할때는 다른책을 펴놓거나 딴짓을 해도 몰랐는데 이렇게 선생님이 집중학습모드 제어 기능으로  학생들을 한번에 관리할수있는게 정말 편리하고 학생들에게도 도움이 될거같아요!
-ZUoWn6uvlc,(수업시연) AI 디지털교과서가 찾아왔어요 ㅣ 초등학교 4학년 수학,@잠좀자자,끝났어 어디서 삥땅칠려고 ㅋㅋ 근데 댓글들 너무 티나서 이질감 제대로네 노인분들 동원됐나ㅋ
-ZUoWn6uvlc,(수업시연) AI 디지털교과서가 찾아왔어요 ㅣ 초등학교 4학년 수학,@iphone369,옹호 댓글들 조사해 보자. 지령 받은 것 같다
-ZUoWn6uvlc,(수업시연) AI 디지털교과서가 찾아왔어요 ㅣ 초등학교 4학년 수학,@vlog-wn4cw,"프로그램 활용능력이 정착될때까지 선생님의 역할이 중요할것같아요
당분간 진도는 더디게 갈듯하기도 하구요.
익숙해지기전까지 😅25명 한명한명 다 챙기려면 선생님 혼자서는 버거울듯합니다"
-ZUoWn6uvlc,(수업시연) AI 디지털교과서가 찾아왔어요 ㅣ 초등학교 4학년 수학,@nare13579,6:30 학생들의 수준에 맞는 학생 맞춤형 문제풀이가 가능하다니 정말 좋네요. 학생의 개개인에 맞추어 유용하게 활용 가능하겠어요. 좋은 영상 감사합니다. 앞으로의 소식도 기대할게요!
-ZUoWn6uvlc,(수업시연) AI 디지털교과서가 찾아왔어요 ㅣ 초등학교 4학년 수학,@beo2wulf4,"그 많은 돈 들여 도입하는 것이 출판사 디지털 문제집 하나 들여오는 거랑 뭐가 달라. 
ai교과서라면 교육 문제가 해결되냐? 교육문제가 뭐냐? 아이들이 대학가는 점수 높게 하는 것이 교육목적이냐?
아이들이 문제를 푸는 기계따라 하는 것이 아니라 스스로 생각하게 해야 하는 것 아니냐? 생각을 깊게 혹은 넓게 하는 인간이 되게 하는 것이 교육 아니냐? 그 많은 돈 들여 문제 푸는 방법 알려 주는 것을 만들어 주는 것이 대체 무슨 교육이냐? ai교육이라면 소통이 되어서 계속 의문점을 가지게 해야지 이건 정해진 답을 찾는 방법은 이런게 있다고 주입식이잖아. 이젠 방법을 주입하는 거냐? 이것만 봐서는 그런 생각 밖에는 안든다. 그럼 또 평가를 못한다는 소리를 하겠지 그럼 평가를 개선해. 평가는 놔두고 그 평가를 잘하는 방식으로 주입하는게 교육부가 할 일이냐?"
-ZUoWn6uvlc,(수업시연) AI 디지털교과서가 찾아왔어요 ㅣ 초등학교 4학년 수학,@ksyangela11114,4:15 학생과 화면공유하는게 좋네요
-ZUoWn6uvlc,(수업시연) AI 디지털교과서가 찾아왔어요 ㅣ 초등학교 4학년 수학,@jasonshin4816,개개인의 수준별로 학습을 할 수있다는 것이 대단한 장점이네요~응원합니다~
-ZUoWn6uvlc,(수업시연) AI 디지털교과서가 찾아왔어요 ㅣ 초등학교 4학년 수학,@불면봄바람,"외국에서는 도입했다 교육효과 전혀 없고 오히려 아이들 교육수준만 떨어져서 철회하거나 완전히 없애버린 디지털 교과서를 왜 도입하려는 것인지 설명해 보세요. 하물며 독서를 할 때도 패드로 보는 것과 종이책을 보는 것이 시폭 수준이나 역행 수준, 지문이해도 등이 달리 나오는데 전자기기로 공부를 하겠다구요? 그리고 화면에 다양한 수학교구들 나오는데 아날로그로 직접 만져보고 이해하는 것과 패드로 게임하듯 화면 전환되는 게 같다고 생각하시는지. 보조적인 도구로 쓰이는 것이지 모든 것을 ai로 해결하겠다는 생각은 누구 머리에서 나온 건가요?? 국가적 사업으로 눈먼 돈 먹으려는 게 아니고선 이런 멍청한 정책을 다들 반대하는데 밀어부친다는 건 이해할 수 없네요."
-ZUoWn6uvlc,(수업시연) AI 디지털교과서가 찾아왔어요 ㅣ 초등학교 4학년 수학,@junhokim1794,4:35 먼저 학생들을 돕는 선생님의 모습 멋져요!!
-ZUoWn6uvlc,(수업시연) AI 디지털교과서가 찾아왔어요 ㅣ 초등학교 4학년 수학,@비둘기2-s9k,교육자료를 직접보니 반대할 이유가 없겠어요. 교과서 가져온거보면 낙서나하고 빈칸도 많았거든요😂😂😂
-ZUoWn6uvlc,(수업시연) AI 디지털교과서가 찾아왔어요 ㅣ 초등학교 4학년 수학,@utube989,6교시동안 디지털교과서를 보려면 죽겠다 ai교육이나 기초컴교육 수업이나 지원하면 더 좋겠다. 막상 애들 영상만 보지 컴터 oa 구글 활용못한다. 40분수업에 개념하고 몇문제나 채점해주길래 약점과 보완할점 알려준다고?하교후 복습시간에 단원평가나 풀고나서 확인될거고 중고생은 스스로 못느낄정도면 문제가 더 있지않나?이미 존재하는 ebs 초등이나 매쓰사이트 단추도 알지도 못하고 안보는 애들이?도서관에서 찾고싶은 주제의 자기수준에 맞는 관련책부터 찾는 훈련이 더 신뢰있고 검증된 정보를 얻는 연습이지
-ZUoWn6uvlc,(수업시연) AI 디지털교과서가 찾아왔어요 ㅣ 초등학교 4학년 수학,@younghun284,4:34 질문하지않고도 선생님이 도와주시니 너무 좋네요
-ZUoWn6uvlc,(수업시연) AI 디지털교과서가 찾아왔어요 ㅣ 초등학교 4학년 수학,@김미경-z8b6t,4:33 자신에게 맞는 방식으로 심화 학습을 통해 수학의 핵심을 파악하고 수헉 실력을 늘릴 수 있다라는 점이 많은 사람들에게 반가운 소식이었을 것이라 생각하며 가장 인상깊었어요.
-ZUoWn6uvlc,(수업시연) AI 디지털교과서가 찾아왔어요 ㅣ 초등학교 4학년 수학,@루나양,4: 02     학생의  학습능력과  이해도를   충분히 분석하고   우리  학생들의 수준에 맟는   학습을 하고      어려움을 격는 학생들에게   문제에 대한    다각도의 제안을  해주는     AI  교과서   울 아이들의  학습능력을   높여주는거 같아요
-ZUoWn6uvlc,(수업시연) AI 디지털교과서가 찾아왔어요 ㅣ 초등학교 4학년 수학,@allimayun7416,"4:34 어려움을 겪는 학생을 세심하게 챙기는 선생님 최고예요!
그리고 앞으로 더 유익한 영상 업로드 기대하겠습니다!!

유튜브 구독완료도 했어요! , 최근에 회사경영 악화로 실직을 해서 많이 우울한데, 당첨이 되면 기분 전환이 될 것 같네요!! 그리고 앞으로 이 채널이 더 많은 사람들에게 사랑받길 진심으로 응원합니다!!!"
-ZUoWn6uvlc,(수업시연) AI 디지털교과서가 찾아왔어요 ㅣ 초등학교 4학년 수학,@이형진-d6l,5:07  디지털 교과서로 끝이 아닌 교육 내용으로 토론하고 의겨나누는 모습이 요즘 아이들은 당차고 야무지다라는 느낌을 받았습니다  AI 디지털 교과서 화이팅 입니다
-ZUoWn6uvlc,(수업시연) AI 디지털교과서가 찾아왔어요 ㅣ 초등학교 4학년 수학,@헐뷁,"구라치고 있네. 뭘 이해가 더 잘 돼?? 말도 안 되는 소리를 하고 있어,."
-ZUoWn6uvlc,(수업시연) AI 디지털교과서가 찾아왔어요 ㅣ 초등학교 4학년 수학,@행운수집중,6:49 수준별 학습이 가능하네요😊
-ZUoWn6uvlc,(수업시연) AI 디지털교과서가 찾아왔어요 ㅣ 초등학교 4학년 수학,@Queengodking,"5:46 수학에 대한 직관적인 이해를 돕는 AI 디지털 교과서의 활용 기능이 매우 인상 깊었습니다.  영상에서 소개된 학습 과정이 너무 흥미롭고 시간 가는 줄 모르고 집중하며 봤어요. 학생들에게 실시간으로 맞춤형 학습 기회를 제공한다는 점이 정말 매력적이었고, 학습 환경이 크게 개선될 것 같아 기대가 됩니다!"
-ZUoWn6uvlc,(수업시연) AI 디지털교과서가 찾아왔어요 ㅣ 초등학교 4학년 수학,@츄피츄피츄,"5:54 AI디지털교과서의 다양한 수학교구가 가장 인상깊었어요!
다양한 수학 교구를 통해 아이들이 능동적으로 학습하면서 수학적 사고력과 창의력을 기를 수 있는데 정말 많은 도움될것같아요!
어려운 개념도 직접 그 원리를 AI디지털 교과서로 학습하면서 책으로 풀때보다 훨씬 직관적인 이해가 가능할것같구요! 
이번 수업 시연을 통해 AI디지털 교과서에 기존에 갖고있던 선입견과 걱정이 많이 줄어들었네요! 좋은 내용 감사합니다 :)"
-ZUoWn6uvlc,(수업시연) AI 디지털교과서가 찾아왔어요 ㅣ 초등학교 4학년 수학,@Kg1ne,7:30 오답노트 기능이 정말 유용해 보여요. 틀린 이유를 설명해주니 이해도가 높아지고 학습 효과도 더좋은거같아요!!!
-ZUoWn6uvlc,(수업시연) AI 디지털교과서가 찾아왔어요 ㅣ 초등학교 4학년 수학,@하트134,"3:59
학생들이 공부에 집중할 수 있게 하면서 동시에 뒤쳐지는 학생들을 위해 직접 지도하면서 모든 학생들이 공부하고 지식을 얻어갈 수 있는 이 기술 너무 좋은 것 같습니다"
-ZUoWn6uvlc,(수업시연) AI 디지털교과서가 찾아왔어요 ㅣ 초등학교 4학년 수학,@xmj3360,5:48 더 배우고 싶으면 심화학습 가능한거요~
-ZUoWn6uvlc,(수업시연) AI 디지털교과서가 찾아왔어요 ㅣ 초등학교 4학년 수학,@yuhalogs,3:41 기초 문제 풀이부터 심화 학습까지 기본기 튼튼하게 제공해 주는 게 좋다고 생각합니다 아이들이 직접 생각할 수 있게 튼튼하게 쌓아주니 똑똑해질 거 같네요 더 발전해 더 도움이 되면 좋겠습니다 좋은 영상 감사해요
-ZUoWn6uvlc,(수업시연) AI 디지털교과서가 찾아왔어요 ㅣ 초등학교 4학년 수학,@장효선-s3f,"4:15 선생님이 정해진 화면을 클릭하면서 아이들에게도 그 화면이 공유된다는 사실이 신기하네요
         학교에선 아이들에게 교과서 몇 페이지 펴라, 아직 안폈니? 등등으로 시간을 소비하게 되는 일이 종종 있거든요
        선생님에게도 아이들에게도 편리한 기능인것 같습니다"
-ZUoWn6uvlc,(수업시연) AI 디지털교과서가 찾아왔어요 ㅣ 초등학교 4학년 수학,@onideuk43,1:36 Ai교과서 많은 긍정적인부분이있지만 그래도여론을생각해 심사숙고했으면 좋겠어요😊
-ZUoWn6uvlc,(수업시연) AI 디지털교과서가 찾아왔어요 ㅣ 초등학교 4학년 수학,@kds4885,4:34 어려움 겪는 학생을 알아서 도와주는 선생님인상깊네요. 변화하는 시대에 잘적응 했으면 좋겠어요.
-ZUoWn6uvlc,(수업시연) AI 디지털교과서가 찾아왔어요 ㅣ 초등학교 4학년 수학,@hoony39,"4:35 어려움을 겪는 학생들을 미리 파악해서 알려줄수 있어서 너무 좋은거 같아요
맞춤형 교육에 필요해서 좋아요"
-ZUoWn6uvlc,(수업시연) AI 디지털교과서가 찾아왔어요 ㅣ 초등학교 4학년 수학,@samdoleehago0717,"6:33 기존의 교과서와는 다르게, 학생 개개인의 학습 수준과 속도에 맞춰 학습 콘텐츠를 제공하는 부분이 가장 인상깊었습니다
기존의 교과서는 모든 학생에게 동일한 방식으로 제공되기 때문에 어떤 학생은 너무 쉽고, 또 다른 학생은 너무 어렵게 느낄 수 있는 부분을 AI교과서는 학생마다 다른 학습 스타일과 요구를 파악해서 맞춤형 학습을 가능하게 해주는 부분이 긍정적인것 같아요~"
-ZUoWn6uvlc,(수업시연) AI 디지털교과서가 찾아왔어요 ㅣ 초등학교 4학년 수학,@iam_ai-i6g,디지털로 하면 공부 방법 달라져야 하는데. 손으로 무조건 쓰는건 해야 함
-ZUoWn6uvlc,(수업시연) AI 디지털교과서가 찾아왔어요 ㅣ 초등학교 4학년 수학,@커피bb,7:49 단순히 수업 듣고 끝나는게 아니라 복습과 오답노트까지 수업 시간 안에 완벽하게 이해 하고 마칠수 있는 것 같아요!!
-ZUoWn6uvlc,(수업시연) AI 디지털교과서가 찾아왔어요 ㅣ 초등학교 4학년 수학,@이윤희-f8t,5:55 AI디지털교과서의 다양한 수학교구가 가장 흥미롭네요! 수학교구라고 하면 실제로 뭔가를 들고와야 한다고 생각했는데 디지털 이미지로 보이게 만들어놓은게 신기하네요😁 학생들이 직접 수학문제를 만들고 풀어본다는 게 인상깊네요😊
-ZUoWn6uvlc,(수업시연) AI 디지털교과서가 찾아왔어요 ㅣ 초등학교 4학년 수학,@력이맘마,"3:46 다양한 콘텐츠로 개념을 설명하고 단계별, 수준별 문제해결 능력을 평가하는 과정을 통해서 단원별 학습이 진행되는군요~
학습 진단을 통해서 부족한 부분은 집중적으로 관리를 할 수 있고, 학교뿐만 아니라 가정에서도 활용이 가능하다고 하니
우리 아이들, 교육주체들이 보다 나은 디지털 학습 환경으로 변화할 수 있기를 바래요❤"
-ZUoWn6uvlc,(수업시연) AI 디지털교과서가 찾아왔어요 ㅣ 초등학교 4학년 수학,@한명지-j9g,"6 :38 학생마다 다른 학습 속도와 스타일에 맞춰 콘텐츠를 제공하는 부분이 가장 인상 깊었습니다 공부가 느린 학생도 자기 페이스에 맞춰 학습할 수 있고, 잘하는 학생은 더 심화된 내용을 배울 수 있어서 학습 효율성이 증대될 거라 생각합니다"
-ZUoWn6uvlc,(수업시연) AI 디지털교과서가 찾아왔어요 ㅣ 초등학교 4학년 수학,@herbjung6637,"5:07 디지털교과서로 배우는 것으로 끝내는 것이 아니라
그 내용을 바탕으로 모둠활동 토론을 하는 것이 인상깊었습니다
토론을 준비하는 아이들의 모습이 기특했어요"
-ZUoWn6uvlc,(수업시연) AI 디지털교과서가 찾아왔어요 ㅣ 초등학교 4학년 수학,@이보호-n8e,"4:21 전부다 같은 화면을 공유하며 수업중에 다른 방해 활동을 할수없게 되어서 좋은것 같아요
선생님은 실시간으로 대시보드를 통해 학생들의 학습 이해도를 파악해서 학생들을 지도하는점도 괜찮네요
그외 토론이나 서로 의견나누고 AI장점들을 볼수있어서 좋았습니다"
-ZUoWn6uvlc,(수업시연) AI 디지털교과서가 찾아왔어요 ㅣ 초등학교 4학년 수학,@zoo3573,4:20 집중학습 모드를 통해 수업외 다른 활동을 방지하고 선생님은 실시간으로 학생들의 학습 이해도를 파악해서 어려움을 겪는 학생을 도와줄 수 있다는 점이 정말 마음에 드네요
-ZUoWn6uvlc,(수업시연) AI 디지털교과서가 찾아왔어요 ㅣ 초등학교 4학년 수학,@티니-b5c,"04:19 모두 같은화면을 이렇게 공유하는게 정말 좋네요
혹여나 다른 활동을 할것같은 내심 걱정이 되었는데 걱정 없겠네요"
-ZUoWn6uvlc,(수업시연) AI 디지털교과서가 찾아왔어요 ㅣ 초등학교 4학년 수학,@manlabshark,6:13 어려운 개념도 쉽게 알 수 있다는 점이 가장 인상 깊었어요 수학은 개념을 이해하는 것이 가장 중요하고 어려운데 아이들이 AI 디지털교과서를 통해 더욱 수학을 쉽게 접할 수 있는 길이 열린 것 같아요
-ZUoWn6uvlc,(수업시연) AI 디지털교과서가 찾아왔어요 ㅣ 초등학교 4학년 수학,@minsubang,4:34 학생들이 직접 질문하지 않아도 알아서 돕는 선생님의 모습이 정말 인상 깊습니다!  AI디지털교과서 정말 좋네요!
-ZUoWn6uvlc,(수업시연) AI 디지털교과서가 찾아왔어요 ㅣ 초등학교 4학년 수학,@jjhkjh27,4:33  교육현장의 열기 뜨겁네요❤  학생이 먼저 질문하지 않아도 바로 도와줄 수있다니 놀라워요
-ZUoWn6uvlc,(수업시연) AI 디지털교과서가 찾아왔어요 ㅣ 초등학교 4학년 수학,@luckday999,"6:31  AI가 학생 개개인의 학습 수준을 분석하여 맞춤형 문제를 제공하고, 부족한 부분을 보완할 수 있도록 도와주는
맞춤형 문제풀이가 인상적이였어요, 학생 수준에 맞게 학습할 수 있어서 많은 도움이 될 거 같아요"
ZOp_tXkpPH0,[단독] 말 많고 탈 많은 'AI 교과서'…교육자료로도 못 쓴다? / SBS 8뉴스,@bananachc,세금도둑 다 찾아내 벌 받게 해야함
ZOp_tXkpPH0,[단독] 말 많고 탈 많은 'AI 교과서'…교육자료로도 못 쓴다? / SBS 8뉴스,@양군-o7r,학부모 교사 반대가 거의 90%였는데...이걸 졸속적으로 급박하게 추진함? 진짜 이상함. 뭔가 쫓기듯이...
ZOp_tXkpPH0,[단독] 말 많고 탈 많은 'AI 교과서'…교육자료로도 못 쓴다? / SBS 8뉴스,@peterjeong3220,그넘의 돈 때문이었지.
ZOp_tXkpPH0,[단독] 말 많고 탈 많은 'AI 교과서'…교육자료로도 못 쓴다? / SBS 8뉴스,@lll-p9e1m,"저거 밀어붙인 교육부는 꼭 캐비넷이랑 책장, a4용지 싹다 갖다 버리고, 태블릿 하나로만 효율적인 ai 업무 보세요"
ZOp_tXkpPH0,[단독] 말 많고 탈 많은 'AI 교과서'…교육자료로도 못 쓴다? / SBS 8뉴스,@dhk8860,똑바로 만들기나 하고 밀어붙이던가 주호야ㅉㅉ
ZOp_tXkpPH0,[단독] 말 많고 탈 많은 'AI 교과서'…교육자료로도 못 쓴다? / SBS 8뉴스,@vlfdhks,"백년지대계... 맞냐.. 정권이 바뀔 때마다 흔들어대는데, 오년지잡계 아니냐?
제발 현장에 혼란좀 그만 주고, 이런거 하나 하나 도입된다 어쩐다 할 때마다 교사들은 연수를 얼마나 들어야하는거냐
학교에서 안 쓰더라도 선생님들이 알고 있어야 다른 학교 가서 당황하지 않고 일 하신다며 연수 강행하고...
진짜 교육은 좀 그만 흔들면 좋겠다."
ZOp_tXkpPH0,[단독] 말 많고 탈 많은 'AI 교과서'…교육자료로도 못 쓴다? / SBS 8뉴스,@아몰랑-f1o,교육부 하는 짓들이
ZOp_tXkpPH0,[단독] 말 많고 탈 많은 'AI 교과서'…교육자료로도 못 쓴다? / SBS 8뉴스,@st.constantinus8140,"한국은 돈을 함부러 쓸 정도로 정말 부유하구나
미국에서 과한 요구하는 이유를 알겠네 🎉"
ZOp_tXkpPH0,[단독] 말 많고 탈 많은 'AI 교과서'…교육자료로도 못 쓴다? / SBS 8뉴스,@prupri02,"그런데 경기도 교육청은 대책으로 서논술형 수행평가를  ai로 하겠다고 하더라고요. 
갑자기 ai로 평가를 하겠다니...  지금도 고교학점제 처음 시행으로  고등학교 학생들 충분히 힘든데 더 혼란만 가중될겁니다. 
경기도 고1 학부모인데 경기도 교육청 정책때문에 이사가고 싶습니다. 
고등학생 아이들이 실험대상이 아닙니다. 좋은 취지는 이해하지만 갑자기 도입하면 학교 선생님도 학생도 혼란스럽습니다. 
Ai평가는 충분히 몇년동안 시범과 연구를 해보고 완전히 문제점이 없는지 확인해 본 후 도입해주세요. 아이들을 외국으로 유학보내지 못한게 미안할 정도입니다. 제발 부디 졸속으로 교육정책 도입하지 말고 충분한 연구기간을 가지고 사회적합의를 마친후 도입해주세요."
ZOp_tXkpPH0,[단독] 말 많고 탈 많은 'AI 교과서'…교육자료로도 못 쓴다? / SBS 8뉴스,@1000왕이,국회를 대상으로 사기를 치다니. 대단한 공무원일세.
ZOp_tXkpPH0,[단독] 말 많고 탈 많은 'AI 교과서'…교육자료로도 못 쓴다? / SBS 8뉴스,@조은희-s5w,교과서를 아예못쓰면 다시 종이교과서로가나요?
ZOp_tXkpPH0,[단독] 말 많고 탈 많은 'AI 교과서'…교육자료로도 못 쓴다? / SBS 8뉴스,@아닌건아닌겨-y9m,당연하지~
ZOp_tXkpPH0,[단독] 말 많고 탈 많은 'AI 교과서'…교육자료로도 못 쓴다? / SBS 8뉴스,@Ganggamchan-q9s,저런거 첨부터 교사 업무 부담에 준비과정 부실.. 교육효과도 떨어지고 느리고.. 개발업체들 돈벌게 해주는 사업.. 예산낭비에.. 첨부터 문제가 많은거였을텐데..
ZOp_tXkpPH0,[단독] 말 많고 탈 많은 'AI 교과서'…교육자료로도 못 쓴다? / SBS 8뉴스,@아무고나-f3r,AI디지털 교과서에..실제 AI있나..걍 AI없고 디지털만이지..정해진 루틴대로 출력하는게 무슨 AI야..실제 AI면..학생 성취결과에 맞게 레벨 맞춰줘서 다음 단계로 진행하게 해줘야하는게..그게 있을리가 없고
ZOp_tXkpPH0,[단독] 말 많고 탈 많은 'AI 교과서'…교육자료로도 못 쓴다? / SBS 8뉴스,@TiTiHealingmusic,AI시대에 중요한건 아날로그 교육. 디지탈 기기의 과도한 사용으로 인간의 뇌가 퇴화하고 있다.ㅠㅠ
ZOp_tXkpPH0,[단독] 말 많고 탈 많은 'AI 교과서'…교육자료로도 못 쓴다? / SBS 8뉴스,@jdcs5774,윤썩열정부서 제대로 한건 민방위복 색깔 바꾼거 뿐
ZOp_tXkpPH0,[단독] 말 많고 탈 많은 'AI 교과서'…교육자료로도 못 쓴다? / SBS 8뉴스,@johnpark5559,이거 시작할 때 김건희 뭍었다는 소문 파다했슴
ZOp_tXkpPH0,[단독] 말 많고 탈 많은 'AI 교과서'…교육자료로도 못 쓴다? / SBS 8뉴스,@서랑이-v6h,"대통령은 소버린AI 하겠다고 하던데 AI교과서는 팽? 윤가 때 시작했든 뭐든 AI로 수준별 교육했을 때 학생들 학업성취도에 큰 도움이 됐다는 자료들도 있고, 교육의 빈부격차 해소에도 도움이 된다는 이야기도 많은데? 이미 사교육 시장에선 AI 개발하고 있는데 또 정치놀음에 뒷걸음질 치는 거냐? 붕당도 아니고 ㅉㅉ"
aPKIJOp51Gs,두 선생님의 AI 디지털교과서 활용기│클래스 업! 교실을 깨워라,@ireen1630,넘 좋아요 디지털 교육
aPKIJOp51Gs,두 선생님의 AI 디지털교과서 활용기│클래스 업! 교실을 깨워라,@hyeun_mood_life,네..네?
chEbEKLdCag,[현장영상] 정말 우리 아이에게 도움이 될까?... AI 디지털 교과서로 불안한 학부모들께..,@월비-m5g,디지털 교과서 판매하면 어느 곳에서 이득이에요?
chEbEKLdCag,[현장영상] 정말 우리 아이에게 도움이 될까?... AI 디지털 교과서로 불안한 학부모들께..,@라모81,뇌파 판독하는 사람으로서.... 이 영상 보고 교과서 플랫폼 회사랑 담합한 거 확신 했습니다. 개인적인 의견이요.
chEbEKLdCag,[현장영상] 정말 우리 아이에게 도움이 될까?... AI 디지털 교과서로 불안한 학부모들께..,@돼지-p9w,조정훈 의원님 홧팅 하세요
r3caRRBNAn0,"AI 디지털교과서, 애초부터 무효였다?!",@AdministratorAdministrator-z6i,나중에 특검해야 한다. 에듀테크 업체한테 얼마나 쳐먹을라고 했는지 조사해야 함
r3caRRBNAn0,"AI 디지털교과서, 애초부터 무효였다?!",@nextamore00,가뜩이나  영상 너무 많이 봐서  애들  책 자체를  안보는데 . . . 디지털교과서가  웬말이냐
r3caRRBNAn0,"AI 디지털교과서, 애초부터 무효였다?!",@웅-h9t,제발 막아주세요 진짜 AI 디지털 교과서는 죽어도 결사반대입니다 ㅠㅡㅠ
r3caRRBNAn0,"AI 디지털교과서, 애초부터 무효였다?!",@hannakim576,디지털 교과서 반대합니다
r3caRRBNAn0,"AI 디지털교과서, 애초부터 무효였다?!",@김태현-taehyeon,저도 디지털 교과서 반대입니다 고민정의원님
r3caRRBNAn0,"AI 디지털교과서, 애초부터 무효였다?!",@곽기호-y2i,표던진걸 잘바라. 개판이다.
r3caRRBNAn0,"AI 디지털교과서, 애초부터 무효였다?!",@v소크라v,"높은산 깊은골 적막한 산하 ~ 🎵 
눈내린 전선을~ 우리는 간다~
젊은 넉 숨져 간 그때 그 자리~~~
상처입은 노송은 말을 잊었네~~
전우여 들리는가~~ 그 성난 목소리 ~ 🎵
전우여 보이는가~~ 🎵🎶  한맺힌 눈동자~!!"
r3caRRBNAn0,"AI 디지털교과서, 애초부터 무효였다?!",@happymrsandman,"오늘 라디오 나와서 AI교과서 학부모들이 눈빠지게 기다리고 있다고 말하던데, 제정신인가요? 지금 해외에는 디지털 교과서 도입 후 애들이 망가져서 다시 종이책으로 넘어가고 있는데 우리나라 미래를 책임질 애들을 다 망쳐서 나라 망칠 생각입니까? 정말 화가나네요."
r3caRRBNAn0,"AI 디지털교과서, 애초부터 무효였다?!",@junopark6441,가짜가 설치노
r3caRRBNAn0,"AI 디지털교과서, 애초부터 무효였다?!",@alwaysyou7193,웃고간다ㅋㅋㅋ
r3caRRBNAn0,"AI 디지털교과서, 애초부터 무효였다?!",@starrrynightt0566,에듀테크 업체들이 교육부 고소한다고 합니다 그러니 저렇게 졸속에 불법으로 추진하려는 거죠 꼭 교육부 장관및 관련자들이 처벌 받기를 바랍니다!!
r3caRRBNAn0,"AI 디지털교과서, 애초부터 무효였다?!",@진용훈-i8s,디지털교과서영상이네요
r3caRRBNAn0,"AI 디지털교과서, 애초부터 무효였다?!",@민석손-q4h,야 수박아 나대지마라
r3caRRBNAn0,"AI 디지털교과서, 애초부터 무효였다?!",@그라가스-d1s,왕뚜껑이랑 친하신가보네요?
r3caRRBNAn0,"AI 디지털교과서, 애초부터 무효였다?!",@peterjeong3220,"ai 이름 붙이고 교육부가  출판사에 세금으로 퍼주어줄려고 하고 있고 교육청은  엄청난 예산을 들여 특정  업체에 개발 의뢰하고 온갖 강사비와 홍보비로 처붇고 있는데, 아무도 감사나 조사도 안 하고 있다.  그지같은 프로그램을 써야만  단위 학교에 지원을 하는 것도 불합리하다.  학교가 교사가 원하는 거 쓸 수 있게 해라."
r3caRRBNAn0,"AI 디지털교과서, 애초부터 무효였다?!",@김남-r1t,망해가는 민주당에 왜 남아 있지 나가면 되는데 나가서 3김과 당 만들면 되겟네...
r3caRRBNAn0,"AI 디지털교과서, 애초부터 무효였다?!",@도경-d3v,Wow  고민정 소속된 당이  망하는길로 가고 있다고  너네 집구석  망하는길로가고 있다고  표현함 좋겠냐  공인이 아나운서 지낸 사람이  싫은소리도  격있게  해야지 고민정  너  뭐야?
r3caRRBNAn0,"AI 디지털교과서, 애초부터 무효였다?!",@성창경-c1e,의원님 말씀이 아주 합리 합니다
r3caRRBNAn0,"AI 디지털교과서, 애초부터 무효였다?!",@이태홍-z2k하리,고민정 의원님 열렬한 팬입니다. 이재명 대표님 꼭 지켜야 합니다.
r3caRRBNAn0,"AI 디지털교과서, 애초부터 무효였다?!",@정반장-b5t,고민정 ❤
r3caRRBNAn0,"AI 디지털교과서, 애초부터 무효였다?!",@최지아지윤,"고민정씨
분탕질 하신다고 소문이 들리던데.
좀 가만히좀 있어요."
r3caRRBNAn0,"AI 디지털교과서, 애초부터 무효였다?!",@전연순-n7t,최고의원 떠나서 조용한가 했더니 또 시작이네 신랑 남편하고 양산가서 조용히 살아라
r3caRRBNAn0,"AI 디지털교과서, 애초부터 무효였다?!",@복희-x7c,"시대가 변하면 받아들이고
사라지는것도 국민을 위하는 참된 정치인의 모습입니다
당원은 이제 그만 당신을 거부합니다"
r3caRRBNAn0,"AI 디지털교과서, 애초부터 무효였다?!",@히뽀-q8d,"고민정 할말 못할말 가려 하자
국민이 열이 받네"
r3caRRBNAn0,"AI 디지털교과서, 애초부터 무효였다?!",@blackgaur5341,민주당 좀 떠나 주세요 부탁합니다.
r3caRRBNAn0,"AI 디지털교과서, 애초부터 무효였다?!",@하이디-f4u,고민정!! 부정선거는 자자손손 당신의 평생 꼬리표로 따라 다닐것이다 ㅋㅋㅋ
zc0SrejBP1s,"AI 디지털 교과서 도입, 공교육 강화 대책 (24.11.21.) | 정관용의 정책토론 | 국회방송",@minamin-phd,"미국 교대 교수입니다. 미국 공교육에는 크롬북이 다 들어가서 학생들 모두가 가지고 있습니다. 학교 현장에 가서 자주 수업 풍경을 보는데. 유치원 애들이 크롬북에서 학교 생활의 대부분을 보내는것을 보면. 어린 아이를 둔 학부모로써 크롬북이 의무가 아닌 사립 학교에 내 아이는 보내야겠다라는 생각이 강하게 듭니다. 고민정 국회의원이 말씀하신것처럼, 교사의 역량이 받쳐주지 못한 기술 혁신은 학생 통제 수준으로밖에 현장에서 사용되지 못한다는 점. 탁상 공론으로만 정책 결정을 고민하지 말고 이 정책을 실시하는 나라에서. 특히 모델/시범 학교만 말고 실제 평범한 아이들이 다니는 평범한 공교육 환경에서 어떻게 활용되는지 보고 더 논의하기를 바랍니다"
zc0SrejBP1s,"AI 디지털 교과서 도입, 공교육 강화 대책 (24.11.21.) | 정관용의 정책토론 | 국회방송",@김영환-t2t,"제발 학생들에게 디지털 기기 좀 쥐어주지 말자. 그렇게 하면 학생들 바보 된다고 이놈들아!!!  필기 도구(연필, 볼펜)로 직접 글을 쓰고, 친구들과 직접 대화하고 토론하고, 교사와 학생의 상호 작용에서 창의성과 인성이 길러진다 말이다.!!! 저출산으로 학생 수도 적은 마당에  또 기업에 교육권을 줄 셈이냐? 
이러다 망한다 망해, 정부 및 교육부 양반들아!!!!! 내가 당신 자녀들 과외 필요하면, 디지털 과외 프로그램 몇 개 던져 주면 기분 좋나???? 당신들 논리대로 하면, 이 세상의 모든 선생님, 강사, 교수들은 없어져야 한다. 그 대신 디지털 교과서와 관리자만 있으면 된다.
창의성과 인성은 디지털  프로그램의 구조화된 코스에서 나오지 않는다. 종이 교과서 속 내용과 또 내용의 여백에서 그 묘한 지적 호기심과 창의성이 나오는 법이다. 

어떤 것이든 현재의 체제를 부숴 버리면 자본 및 기업이 그것을 대체하게 된다. 그것이 의료계 현실이며, 지금의 교육부가 하려고 하는 만행이다. 디지털 교과서 시스템에 익숙해져 버리면, 다시 종이 교과서로 돌아올 때 얼마나 힘이 들까 생각하니 한숨밖에 안 나온다."
zc0SrejBP1s,"AI 디지털 교과서 도입, 공교육 강화 대책 (24.11.21.) | 정관용의 정책토론 | 국회방송",@아이스맨-w2h,교실에서 수업 중 아이들에게 태블릿 쥐어주면 난리가 납니다. 재밌는 장난감으로 생각하기에 다들 들썩들썩 거리죠. aidt를 사용함으로써 얻어지는 이익보다 태블릿을 계속 쥐어줬을 때의 문제점이 더 크다고 생각해요. 그리고 교육청에서 교사들이 이수했다는 aidt연수요? 지금까지 했던 연수는 실체없는 aidt를 그냥 개념만 홍보하는 시간이었습니다. 자발적으로 교사들이 들었다고요? 이수 결과가 교육청 평가에 들어간다며 꼭 이수하라고 각 학교 담당자들에게 강조했죠. 이것 저것 코스웨어 끌어와서 활용사례만 말해놓고선 연수 제목은 aidt더군요.
zc0SrejBP1s,"AI 디지털 교과서 도입, 공교육 강화 대책 (24.11.21.) | 정관용의 정책토론 | 국회방송",@ellashouse5044,"자기들 토론 관련 자료들은 종이로 다 뽑아오고 상대방 토론 할 때 메모도 종이에다가 펜으로 쓰고 앉아 있네... 안성훈교수는 준비된게 없어 보이고 정영식교수는 교사가 있어서 괜찮다고 있네... 어휴...
AI 학습자료 구독료 6.6조원 쓸 돈으로 아이들 수준에 맞게 그룹화해서 수업할 수 있게 선생님들 더 채용하고 야외에서 놀 수 있게 운동장 크게 똑바로 만들어 줘라.... 과밀학교가 신도시에 천지고 아파트 또 지으면 간이건물 만든다고 운동장만 없애고 있다..."
zc0SrejBP1s,"AI 디지털 교과서 도입, 공교육 강화 대책 (24.11.21.) | 정관용의 정책토론 | 국회방송",@이꼬르선생,AI 업체와 무슨 이해관계가 있는지 확인해봐라. 뭐든 서두르는데는 구린데가 있는것이다
zc0SrejBP1s,"AI 디지털 교과서 도입, 공교육 강화 대책 (24.11.21.) | 정관용의 정책토론 | 국회방송",@헨리조지-s4c,윤정부가 신뢰를 잃어 시도하는 정책들 다 불신한다!!!  이게 더 큰 문제다~~
zc0SrejBP1s,"AI 디지털 교과서 도입, 공교육 강화 대책 (24.11.21.) | 정관용의 정책토론 | 국회방송",@minamin-phd,디지털 문해력의 중요성이 디지털 디바이스를 교과서로 만들어야 된다는 주장을 뒷받침하는데 쓰인다는것도 참 놀랍습니다. 이 정책을 위한 논의에 컴교 교수뿐만 아니라 다양한 분야의 교수와 전문가를 초대하는것이 시급해 보입니다.
zc0SrejBP1s,"AI 디지털 교과서 도입, 공교육 강화 대책 (24.11.21.) | 정관용의 정책토론 | 국회방송",@나로나무-r4b,늘 준비가 안되있다고 하는데 그 준비는 언제 가능한건지도 고민해봅시다
zc0SrejBP1s,"AI 디지털 교과서 도입, 공교육 강화 대책 (24.11.21.) | 정관용의 정책토론 | 국회방송",@태양_자유,외국에서도 태블릿 수업 도입 했다가 문제가 많아서 다시 접었는데 왜 우리 나라는 하지 말라는거 하냐? 우리 나라가 하면 더 잘할거 같아서??
zc0SrejBP1s,"AI 디지털 교과서 도입, 공교육 강화 대책 (24.11.21.) | 정관용의 정책토론 | 국회방송",@user-bz3jq6jk1h,"단순한 문제풀이 용도 외에, AI가 아이들 교육에 도입되기에는 기술적으로 턱없이 부족할텐데, 어린 초등학생을 대상으로 테스트하는건 무리한 시도로 보입니다. AI라 이름 붙여서 기술적으로 다 해결할 것처럼 말하는 것도 무책임한 주장 같구요."
zc0SrejBP1s,"AI 디지털 교과서 도입, 공교육 강화 대책 (24.11.21.) | 정관용의 정책토론 | 국회방송",@heimabby899,진짜 반대 미친짓이지
zc0SrejBP1s,"AI 디지털 교과서 도입, 공교육 강화 대책 (24.11.21.) | 정관용의 정책토론 | 국회방송",@peterjeong3220,"솔직히
돈의 흐름이다.
교과서도 엄청난 돈의 흐름인데
디지털 교과서  아니 폼나게 ai 교과서? 거기에 침 잔뜩 흘리고 있는 출판사들 대환영

아이들이 줄어들고 있는 상황에서 출판사들 엄청난 로비

꼭 뒷조사 해보길..."
zc0SrejBP1s,"AI 디지털 교과서 도입, 공교육 강화 대책 (24.11.21.) | 정관용의 정책토론 | 국회방송",@유지원-o3y,"총선 부정선거로 재선거 일정이나 보도해라 
국제 형사 재판소 갈 수 있다더라 몰랐는데 
알아보니깐 그리고 미국에 제제까지 더해지고 국제 조사단 파견되서 재판 봤자마자 재선거 선언 하고 싶지 않으면 변론 기일 전까지 총선 재선거 일정 보도해라 우기지 말고"
zc0SrejBP1s,"AI 디지털 교과서 도입, 공교육 강화 대책 (24.11.21.) | 정관용의 정책토론 | 국회방송",@이우필-s1f,준비한 박사들과 반대되는 이유를 얘기하는 고민정의원과 주선임연구원과 수준이 너무 떨어져 보인다. 그냥 꼬투리 잡는듯 하다
zc0SrejBP1s,"AI 디지털 교과서 도입, 공교육 강화 대책 (24.11.21.) | 정관용의 정책토론 | 국회방송",@바람직한,"교사들이 자유자재로 활용할 도구만 교육적인 효과를 발휘한다
디교는 교사의 손밖이라 그냥 넋놓고 바라보게만 될것이다."
zc0SrejBP1s,"AI 디지털 교과서 도입, 공교육 강화 대책 (24.11.21.) | 정관용의 정책토론 | 국회방송",@바람직한,일론 머스크가 디교로 공부했다면 걸출한 인물이 되었을까?    참고로 충분하다
zc0SrejBP1s,"AI 디지털 교과서 도입, 공교육 강화 대책 (24.11.21.) | 정관용의 정책토론 | 국회방송",@강가멜-o8j,"자기주도학습이 아닌데 왜 강행하려할까?
비리가 있을듯.....!"
tnyWve4to0w,(수업시연) 미리 만나는 AI 디지털교과서 ㅣ 초등학교 3학년 영어,@tv-pw5kn,나다
tnyWve4to0w,(수업시연) 미리 만나는 AI 디지털교과서 ㅣ 초등학교 3학년 영어,@nedigital7,태블릿에서 드래그 녹음 터치도 가끔씩 안되고 외주 업체 어디썼냐 증말
twhtMtBc-Cc,혁신? 재앙? AI 디지털교과서,@peterjeong3220,돈이 되냐  안 되냐
LnPQCJy0-As,"교총 ""AI 디지털교과서 자율 활용하며 검증해야"" / 연합뉴스TV (YonhapnewsTV)",@동동동-p1x,자율검증이라는 허울좋은 핑계로 반 강제 추진에 협조하지 말길!
zvq8hpetGLM,오답 처리에 번역 오류까지… AI 디지털교과서 논란,@starsand999,"한심하네, 오류 투성이에. 애초에 AI는 이름만 있고,그냥 옛날 디지털 교과서랑 똑같잖아? 어디가 AI인데?"
zvq8hpetGLM,오답 처리에 번역 오류까지… AI 디지털교과서 논란,@대구-q4m,이것도 뒷거래가있을 가능성이있지 교윤관련경험 1도없는 우체국퇴직자가 교육부 자문위원된걸보면
zvq8hpetGLM,오답 처리에 번역 오류까지… AI 디지털교과서 논란,@jungminson5884,교육부 예산 낭비가 국군 예산 낭비를 넘어섬 ㅋㅋ
zvq8hpetGLM,오답 처리에 번역 오류까지… AI 디지털교과서 논란,@엥구리-m6k,이걸 우리 아이에게...하.....윤정부 미치
gFD4_RtEJAU,"""종이 교과서로 다시 돌아가면!""... AI 디지털 교과서 놓고 끝까지..  #쇼츠 #디지털교과서 #종이교과서",@peterjeong3220,AI 글자는 아냐? 아이고  LLM api 살짝 이용한 sw가 교과서로구나.  ㅋㅋ.  무식하면 용감해진다는 사실을 지금 보는 중이다.
gFD4_RtEJAU,"""종이 교과서로 다시 돌아가면!""... AI 디지털 교과서 놓고 끝까지..  #쇼츠 #디지털교과서 #종이교과서",@이달의닉넴,똑바로 알고 떠들어라 모르는소리하지말고
SEZ4eZxH5Gk,AI 디지털교과서로 진단평가도 smart하게🤖,@moa-nj7mv,저 그 초등학교 학생인데요! 6학년에 5학년때 전학 온 전학생이라 수업을 듣거나 대화해본적은 없지만.. 가끔씩 교과 가거나 급식실에서 인사드리고 있어요. 유튜브 항상 응원합니다!!
vEV73jxvKMw,"AI 디지털교과서, 수업에 이렇게 활용해요!",@dkc2018,여기가 교육부 장관 패거리 뒷돈의 흐름이군요. 예산 삭감을 강력히 요구할게요.
vEV73jxvKMw,"AI 디지털교과서, 수업에 이렇게 활용해요!",@좌노를_사랑하좌노,오~세금 짭짭하겠넼ㅋ
vEV73jxvKMw,"AI 디지털교과서, 수업에 이렇게 활용해요!",@kotsukotsu1,"하이러닝, 하이랜드랑 어떻게 연계하나요?"
4j08yq-voKw,"‘AI 디지털교과서’ 내년 도입 앞두고, 전북서도 재검토 요구 / KBS  2024.12.19.",@이영아-e2b,"제발 없앴으면 좋겠어요 애들 자세나빠지고 눈나빠지고
누굴 위한 정착인지 모르겠어요"
W3qeNL467XQ,"[대구] AI 디지털 교과서, 대구 현장에서는 외면?…실효성 논란 확산 (뉴스투데이 2025.06.02 광주MBC)",@honeybunny5015,이거 종이로 돌아가야함. 다른 선진국은 이미 돌아가는데 누굴 위한 돈벌이인지
W3qeNL467XQ,"[대구] AI 디지털 교과서, 대구 현장에서는 외면?…실효성 논란 확산 (뉴스투데이 2025.06.02 광주MBC)",@mamacoco1225,아이들이 무슨 실험실 쥐도 아니고..직접 종이를 넘기고 만지고 학습하는 공부정서가 필요하다!!타국에선 갖다버리는 시스템을 왜 사서 고생인지..
W3qeNL467XQ,"[대구] AI 디지털 교과서, 대구 현장에서는 외면?…실효성 논란 확산 (뉴스투데이 2025.06.02 광주MBC)",@양해리대표,중국에서도 폭망함  애들 눈 망가지고 집에와서도 컴터로만 공부해야하고  공부대신 게임만 하고
W3qeNL467XQ,"[대구] AI 디지털 교과서, 대구 현장에서는 외면?…실효성 논란 확산 (뉴스투데이 2025.06.02 광주MBC)",@선한.영향력-f2s,구독효로 몇조씩 나갈텐데 감당할수 있나   재정이 약한 교육청은 감당이 안될텐데
W3qeNL467XQ,"[대구] AI 디지털 교과서, 대구 현장에서는 외면?…실효성 논란 확산 (뉴스투데이 2025.06.02 광주MBC)",@방구석코난,이거  현장에서  문제  많아요..막판에  급하게  윤거니가  해쳐먹을  결심으로  한  정책  아닙니까?  지금이라도  철회해야  합니다...
W3qeNL467XQ,"[대구] AI 디지털 교과서, 대구 현장에서는 외면?…실효성 논란 확산 (뉴스투데이 2025.06.02 광주MBC)",@양미숙-j8d,활용할 환경이 안 됨. 태블릿이 열리지 않아
W3qeNL467XQ,"[대구] AI 디지털 교과서, 대구 현장에서는 외면?…실효성 논란 확산 (뉴스투데이 2025.06.02 광주MBC)",@miyounglee3185,그냥 기득권 돈벌이 ㅋㅋ. 이제 끝 대구는 그냥 애들 멍충이 만드세요
W3qeNL467XQ,"[대구] AI 디지털 교과서, 대구 현장에서는 외면?…실효성 논란 확산 (뉴스투데이 2025.06.02 광주MBC)",@jenu6713,최초 가입은 복잡하지 하다가 지연되지 기기는 갑자기 꺼지지.. 이런게 전면적인 교과서가 될 수가 있나? 그냥 장난감 수준이지
W3qeNL467XQ,"[대구] AI 디지털 교과서, 대구 현장에서는 외면?…실효성 논란 확산 (뉴스투데이 2025.06.02 광주MBC)",@김가네고시원,"이거 문제투성이에, 학교 예산은 천문학적으로 들어간 미친짓... 그나마 교육자료로 격하시키려던 법안은 최상목이 거부권 발의... 이거 제발 철회해주세요..."
W3qeNL467XQ,"[대구] AI 디지털 교과서, 대구 현장에서는 외면?…실효성 논란 확산 (뉴스투데이 2025.06.02 광주MBC)",@loveyoni,"진짜 싫어요! 집에서 한번 접속해봐도 자꾸 렉에 오류에 진행안되니 짜증나던데 학교에서 여러명 한꺼번에 접속.. 수업집중력, 미디어 과용은 정말 싫지만, 진짜 순식간에 난리판 되고 수업진행이 되겠나 싶더라고요."
W3qeNL467XQ,"[대구] AI 디지털 교과서, 대구 현장에서는 외면?…실효성 논란 확산 (뉴스투데이 2025.06.02 광주MBC)",@양파-n3n,이주호가 책임져야지...
W3qeNL467XQ,"[대구] AI 디지털 교과서, 대구 현장에서는 외면?…실효성 논란 확산 (뉴스투데이 2025.06.02 광주MBC)",@MinsuKim-cl5mu,교사나 학부모의견은 듣지 않고 그냥 밀어붙이는 대구교육감...보수라 교육부의견 들어주다..엉망이 되었네...
W3qeNL467XQ,"[대구] AI 디지털 교과서, 대구 현장에서는 외면?…실효성 논란 확산 (뉴스투데이 2025.06.02 광주MBC)",@S33Saw-c2y,"우리나라가 망한다면 대구경북 탓이다
저렇게 당해도 또 뽑아주잖아"
W3qeNL467XQ,"[대구] AI 디지털 교과서, 대구 현장에서는 외면?…실효성 논란 확산 (뉴스투데이 2025.06.02 광주MBC)",@hoyaane123,"대구는 안나와도 됩니다
형오가 아니라 자녀들에게 안보여주고 싶습니다
내란세력 아지트"
W3qeNL467XQ,"[대구] AI 디지털 교과서, 대구 현장에서는 외면?…실효성 논란 확산 (뉴스투데이 2025.06.02 광주MBC)",@Ggg-iw9xg,자율학습에 활용해야지
W3qeNL467XQ,"[대구] AI 디지털 교과서, 대구 현장에서는 외면?…실효성 논란 확산 (뉴스투데이 2025.06.02 광주MBC)",@땅땅이야기,예산이 5천억이 들어가는 큰 사업인데 실효성이 불명확하면 문제있는거 아닌가?
W3qeNL467XQ,"[대구] AI 디지털 교과서, 대구 현장에서는 외면?…실효성 논란 확산 (뉴스투데이 2025.06.02 광주MBC)",@사랑-soo,학부모 교사가 처음부터 반대 했는데 국민의힘은 왜 밀어붙인 건지
W3qeNL467XQ,"[대구] AI 디지털 교과서, 대구 현장에서는 외면?…실효성 논란 확산 (뉴스투데이 2025.06.02 광주MBC)",@이루릴_Es,"교사연수 설문조사?  그냥 “예”, “예” 만 누르지요"
W3qeNL467XQ,"[대구] AI 디지털 교과서, 대구 현장에서는 외면?…실효성 논란 확산 (뉴스투데이 2025.06.02 광주MBC)",@Universe_of_Mobius,2:23  2:34   애들 거북목 만들기 대작전인가
W3qeNL467XQ,"[대구] AI 디지털 교과서, 대구 현장에서는 외면?…실효성 논란 확산 (뉴스투데이 2025.06.02 광주MBC)",@Ggg-iw9xg,만족도 높다는 공무원 누구냐???
W3qeNL467XQ,"[대구] AI 디지털 교과서, 대구 현장에서는 외면?…실효성 논란 확산 (뉴스투데이 2025.06.02 광주MBC)",@양미숙-j8d,맨날 퀴즈만 함
W3qeNL467XQ,"[대구] AI 디지털 교과서, 대구 현장에서는 외면?…실효성 논란 확산 (뉴스투데이 2025.06.02 광주MBC)",@wrinklefreetoto,신명이가 콩고물 떼먹으려 벌인 짓 아니었던가?
W3qeNL467XQ,"[대구] AI 디지털 교과서, 대구 현장에서는 외면?…실효성 논란 확산 (뉴스투데이 2025.06.02 광주MBC)",@김운호-t7j,대구의 이중성 니들은 받아들여야지 나들이 나라팔아먹어도 지지하는 국짐 윤씨의 정책인데
W3qeNL467XQ,"[대구] AI 디지털 교과서, 대구 현장에서는 외면?…실효성 논란 확산 (뉴스투데이 2025.06.02 광주MBC)",@얼큰이돈까스,느그윤이 적극 추진한건데 믿고 따라줘야지
W3qeNL467XQ,"[대구] AI 디지털 교과서, 대구 현장에서는 외면?…실효성 논란 확산 (뉴스투데이 2025.06.02 광주MBC)",@jgjshfy,대구는 도대체...
W3qeNL467XQ,"[대구] AI 디지털 교과서, 대구 현장에서는 외면?…실효성 논란 확산 (뉴스투데이 2025.06.02 광주MBC)",@키다리195,애들 디지털 중독 가속화
W3qeNL467XQ,"[대구] AI 디지털 교과서, 대구 현장에서는 외면?…실효성 논란 확산 (뉴스투데이 2025.06.02 광주MBC)",@전광호-b1i,에이아이 말도안된다 짇짜 전면재검토해 ai업체들도 정신차려라
W3qeNL467XQ,"[대구] AI 디지털 교과서, 대구 현장에서는 외면?…실효성 논란 확산 (뉴스투데이 2025.06.02 광주MBC)",@peterjeong3220,교육부와 교육청 관련자들과 업체가 원팀이 되어 한탕 해먹으려는 거다
W3qeNL467XQ,"[대구] AI 디지털 교과서, 대구 현장에서는 외면?…실효성 논란 확산 (뉴스투데이 2025.06.02 광주MBC)",@동대구-g4l,당신들이 뽑아주는 국민의힘 아닙니까. 자기들끼리 돈 잔치 해야되니 계속 참으세요
D5lYwEBwrR0,사교육 대책의 핵심 AI 디지털 교과서,@aj-r7mnjnkjnjnjknjnjknk,진짜 엄청 뭔가 받아먹은듯?
D5lYwEBwrR0,사교육 대책의 핵심 AI 디지털 교과서,@메루-m7p,진짜 정확히 사범대가면 1학년때 전공서에서 배우는 이론적인 얘기만 주구장창 하심..😊
D5lYwEBwrR0,사교육 대책의 핵심 AI 디지털 교과서,@하루천만-g1d,내려오세요. 그자리 에서 내려오세요.
D5lYwEBwrR0,사교육 대책의 핵심 AI 디지털 교과서,@대공영1,이거 뒷배는 누구냐 또 ㅋㅋㅋ
D5lYwEBwrR0,사교육 대책의 핵심 AI 디지털 교과서,@김효진-k9c,미디어중독에 걸린 시대에 Al교과서라~
D5lYwEBwrR0,사교육 대책의 핵심 AI 디지털 교과서,@Sylee0327,ㅋㅋㅋㅋㅋㅋㅋㅋㅋㅋㅋㅋ기가막힙니다...애들 망치는 지름길이 아니구요?
D5lYwEBwrR0,사교육 대책의 핵심 AI 디지털 교과서,@user-vm5ls9kg7c,"두뇌발달은 인간 스스로 메타인지를 이용해 부족한 점을 찾아 발전시키는 것으로 가능한데 ai가 주는대로 배우는게 과연 효과적일까요? 
이건 그냥 ai의 노예가 되는거죠"
D5lYwEBwrR0,사교육 대책의 핵심 AI 디지털 교과서,@aboutbini,맞춤 교육의 장점보다는 애들 집중력 저하될 거라는 단점이 더 먼저 생각나네요 😭
D5lYwEBwrR0,사교육 대책의 핵심 AI 디지털 교과서,@제이맘-p6l,과학고 자사고 소위 명문고에서 휴대폰걷는 이유를 좀 생각해봐라  결국 학원교사 일대일 맞춤교육 받으려고 사교육이 더 비싸지는거지~ 학원은 학교보다 더 똑똑하고 빠르다... 돈벌어야지
D5lYwEBwrR0,사교육 대책의 핵심 AI 디지털 교과서,@qwer-i5b,미쳤다. 우두머리가 저러니
D5lYwEBwrR0,사교육 대책의 핵심 AI 디지털 교과서,@ssongdee,"초등은 제발 빼라
학습보다 발달이 더 중요한 시기다
초등때 학습 좀 더 잘해서 뭐하나
학습은 나중에 해도 되지만
발달은 시기를 놓치면 돌이킬 수가 없다고!"
D5lYwEBwrR0,사교육 대책의 핵심 AI 디지털 교과서,@dkc2018,"아이들은 흙, 물, 공기와 접촉을 늘려야함. 더 이상의 디지털은 아이들을 병들게 하고 있다는걸 지금 이 순간의 초중고 학생들에게서 보이는데 뭔 개소리야?"
D5lYwEBwrR0,사교육 대책의 핵심 AI 디지털 교과서,@hjw-k6h,미쳤군. 외계에서 왔나.
D5lYwEBwrR0,사교육 대책의 핵심 AI 디지털 교과서,@user_775,공부 안하려는 애를 AI가 상담해서 공부하게 만들 수 있어? ㅋ
D5lYwEBwrR0,사교육 대책의 핵심 AI 디지털 교과서,@최용준-z6p,AI 교과서로 배우면 학벌이 없어지나요? 취직걱정 없어지나요? 경쟁이 없어지나요? 므슨 사교육대책?
D5lYwEBwrR0,사교육 대책의 핵심 AI 디지털 교과서,@QueensCho,아작도 교육부장관 이라니~!!!
D5lYwEBwrR0,사교육 대책의 핵심 AI 디지털 교과서,@rueidudjidjdjdjd,"학교 교사는 아니고 아이들은 가르치는 일을 하고 있는 사람입니다. 참고로 사범대 출신에 교원자격증도 있는 사람입니다.
개인적인 사견을 말해보자면, 개인별 수준학습을 AIDT(에이아이디지털교과서)를 홍보하면서 굉장히 많이 강조하고 있습니다. 그런데 재 생각엔 공교육에서 개인별 수준학습은 아닌거 같다는 생각이 듭니다.
지극히 사적인 의견으로 공교육의 기준은 정상적인 지능과 배경을 갖춘 학생이라면, 노력을 통해 얻을 수 있는 정도라고 생각합니다. 그렇기에 공교육은 사교육처럼 가장 높은 위치에 있는 학생을 기준으로 하는 것이 아니라, 가장 낮은 위치에 있는 학생을 기준으로 설정하고 끌어올릴 수 있도록 설계해야하다고 생각합니다.
 그런데 수준별 학습을 진행하게 되면 사교육을 받은 학생들은 당연히 본인의 학년보다 높은 수준의 학습을 진행하게 되고, 그렇지 못한 생각은 뒤쳐지게 될 것입니다. 그리고 이게 초등학교 때부터 이어지면 중고등 학교에 다다르면 격차는 더 심해질 겁니다. 그럼 하위에 있는 학생들은 어린시절부터 반복된 좌절을 경험하게 됩니다. 교육계나 심리학계 혹은 배운 부모라면 어린시절 '학습된 무기력'이 얼마나 위험한지 아실 겁니다.
공교육은 사교육과 확실히 구분되야 합니다. 그렇지 못하면 어린시절부터 학습격차는 점점 커지고, 이런 현상이 지속되면 훗날 사회전체가 무기력과 물질만능주의에 빠질 수도 있습니다."
D5lYwEBwrR0,사교육 대책의 핵심 AI 디지털 교과서,@hy_lee1457,"나쁜 인간  무능하고 소신없고 의대 망치더니 전 교육 망치려는 건가?
누가 이 사업 꼭 해야돼나?"
D5lYwEBwrR0,사교육 대책의 핵심 AI 디지털 교과서,@아줌마방글,미치겠다 진짜 .  대안 학교 예약 걸아야 하나
D5lYwEBwrR0,사교육 대책의 핵심 AI 디지털 교과서,@oldboy0202,"학교는 학습만 하는 곳이 아니다.
공감, 소통교육 중요하고?
Ai로 점점 인간들의 교류줄어들고 그 부분은 예체능으로 메꾸든?
점점 예체능으로 메마른 감정, 정서채워야하고?
학습적으로는 좋음.
잘 만들었음.
그러나 전수업을 태블릿으로 하는 건 반대임.
집에서 나머지 보완하든?
기계화로 점점 소통줄어드는데 학교교육까지?
세계 최초 마케팅한다 아이들 망침.
기계는 한 대씩 지원하되, 수업은 오후 2시간정도?
밥먹고 잠오니 게임처럼이 좋지?
아침 9시가 집중도가 가장 좋은 때인데?
그 때 책으로 집중, 통제능력길러줘야지?
이건 아니지?"
D5lYwEBwrR0,사교육 대책의 핵심 AI 디지털 교과서,@그린만다린-c4t,"이주호 AI야 
휴 아이들 망치는 길
말도안되는 소리"
D5lYwEBwrR0,사교육 대책의 핵심 AI 디지털 교과서,@연홍12345,"애들이 쓰지 않고 터치만으로 성장한다? 읽고 쓰고 하면서 문명은 발달해왔습니다. 초4, 초2. 키우고 있는 엄마 입니다. 디지털기기 우리아이들은 없습니다. 처음엔 줬었죠. 부작용이 너무나 많아서 지금은 아예 없앴습니다. 초4 아이가 그러더군요 태블릿으로 공부할 때 보다 속도도 더 낫고 알아보기도 쉽다구요. 뒤로 넘겨보기도 좋다고 합니다.

이걸 한다고 사교육을 덜한다구요? 아닐겁니다."
D5lYwEBwrR0,사교육 대책의 핵심 AI 디지털 교과서,@포도송이-s4n,말도안돼
D5lYwEBwrR0,사교육 대책의 핵심 AI 디지털 교과서,@장주인백,"AI교과서는 2가지 종류가 있는데 
1.첫째 눈을 피곤하게 하지 않는 자료중심의 디지털 교과서 말 그대로 전자책이 있고
2.둘째 테블릿이나 노트북처럼 자료를 검색하고 교사와 학생간 온라인 연결된 눈이 피로한 컴퓨터 화면의 디지털 북이 있다.
대부분의 성인들은 이 전자책 과 디지털북을 구분하지 못하고 
이번 교육 정책의 AI디지털 교과서는 그냥 노트북이 교실수업에 활용된다고 보면 된다."
D5lYwEBwrR0,사교육 대책의 핵심 AI 디지털 교과서,@hyeonseohyeon3483,"어떤기업과 태블릿 계약 되었나요?
왜 무리하게 미리 계약하고 발주를 넣어서 
투자한 기업도 막대한 손해 
당장 준비되지 않은 학교에 바로 3월부터
투입이 가능한건지?!!
충분히 논의를 거쳐 몇년부터 시행 합의하에 
기업과 계약을 해야지
현재 학교 선생님 학생 학부모 다 반대하는데 
이 무슨 예산 낭비인지 
도대체 교육을 사업으로 생각하는건지"
D5lYwEBwrR0,사교육 대책의 핵심 AI 디지털 교과서,@kanghumjo9758,참...  할말이 없다
D5lYwEBwrR0,사교육 대책의 핵심 AI 디지털 교과서,@이진경-z4u,이런 아이디어는 누구머리에서 나왔을까?
D5lYwEBwrR0,사교육 대책의 핵심 AI 디지털 교과서,@holypingpongman.8262,"덕분에 사교육을 더 필요로 하겠네요 
ㅋ 
땡큐입니다~~"
D5lYwEBwrR0,사교육 대책의 핵심 AI 디지털 교과서,@좌노를_사랑하좌노,뭐랰ㅋ
D5lYwEBwrR0,사교육 대책의 핵심 AI 디지털 교과서,@hwi_ba_hwiba,"AIDT 종류별로 보셨나요? 상상속에 AI를 이야기하시는 것만 같은 비현실적인 논리

잘함과 매우잘함 그 사이 어딘가에 있는 아이들이 “점검”,“확인”하기위해서 총정리 수준별로 상중하 나눠진 디지털교과서라고 생각이 드는데요

기초확립이 필요한 학생들에게는 절대 권장하고 싶지 않은/ 교육자료로라도 말이죠

이게 최선으로 만들어진 거 맞는지요??"
D5lYwEBwrR0,사교육 대책의 핵심 AI 디지털 교과서,@Saera-k2d,AI컨텐츠가 한명한명 학생에게 어떻게 습득까지 시킵니까? 결국 그 아이가 읽고 보고 이해해야하는데요.
D5lYwEBwrR0,사교육 대책의 핵심 AI 디지털 교과서,@sdfjo1iu23,글도 못 쓰는 아이들이 디지털 교과서라고 효과적으로 학습이 될까?
D5lYwEBwrR0,사교육 대책의 핵심 AI 디지털 교과서,@꿍식이-q9e,국민 우매화 작업
D5lYwEBwrR0,사교육 대책의 핵심 AI 디지털 교과서,@junjuneastnorth,니 자식이나 손자 사교육없이 3년시키고 말해라
D5lYwEBwrR0,사교육 대책의 핵심 AI 디지털 교과서,@Raphael-YJ,"저게 실현되려면 AI가 진짜로 능동적으로 교사수준으로 학생을 진단할 수 있어야함
수준에 따른 과제나 자료를 제공하는건 옛날부터 가능했는데
진단이 어려운거"
D5lYwEBwrR0,사교육 대책의 핵심 AI 디지털 교과서,@이진경-z4u,그건 당신생각이고~
D5lYwEBwrR0,사교육 대책의 핵심 AI 디지털 교과서,@료콩맂,뭔 돈을 얼마나 쳐받았길래 강행하는건지..아 정말 다싫대잖아 맞춤교육이고뭐고 좋을게 없는거 정말 몰라서 그러나요? 본인 애들 다 키웠다 이건가
D5lYwEBwrR0,사교육 대책의 핵심 AI 디지털 교과서,@Imperator-y5e,"이거 공교육에서도 잘 안쓰고 되게 싫어하던데 ㅋㅋㅋ무슨 신기술만 나오면 좋은 건줄 아는데, 무조건 때려 넣는다고 좋은게 아닌듯... 교육의 보조도구여야지"
D5lYwEBwrR0,사교육 대책의 핵심 AI 디지털 교과서,@eunheejeon1325,영국에서 공부하는데 여기도 종이책은 안쓰고 온라인 플랫폼을 사용해서 노트북이나 패드만 들고 다니지만 수업은 샘과 학생들이 함께 토론하고 발표하면서 관계에 더 집중한다. 디지털은 교실밖에서도 과제를 위해서 샘이나 또래와 편리하게 소통하고 협업하기 위한 도구와 과제 제출용으로만 쓰일 뿐 AI를 막진 않지만 개인의 생각을 많이 존중하고 인정하는 분위기가 형성되어 AI에 몰입하지 않는다.. AI를 잘 다룰 수 있을 때 시도를해도 늦지 읺을텐데ㅠㅠ 제발 나라걱정 좀 해주시길..😢
D5lYwEBwrR0,사교육 대책의 핵심 AI 디지털 교과서,@ppoiuytt,ㅋㅋㅋ 뭔소린지 모르겠네
D5lYwEBwrR0,사교육 대책의 핵심 AI 디지털 교과서,@이송희여,비정상적인사교육을뿌리뽑아야합니다
D5lYwEBwrR0,사교육 대책의 핵심 AI 디지털 교과서,@라파루치,미쳤군. 진짜. 저걸로 사교육이 없어질거라교 진짜 믿는건가...
D5lYwEBwrR0,사교육 대책의 핵심 AI 디지털 교과서,@두두둥-c4i,이분 교육관련전공 아니시죠?..
D5lYwEBwrR0,사교육 대책의 핵심 AI 디지털 교과서,@문고은-q8i,중독 중독
D5lYwEBwrR0,사교육 대책의 핵심 AI 디지털 교과서,@께루께로,교사는 결국 보육인이 되는거군요
D5lYwEBwrR0,사교육 대책의 핵심 AI 디지털 교과서,@user-5gg879,큰 뜻은 좋은데요... 날치기로 하니까 그렇죠.. 애들 교육이 그리 중요하면 많은 검증이 이루어진 결과물을 가지고 교육응 해야죠...
D5lYwEBwrR0,사교육 대책의 핵심 AI 디지털 교과서,@mastermoonsun9662,엘리하이 씽크빅 하고 싶은애들은 그거하면 되지 왜 그걸 공교육으로 끌고와? 그럼 선생은 왜 필요하냐? 세금으로 업체들 배불리려는거 뿐이 더되나?
D5lYwEBwrR0,사교육 대책의 핵심 AI 디지털 교과서,@케이-g1l,저걸 한다고 사교육이 줄어든다고?????????진심이냐????
D5lYwEBwrR0,사교육 대책의 핵심 AI 디지털 교과서,@26clover,아 욕은 나오지만 진짜 열받게한다
D5lYwEBwrR0,사교육 대책의 핵심 AI 디지털 교과서,@sophia4716,여보세요. 문제은행식으로 틀리면 계속 비슷한 문제로 풀라고 나오고 그게 애들한테 맞는 학습인가요? 사교육을 줄인다? 웃기지 마세요.
D5lYwEBwrR0,사교육 대책의 핵심 AI 디지털 교과서,@JHC-k6g,하이터치고 뭐고 절반은 자고 절반은 사다리타기 도박하고...그냥 10%만 따로모아  국가 역량을 집중하자. 나머지90%는  자유롭고 인간적이면서 스트레스 없이 낭만이 넘치는 학창생활을 할수잇게 점심 잘 먹이고 수업시간에 푹잘수잇도록 침낭제공하자
D5lYwEBwrR0,사교육 대책의 핵심 AI 디지털 교과서,@ellenb2092,그냥 시험쳐서 성적대로 대학가라 수행 다 때려쳐 독서만 해도 충분하다
D5lYwEBwrR0,사교육 대책의 핵심 AI 디지털 교과서,@yy-no2sg,"선생님이 아이들을 파악해야지 AI가 하면 선생님이 왜 필요하냐
반대야반대
더이상의 미디어는 아이들을 망친다"
D5lYwEBwrR0,사교육 대책의 핵심 AI 디지털 교과서,@한마음-i5j,그런거라면 온라인 교육도 많은데 굳이 학교에서 하겠다는건지....학부모들이 반대한다는데 왜 교육부 장관만 하겠다고 그러는지.  애들 입장에서 생각해 주시길.....
D5lYwEBwrR0,사교육 대책의 핵심 AI 디지털 교과서,@쩡이이모의樂,"1:1교습소도 아니고, 교사들이 지금도 한 반 안에서 수준격차때문에 수업진행을 어려워하는데요...  다수를 상대하시는 우리 선생님들의 교육적인 측면에서 AI 학습이 정말 다 아우를 수 있으리라 생각하십니까? 정말 이게 격차를 줄이고 사교육을 줄여줄까요? 한 아이는 중1 수준이고 한 아이는 초3수준인 초 6 교실에서 개인 맞춤화된 교과서를 통해 수업을 진행하려면 그 아이 각.각. 다 교사가 파악하고 과제, 수업진행을 각.각. 다 짚어주셔야 합니다. 대략 1시간 안에서 30명 가까이 되는 아이들을 한명한명 다 체크 하면서 수업진행이 될꺼라 생각하시나요? 시범진행학교 데이터 있으십니까ㅡ? 우리 학원선생님들도 어려워하실겁니다. 직접 3개월간 수업 해보시고 추진해보세요. 초등학교 선생님들 업무 무덤으로 밀어넣고 교육질을 떨어뜨릴겁니다."
D5lYwEBwrR0,사교육 대책의 핵심 AI 디지털 교과서,@수기-x4u,"교육부수장이 어떻게 이렇게 생각할 수 있는지ㅠ  교사, 학부모 중에서 누가 이걸 바란다고"
D5lYwEBwrR0,사교육 대책의 핵심 AI 디지털 교과서,@hindoong22,미쳤네. 아이들 뇌발달에 얼마나 악영향인데. 미쳐돌아가네!!!!
D5lYwEBwrR0,사교육 대책의 핵심 AI 디지털 교과서,@클로에펄스,🐕 소리다
D5lYwEBwrR0,사교육 대책의 핵심 AI 디지털 교과서,@franchesca98,방문판매원의 허위광고 같아요.😢
D5lYwEBwrR0,사교육 대책의 핵심 AI 디지털 교과서,@wisegonkim500,"AI 디지털 교과서가 미래 교육의 모습인건 맞습니다. 
그런데 지금 나온 디지털 교과서는 너무 허접해요. 
대부분의 선생님들이 반대하고 있다네요.
AI라는 이름을 붙이기도 민망하지요?"
D5lYwEBwrR0,사교육 대책의 핵심 AI 디지털 교과서,@아틀란티스-k9d,"솔직해라 이주호야
디지털교과서 시행으로
니 임기중 그지 업적남기고
서업으로 얼마나 많은 돈이 생기길래 이래도입 하는거냐??
그냥 돈생겨서 강행하는거로밖어 안보인다 이자식아"
D5lYwEBwrR0,사교육 대책의 핵심 AI 디지털 교과서,@jeanyork6163,글쎄요? 교과서는 종이책이 최고라고 믿습니다
D5lYwEBwrR0,사교육 대책의 핵심 AI 디지털 교과서,@킴쳐키,아  진짜  너무 싫어요 ㅜ ㅜ
D5lYwEBwrR0,사교육 대책의 핵심 AI 디지털 교과서,@leeda4405,"결국 공부는 인간이 스스로 사고하면서 공부하는거다.
이권개입이 의심된다"
D5lYwEBwrR0,사교육 대책의 핵심 AI 디지털 교과서,@하브르몽이네,구라임
D5lYwEBwrR0,사교육 대책의 핵심 AI 디지털 교과서,@정지연-n8c,영업사원이냐? 대세가 페이퍼북이다 이눔아!! 교육 제대로 망친 최악의 장관 이주호 천벌받을거다
D5lYwEBwrR0,사교육 대책의 핵심 AI 디지털 교과서,@ladysuyoung,어떻게 ㅠㅠ 파악이 되나요..
D5lYwEBwrR0,사교육 대책의 핵심 AI 디지털 교과서,@박진호-x4d,AI교과서 이주호   증거 내봐라
D5lYwEBwrR0,사교육 대책의 핵심 AI 디지털 교과서,@user-bp1hc3gb5h,돈돈
D5lYwEBwrR0,사교육 대책의 핵심 AI 디지털 교과서,@F_humor,"야~ 리박스쿨 알지?
초등학생을 극우로 만들려 했냐?"
D5lYwEBwrR0,사교육 대책의 핵심 AI 디지털 교과서,@Abcjfg-x5k,"Ai 교과서를 제대로 만들었으면 모르지

근데.. 그냥 무료 오픈 AI보다 못하던데"
D5lYwEBwrR0,사교육 대책의 핵심 AI 디지털 교과서,@sue5716,"교육을 한 명 한 명에게 알고리즘으로 편협한 부분만 보여주면 안되죠 교육이면 더더욱 
무슨 얼마나 해먹을라고 
애들 뇌망치기 프로젝트를 이렇게 거창하게 말하는고야"
D5lYwEBwrR0,사교육 대책의 핵심 AI 디지털 교과서,@ciallang,"사교육은 대학교평준화 내신수능 절대평가 하는거 아닌이상 안없어짐. 수능과목 하향평준화한다고 될일이 아님. 사교육의 본질을 전혀 이해를 못하고있잖아.
그리고 AI 디지털교과서 거창한데 걍 애들 교실에서 인강듣게 하고 교사는 관리자로 두겠다는 거임. 바보인가? 좋은인강이 널려도 그걸 다 안듣는애들 천지고, 공부할 맘 있으면 인강있어도 굳이 번거롭게 현강듣는 이유가 뭐겠냐고. 
그리고 AI시대에도 문해력은 중요함. 그건 의사소통하려면 기본 능력이니까. 인간이 AI기술을 구현하고 구동하고 이해하려면 무엇보다 문해력이 중요함. AI가 그것까지 대신해줄수 있을거같냐. AI활용법은 굳이 시간써서 안가르쳐도 순식간에 배움."
D5lYwEBwrR0,사교육 대책의 핵심 AI 디지털 교과서,@Persistent-o2s,수준이 딱 김형숙이네 헐 사기도 전염되는건가 원래저런건가
D5lYwEBwrR0,사교육 대책의 핵심 AI 디지털 교과서,@KimDDueRR,현직입니다. 까는 소리 하네 진심. 아이들을 퍼라미터로 입력하나? 아이들의 뭘 파라미터화 하지? LLM이 판단과 평가까지 하냐??
D5lYwEBwrR0,사교육 대책의 핵심 AI 디지털 교과서,@레오-n5o,지나가 보면 우파정책이 다 맞더라
D5lYwEBwrR0,사교육 대책의 핵심 AI 디지털 교과서,@뭉쳐야산다_00,아 AI 디지털 교과서가 두종류군여 교과서가 전부 전자책만 있는줄 알고 반대 했는데 그게 아니었군요 외국 학교에서는 학교에서 수업시간에 패드를 각 학생한테 제공 해요 그래서 그걸로 학교네서 앱으로 문제도 풀고 이어폰 꽂고 발음도 듣고 공부해요 보편화 되어 있어요 아마 이주호 장관님이 말씀하시는 건 그걸 말하는것 같네요
D5lYwEBwrR0,사교육 대책의 핵심 AI 디지털 교과서,@AI-starsong,전혀 아닙니다
D5lYwEBwrR0,사교육 대책의 핵심 AI 디지털 교과서,@리아콩-m4q,"흠.. 전 괜찮아 보이는데, 대부분의 댓글이 회의적이네요.."
D5lYwEBwrR0,사교육 대책의 핵심 AI 디지털 교과서,@daleumui_chai,지ㄹ ㅏㄹ도 풍ㄴ ㅕㄴ이고 웃기고 ㅈㅏㅃ ㅏ ㅈ ㅕㅆ네
D5lYwEBwrR0,사교육 대책의 핵심 AI 디지털 교과서,@kimbokyoung7,앵무새처럼저발언만백번들음
D5lYwEBwrR0,사교육 대책의 핵심 AI 디지털 교과서,@지구촌,윤정권 이주호~^^ 늘봄에 1조6천억 ㅎ 댓글부대양성
D5lYwEBwrR0,사교육 대책의 핵심 AI 디지털 교과서,@해물낚시광,"일반 교과서는 교과서에 인쇄된 내용의 예시만 보고 이해 해야함. 그림과 글로만이해해야 하며 개인 이해도에 따라 추가로 과외를 해야 여러 예시를 접할수 있음.

ai교과서는 문제 또는 예시가 이해가 될때까지 다른 예시를 볼수 있음. 또 응용방법에 대해 더 알려줄수 있음.
그림. 영상. 글. 소리를 통해 배우고 학생 개인 능력에 따라 수업의 난이도를 조정할수 있음. 
여기서 ai교과서에 핵심기능은  이해할수 있을때까지 교육 가능하다는 것"
D5lYwEBwrR0,사교육 대책의 핵심 AI 디지털 교과서,@peterjeong3220,ㅋㅋ  그냥 돈 지랄 하는 중...
D5lYwEBwrR0,사교육 대책의 핵심 AI 디지털 교과서,@정의로운사회-dogout,진짜 그냥 이정부는 그럴싸해보이게 수박 겉핥기만 있다. 이건 뭐 80년대 때 집에 콤퓨타 한대 있으면 못할게 없다 뭐 이딴 수준 아님????
D5lYwEBwrR0,사교육 대책의 핵심 AI 디지털 교과서,@shaunkim790,미치겠다....당신아이나 하루종일 타블렛 보고 공부하라그래
D5lYwEBwrR0,사교육 대책의 핵심 AI 디지털 교과서,@희망-g2w,이건아니다
D5lYwEBwrR0,사교육 대책의 핵심 AI 디지털 교과서,@choi5032,ㅎㅎ 하나도 준비되지 않음.
bPry0hsBAXk,“빠른 학습자·느린 학습자 모두 챙겨요” 내년 AI 디지털 교과서 도입,@김태호-j5i,아이가 무엇을 하는지 뒤에 감시하는 알바 한명씩 넣지 않으면 40%는 딴 짓한다.
bPry0hsBAXk,“빠른 학습자·느린 학습자 모두 챙겨요” 내년 AI 디지털 교과서 도입,@김태호-j5i,그렇지 않아도 글자와 친하지 않는 동영상 문명시대만 앞당긴다.
bPry0hsBAXk,“빠른 학습자·느린 학습자 모두 챙겨요” 내년 AI 디지털 교과서 도입,@Just-ib8bo,정착이 쉽지 않을 듯😮
fvHp65N6VM8,AI 디지털 교과서 내년 도입…채택 논란은 격화 / KBS  2024.11.29.,@Kindly_cioa,"진짜 싫다,,,공부도 안되고
도데체 이게 뭐지? 수업을좋아하는건
무슨 더 집중이 안되겠다"
fvHp65N6VM8,AI 디지털 교과서 내년 도입…채택 논란은 격화 / KBS  2024.11.29.,@김영환-t2t,성장기 학생들을 클릭만 하는 좀비로 만들 셈인가?
fvHp65N6VM8,AI 디지털 교과서 내년 도입…채택 논란은 격화 / KBS  2024.11.29.,@andrew10129,이건 좀 아니지 않냐?
8hw4k3-pSn4,고양이 단어도 인식 못하는 AI 디지털교과서?...전자사전보다 못하다,@Jtvnews2021,구독과 좋아요 JTV뉴스를 응원해주세요 감사합니다
8hw4k3-pSn4,고양이 단어도 인식 못하는 AI 디지털교과서?...전자사전보다 못하다,@sunsaninjeong,"해쳐먹을 결심!!!
안되지
지금 이마당에"
8hw4k3-pSn4,고양이 단어도 인식 못하는 AI 디지털교과서?...전자사전보다 못하다,@삼호이령,와 진짜 교육부 장관만 나오면 고구마 천개먹은거같다..지금까지 학부모랑 선생님 모두 반대를 하고있는데  그리고 말하는거 보면 생각조차 안하고 누가 하라니깐 시키는대로 하는거구만..물어보면 대답을 제대로 하는게 없어...진짜 속터져 뒤지겠다...
8hw4k3-pSn4,고양이 단어도 인식 못하는 AI 디지털교과서?...전자사전보다 못하다,@styuri10,CAT > 고양이 라는 데이터가 이미 들어있는데 고양이 > CAT이 무슨 데이터 축척이 필요하냐 말이면 다인가 지 멋대로네.
8hw4k3-pSn4,고양이 단어도 인식 못하는 AI 디지털교과서?...전자사전보다 못하다,@권성국-h4k,수천억 들여서 싸구려 AI 애들한테 가르치냐?
8hw4k3-pSn4,고양이 단어도 인식 못하는 AI 디지털교과서?...전자사전보다 못하다,@해봅시다-r1m,저런 교육부장관 누가 임명한거냐?
8hw4k3-pSn4,고양이 단어도 인식 못하는 AI 디지털교과서?...전자사전보다 못하다,@초록물고기-b1b,교육부장관은 문제를 인식조차 못하나? 앞으로 좋게가야한다라는 공허한 원론만;;;; 계약이 어떻게 이뤄졌는지부터 살펴봐라
8hw4k3-pSn4,고양이 단어도 인식 못하는 AI 디지털교과서?...전자사전보다 못하다,@쟈스-p6k,ai교과서가 100프로 완벽하지 않는데… 좋은 종이 교과서 놔두고 이걸 왜써요??
8hw4k3-pSn4,고양이 단어도 인식 못하는 AI 디지털교과서?...전자사전보다 못하다,@ParkHS-h2b,민주당의원은 인재가 많은듯
8hw4k3-pSn4,고양이 단어도 인식 못하는 AI 디지털교과서?...전자사전보다 못하다,@하늘은파랗다-b2p,내년3월이면 교사 연수를 해야하고 교재도 만들어야하는데. 왜 이걸 해야하냐? 예산도 부족한데...
8hw4k3-pSn4,고양이 단어도 인식 못하는 AI 디지털교과서?...전자사전보다 못하다,@skyf-1491,마약을 하나 정신을 못차리는듯
8hw4k3-pSn4,고양이 단어도 인식 못하는 AI 디지털교과서?...전자사전보다 못하다,@쒼나고,저건 먹고땡과 제공 교육업체 비리다
8hw4k3-pSn4,고양이 단어도 인식 못하는 AI 디지털교과서?...전자사전보다 못하다,@lena-q6y8g,교육망치려고 작정을 했구나.
8hw4k3-pSn4,고양이 단어도 인식 못하는 AI 디지털교과서?...전자사전보다 못하다,@쏭-Uki,원래 거짓말을 하면 더듬더듬 하지.
8hw4k3-pSn4,고양이 단어도 인식 못하는 AI 디지털교과서?...전자사전보다 못하다,@일기일혼,"와 ...  어질어질하네  ..  교육부대표나온사람 장관맞지?   교과서는 교육부 핵심사업아닌가?  그에관련된 ai면   아주 중요하게 다뤄야되는대 .  장관이란자가.  기술적 디태일까지는 모를수있지만 .  기본 개념과 원리정도는 알아야지 ...  그것도 아니면 기존 방법과 차이정도는 알아야지 ..   데이터로해야겠다 알고리즘   학습더시켜야된다 이따구.... 고양이 단어 하나에... 말하는거보면  하나도 모르는게 분명하다 .. 
그리고 제작업체 능력검증 필요하겠는대 ?   사전조차 학습(데이터축적)도 안시킨거고 .   알고리즘 자체도 의심스럽고 . 전면조사해야되겠는대. 아주 심각한 상황임"
8hw4k3-pSn4,고양이 단어도 인식 못하는 AI 디지털교과서?...전자사전보다 못하다,@서정-x6q,고양이가 데이터가 필요할정도인가
8hw4k3-pSn4,고양이 단어도 인식 못하는 AI 디지털교과서?...전자사전보다 못하다,@qldoitp3cklaide,"저건 수사 해봐야 되겠네요. 
장관부터 시작해서 위로 아래로"
8hw4k3-pSn4,고양이 단어도 인식 못하는 AI 디지털교과서?...전자사전보다 못하다,@ming2ming,뭐야... 고양이가 데이터가 쌓여야만 검색되는 희귀 단어였어?
8hw4k3-pSn4,고양이 단어도 인식 못하는 AI 디지털교과서?...전자사전보다 못하다,@민리-p7r,"ㅎㅎㅎ 도대체 얼마나 해처먹을 생각이면 저 따위로 대충대충하고있냐...
장관 사적이익 챙기고있는건 아닌가?"
8hw4k3-pSn4,고양이 단어도 인식 못하는 AI 디지털교과서?...전자사전보다 못하다,@진새벽-u5i,"고양이가 데이터가 쌓여야 한다?
본인이 교육부 장관에 맞다고 생각합니까?
선생님, 학부모, 전문가가 모두 반대한다.
해먹을 생각이면 포기해라~!"
8hw4k3-pSn4,고양이 단어도 인식 못하는 AI 디지털교과서?...전자사전보다 못하다,@WITH-w8m,영어 사전 데이터만 넣어도 되는 건데 아직도 이 정도야?
8hw4k3-pSn4,고양이 단어도 인식 못하는 AI 디지털교과서?...전자사전보다 못하다,@김영자-q3h2i,아니 고양이도 설명 못하는데 왜 필요하냐고 이게ㅠ어려운 질문이여냐
8hw4k3-pSn4,고양이 단어도 인식 못하는 AI 디지털교과서?...전자사전보다 못하다,@hyunheekim368,그냥  네이버를 써라 ㅎㅎ
8hw4k3-pSn4,고양이 단어도 인식 못하는 AI 디지털교과서?...전자사전보다 못하다,@몬스-Mons,국정조사해라 이거 진짜 넘어가면 안된다!!!
8hw4k3-pSn4,고양이 단어도 인식 못하는 AI 디지털교과서?...전자사전보다 못하다,@사신-k5d,고양이도 모르는데 학습ㅋㅋ 계속 밀어 붙이는게 수상하네
8hw4k3-pSn4,고양이 단어도 인식 못하는 AI 디지털교과서?...전자사전보다 못하다,@시로코R,삼성 빅스비보다 못한 A.I ? ㅋㅋㅋㅋㅋ
8hw4k3-pSn4,고양이 단어도 인식 못하는 AI 디지털교과서?...전자사전보다 못하다,@포미-y3z,고양이도 모르는 멍청이한테 물어보라고?
8hw4k3-pSn4,고양이 단어도 인식 못하는 AI 디지털교과서?...전자사전보다 못하다,@hanttara,"이놈은 저지르고 도망치는 놈이다.
남은 자들이 고생해서 수습하면
자신이 이룬 성과라고 이력 팔이하는 놈이다."
8hw4k3-pSn4,고양이 단어도 인식 못하는 AI 디지털교과서?...전자사전보다 못하다,@BoyTom-e9j,김을호. 멋찌십니다
8hw4k3-pSn4,고양이 단어도 인식 못하는 AI 디지털교과서?...전자사전보다 못하다,@켕g,학생들이 마루타냐...???!!!
8hw4k3-pSn4,고양이 단어도 인식 못하는 AI 디지털교과서?...전자사전보다 못하다,@가즈아-t6x,공천에 20억 필요하니 돈 많이 필요하지
8hw4k3-pSn4,고양이 단어도 인식 못하는 AI 디지털교과서?...전자사전보다 못하다,@쟈스-p6k,"돈써서 이미 만들었는데 그냥 써라… 이거네요… 
공교육에 신뢰를 잃으면 사교육 시장은 더 가속화 될듯…"
8hw4k3-pSn4,고양이 단어도 인식 못하는 AI 디지털교과서?...전자사전보다 못하다,@최영준-e9u,"아나 충분한 시간을 갖고 테스트, 오류 가능성 등을 염두해두고 만족할 만한 수준에 다달으면 출시해야지. 학생들이 베타테스터냐? 하여간 공위공무원 나불랭이들 하는 짓거리보면 개탄스럽다"
8hw4k3-pSn4,고양이 단어도 인식 못하는 AI 디지털교과서?...전자사전보다 못하다,@윤지원-k4d,도대체 교육부 수장이라는 사람이 말도 어버버  본인이 뭘하는지도 모르고 어버버  에라이~~~~~~~~전액 예산 삭감하고  없던일로 하세요  장관도 하기 싫어하는 눈치구먼
8hw4k3-pSn4,고양이 단어도 인식 못하는 AI 디지털교과서?...전자사전보다 못하다,@모모-q4e,또 세금을 어디다 퍼쓴다고 .에휴
8hw4k3-pSn4,고양이 단어도 인식 못하는 AI 디지털교과서?...전자사전보다 못하다,@뜰밭,완전 고물이네...;;;저래놓고 좋다고 떠들고 다녔다는거네?
8hw4k3-pSn4,고양이 단어도 인식 못하는 AI 디지털교과서?...전자사전보다 못하다,@TAKUHAYASI,"주호야 함 해먹는게 이렇게 힘들다 그지? 진짜 넌 왜 탄핵 안당하냐 난 그게 의문이다.
전문가 반대 학부모 반대 학생 반대 교사 반대 그런데 대체 왜 하려고 하는지 그 이유가 있다면
해먹으려는거 말고 더 설명이 되나?"
8hw4k3-pSn4,고양이 단어도 인식 못하는 AI 디지털교과서?...전자사전보다 못하다,@펭펭하-i8j,"교육부난 냥이는 모르겠고~세금으로 석열이랑,국힘이랑 세금 분당 해먹기로 했어~!"
8hw4k3-pSn4,고양이 단어도 인식 못하는 AI 디지털교과서?...전자사전보다 못하다,@아틀로스,아이들 교육에 완벽하지 못하고 점검도 이루어지지 않은 걸 학교 교과서로 사용하겠다고 하는 것 자체가 엄청 위험한 결정을 한다고 그게 장관이 할소린가 와...
8hw4k3-pSn4,고양이 단어도 인식 못하는 AI 디지털교과서?...전자사전보다 못하다,@mdruga5250,"고양이는 가장기본인데
대학수준 영어 물어본거냐
데이터가 축척이 안되었다는 개소리"
8hw4k3-pSn4,고양이 단어도 인식 못하는 AI 디지털교과서?...전자사전보다 못하다,@bikeriderlee6733,에라이..
8hw4k3-pSn4,고양이 단어도 인식 못하는 AI 디지털교과서?...전자사전보다 못하다,@gi5186,어버버버 어버버 풍이 왔나
8hw4k3-pSn4,고양이 단어도 인식 못하는 AI 디지털교과서?...전자사전보다 못하다,@아이어제라툴,우리 애들 사용하는 밀크티나 빨간펜  프로그램보다 못하네?
8hw4k3-pSn4,고양이 단어도 인식 못하는 AI 디지털교과서?...전자사전보다 못하다,@suep162,AI 교과서 반대. 제대로 계발되면 그때해도된다. 지금 만든건 엉망.
8hw4k3-pSn4,고양이 단어도 인식 못하는 AI 디지털교과서?...전자사전보다 못하다,@bologcom,출판사 외주를 받을 정도 규모의 업체에서 어떤 수준의 개발자를 채용해서 AIDT를 개발하고 있을지 뻔히 보이네요
8hw4k3-pSn4,고양이 단어도 인식 못하는 AI 디지털교과서?...전자사전보다 못하다,@sohuiyiks,미쳤네
8hw4k3-pSn4,고양이 단어도 인식 못하는 AI 디지털교과서?...전자사전보다 못하다,@김현진-v8l,이번 민주당은 인재가 많다
8hw4k3-pSn4,고양이 단어도 인식 못하는 AI 디지털교과서?...전자사전보다 못하다,@tv-ny5ih,어버버대는게 돈만 해처먹을려고 대충 넘기려고하네
8hw4k3-pSn4,고양이 단어도 인식 못하는 AI 디지털교과서?...전자사전보다 못하다,@해봅시다-r1m,에라이~~~~
8hw4k3-pSn4,고양이 단어도 인식 못하는 AI 디지털교과서?...전자사전보다 못하다,@떵개미,학생들이실험용주네..  .
8hw4k3-pSn4,고양이 단어도 인식 못하는 AI 디지털교과서?...전자사전보다 못하다,@하루-i2r3d,철저한 수사가 필요해보인다.
8hw4k3-pSn4,고양이 단어도 인식 못하는 AI 디지털교과서?...전자사전보다 못하다,@pjyeol3836,절대 반대합니다. 많은 학부모들이 반대해요. 밀어붙이지 마세요!!!
8hw4k3-pSn4,고양이 단어도 인식 못하는 AI 디지털교과서?...전자사전보다 못하다,@원투콩,"아이고...장관님...ㅠㅠ
너무 애쓰시는데
왜 굳이 굳이 굳이요...ㅠㅠ"
8hw4k3-pSn4,고양이 단어도 인식 못하는 AI 디지털교과서?...전자사전보다 못하다,@김수형-r1h,"부자 재벌 감세 
누구를 위해서 준비도
안 하구 주먹구구식 
참 AI 무언지
누구를 위해서"
8hw4k3-pSn4,고양이 단어도 인식 못하는 AI 디지털교과서?...전자사전보다 못하다,@busknight,대체로 장관으로 나온 사람들은 내용을 모름
8hw4k3-pSn4,고양이 단어도 인식 못하는 AI 디지털교과서?...전자사전보다 못하다,@새록-v6z,"사실 의대가 더 문제
의평원을 막을수 있는 힘이 없어졌으니 아마도 25학번은 국시를 못 치게 될것임"
8hw4k3-pSn4,고양이 단어도 인식 못하는 AI 디지털교과서?...전자사전보다 못하다,@iaso4414,선거관리 서버를 사진찍으면 정보를 가져올 수 있다는 생각을 가진 이들과 똑 같구나~~
8hw4k3-pSn4,고양이 단어도 인식 못하는 AI 디지털교과서?...전자사전보다 못하다,@user_RnDwoRDs,"학생들한테 AI를 가르쳐줄 교과서를 만들 생각은 안하고, 완성도 못시킨 AI한테 교과서를 만들라고 하고 있음ㅋㅋㅋ"
8hw4k3-pSn4,고양이 단어도 인식 못하는 AI 디지털교과서?...전자사전보다 못하다,@함주라-p9t,시범사업을 거쳐야 이게 견적이 정확하게 나올거 같은데.
8hw4k3-pSn4,고양이 단어도 인식 못하는 AI 디지털교과서?...전자사전보다 못하다,@Anne123-r9i,교육부 장관과 에듀테크 기업 딸과의 관계가 있다며
8hw4k3-pSn4,고양이 단어도 인식 못하는 AI 디지털교과서?...전자사전보다 못하다,@jgjt2221,아니 고양이 씩이나 데이터가 쌓여야 cat 으로 인식하나? 참 허접할세
8hw4k3-pSn4,고양이 단어도 인식 못하는 AI 디지털교과서?...전자사전보다 못하다,@sb_motivator,교육부장관 문제 많다
8hw4k3-pSn4,고양이 단어도 인식 못하는 AI 디지털교과서?...전자사전보다 못하다,@GMJU,그럼 데이터가 다 쌓인 이후에 그때 가서 교과서로 검토하든가 하면 되지... 왜 지금 이걸로 공부해야 하는 학생들을 예산 태우기 위한 재물로 삼으려 하냐?
8hw4k3-pSn4,고양이 단어도 인식 못하는 AI 디지털교과서?...전자사전보다 못하다,@선한.영향력-f2s,"생성형AI가 아님. 종이기. 전자단말기로. 변한건 외엔. 큰 의미가 없죠. 그리고 아날로그가 주는 장점응. 우린 너무 무시하는
경향이 있어요"
8hw4k3-pSn4,고양이 단어도 인식 못하는 AI 디지털교과서?...전자사전보다 못하다,@유진-w7c7z,유명한 AI 앱에게 한국에서 유명한 여자대학교 이름을 알려달라고 했더니 서초동에 있는 한국여자대학교라고 하더군요....다시 알려달라하니 서강대학교와 한림연구원이라 하더군요...ㅡ.ㅡ;
8hw4k3-pSn4,고양이 단어도 인식 못하는 AI 디지털교과서?...전자사전보다 못하다,@백현mini,"gpt보다 못 한데 ai 교과서라고 주장하고 머신러닝도 없이 단순 프로그래밍된 교재인데? 기대하는 수준이 얼마나 바닥을 기어야 저런 얘기를 하는거냐? 
전자사전만도 못 하단 부분은 애초에 코딩한 사람이 한글 미지원으로 데이터를 안 넣은걸텐데 데이터가 쌓이면 이라는 얘기가 성립이 가능함?"
8hw4k3-pSn4,고양이 단어도 인식 못하는 AI 디지털교과서?...전자사전보다 못하다,@인생은짐승처럼,응 무슨 상관 내 자식은 사교육 할꺼야.
8hw4k3-pSn4,고양이 단어도 인식 못하는 AI 디지털교과서?...전자사전보다 못하다,@이종옥-z7m,"와 진짜.. 질문도 제대로 해라
뭐 그냥 어서오세요 하고 다른 식당 찾는거라니까 옆으로 가세요 하고 있네
소리라도 질러라 질문자야, 장난하냐??"
8hw4k3-pSn4,고양이 단어도 인식 못하는 AI 디지털교과서?...전자사전보다 못하다,@린번엔진,"llm방식도 아니야, 빅데이터라고 하기에는 초라한 데이터양이야, 그림이나 기타등등 생성형도 아니야... 그냥 디지털로 교과서 보는건데 이걸 전면 시행하면 대채 뭐가좋은거고... 애초에 인터넷 안되고 수업끊기는건 불을보듯 뻔한데 이건 뭐 대책있어? 그떄 가가지고, 책 인쇄해달라고 부탁하게? 완전 교과서 전향은 욕심아닌가 진심... 아니 하다못해 디지털 교과서라고 해도 npu 사용하는 자체ai라면 이해라도 하겠는데, 까놓고 빅데이터 구축한 서버-클라이언트 방식인데 진심 대가리 꺠고싶네. 좋은 표현으로 AI지, 나쁜표현으로 그냥 웹페이지 띄어놓고 수업하라는 소리아니야. 교과서 사용하라고 하는건 양심 어디있나?"
8hw4k3-pSn4,고양이 단어도 인식 못하는 AI 디지털교과서?...전자사전보다 못하다,@walken7398,저걸로 대체 몇놈이 얼마를 해쳐먹었을까
8hw4k3-pSn4,고양이 단어도 인식 못하는 AI 디지털교과서?...전자사전보다 못하다,@jinloved,돈 먹을생각뿐이 없어 윤건희정부는 빨리 끝내야한다 대한민국이 온통 비리덩어리 엉망진창
8hw4k3-pSn4,고양이 단어도 인식 못하는 AI 디지털교과서?...전자사전보다 못하다,@qldoitp3cklaide,당연히 해먹을려고 작정을 했구나라고 다들 생각할듯 ㅎㅎㅎ
8hw4k3-pSn4,고양이 단어도 인식 못하는 AI 디지털교과서?...전자사전보다 못하다,@감동이-t3y,"명시니 이권 개입했나~ 조사해봐라~
뭔가 이해 벗어나는 일을 벌일 땐 꼭 명시니 이권개입을 조사하면 그 답이 나올거다~
걍~ 내 생각~~"
8hw4k3-pSn4,고양이 단어도 인식 못하는 AI 디지털교과서?...전자사전보다 못하다,@hwangjh-c4c,"저놈들이 저렇게 밀어붙이는건 뒤가 의심스럽네요.
뭔가 이권이 개입됐거나...윤건희나 그 일당이 개입됐거나...
또는 국짐놈들과 관련됐거나...
준비도 제대로 안된 걸 저렇게 기를 쓰면서 밀어 붙이는 게 진심 뭔가 있지 않나..하는 강한 의심이 드는데...저거 함 깨봐야되는거 아닐까 싶은..."
8hw4k3-pSn4,고양이 단어도 인식 못하는 AI 디지털교과서?...전자사전보다 못하다,@peterjeong3220,개발사 업체 홍보맨이 교육부 장관이라니
8hw4k3-pSn4,고양이 단어도 인식 못하는 AI 디지털교과서?...전자사전보다 못하다,@eumjames4114,니나 써
_m7LC7UF4o0,AI 디지털교과서 반년 만에 퇴출‥교육계는 혼란,@dvbhhjkmn,애들 두뇌망가지는 건데 저거 도입한 윤석열정부..ㅡㅡ
_m7LC7UF4o0,AI 디지털교과서 반년 만에 퇴출‥교육계는 혼란,@꿀라스미르,뒷돈 챙겨 먹은 놈들 모두 구속 수사해라
_m7LC7UF4o0,AI 디지털교과서 반년 만에 퇴출‥교육계는 혼란,@정화경-b7y,안돼요
_m7LC7UF4o0,AI 디지털교과서 반년 만에 퇴출‥교육계는 혼란,@9-h2h,정권바뀌니 앞에서 한거 다 없애는 거 고교 학점제는 왜 안엎냐
yG7JrRtFY08,어서와~ AI 디지털교과서 미리보기는 처음이지(중학교 영어편),@seulki0613,이건 아님...안그래도 요즘애들 문해력 어휘력 딸리는데 전자기기로 수업한다고..?  외국에서 이미 실패해서 초기화시킨 정책을 굳이?   테스트도없이 막무가내로 도입한다고? 아이도 부모들도 교사들도 반대하는걸  눈 감고 귀 닫고 밀어붙이면되는거임?
yG7JrRtFY08,어서와~ AI 디지털교과서 미리보기는 처음이지(중학교 영어편),@hong8284,AI디지털교과서 도입을 반대합니다
yG7JrRtFY08,어서와~ AI 디지털교과서 미리보기는 처음이지(중학교 영어편),@하림-z7n,하루종일 스마트폰 공해에 시달리는데 학교에서도 시력 나빠지겠네
yG7JrRtFY08,어서와~ AI 디지털교과서 미리보기는 처음이지(중학교 영어편),@어쩔초아,"학부모의견은 전혀 반응 안되고 걍 밀고나가네,,,뭐가 애들을 위한건가,,"
yG7JrRtFY08,어서와~ AI 디지털교과서 미리보기는 처음이지(중학교 영어편),@둘하나-i6j,절대반대 초5아이 시력이 -3.4라고!!!!!!!!
yG7JrRtFY08,어서와~ AI 디지털교과서 미리보기는 처음이지(중학교 영어편),@min-youngkim7055,"시제품은 나오긴 했나?  현장 선생님들은 교과서 본적도 없는데 내년에 강제 도입이라 뭘 어찌해야될지 모르겠다는데 홍보영상은 나오고.. 
화면 캡쳐만 있지 실제 기기 구동 영상은 없네?"
yG7JrRtFY08,어서와~ AI 디지털교과서 미리보기는 처음이지(중학교 영어편),@1902ivy,꼭 디지털 교과서가 필요할까요?
yG7JrRtFY08,어서와~ AI 디지털교과서 미리보기는 처음이지(중학교 영어편),@user-yd2jv4yg3n,고1되는데 진짜 제발 안하면안되나요 눈너무나빠질거같아요 책으로해도 안읽히는데 저걸로하면 얼마나 안읽힐까요ㅜㅜ
yG7JrRtFY08,어서와~ AI 디지털교과서 미리보기는 처음이지(중학교 영어편),@진찐-s8u,다반대하는거 왜 하는데. 업체 돈받았니? 왜그래
yG7JrRtFY08,어서와~ AI 디지털교과서 미리보기는 처음이지(중학교 영어편),@rladvsthr,학교 현장과 합의도 없이 교육부 맘대로 개발부터 시행하는 것까지.. 어처구니가 없다.😂😂😂😂
yG7JrRtFY08,어서와~ AI 디지털교과서 미리보기는 처음이지(중학교 영어편),@이주은-t8z5e,망했다 망했어....
yG7JrRtFY08,어서와~ AI 디지털교과서 미리보기는 처음이지(중학교 영어편),@SEONMINLEE-g1u,디지털교과서가 더 효율적으로 느껴집니다.
yG7JrRtFY08,어서와~ AI 디지털교과서 미리보기는 처음이지(중학교 영어편),@shybooktalk,"홍보영상에는 학생들은 빠져있고, 선생님이 편리한~~~~만 계속 나열하는 듯 합니다."
yG7JrRtFY08,어서와~ AI 디지털교과서 미리보기는 처음이지(중학교 영어편),@이파리-h7f,"이건 아닙니다. 
아이들에겐 독이 될듯 합니다.
선생님들은 좀편하실듯.. 누구를 위한 디지털교과서인지.."
yG7JrRtFY08,어서와~ AI 디지털교과서 미리보기는 처음이지(중학교 영어편),@하양이튜브-j6w,"AI교과교재는 어떤걸로 선정되나요?  스마트공부하면  화면을 잘 안보는 학생들도 많던데 그건 어떻게 할 생각이신지? 다른 과목도 있는건지 궁금하네요.  여기는 영어 교과서만 나오는데 ..,  학교에서만 쓸수있는건지요?"
yG7JrRtFY08,어서와~ AI 디지털교과서 미리보기는 처음이지(중학교 영어편),@cat_black2018,"영어 디지털교과서가 잘 활용되면 좋을거 같지만 저희집 어린이가 영어쓰는 꼴(?)을 보면 답답합니다.  문해력도 딸리고, 손글씨도 못쓰는 아이들은 현장에서 맞닥칠 다양한 어려움이 걱정됩니다. 하지만 영어라는 교과의 특성상 발음이나 복습이 가능한 부분은 좋네요.  교사들의 학습기기 숙지력에 따라 많이 차이가 날 것으로 우려가 됩니다."
yG7JrRtFY08,어서와~ AI 디지털교과서 미리보기는 처음이지(중학교 영어편),@그린티-t6x,"반대하는 목소리가 많은것 같은데 먼저 학부모들의 디지털교과서 이해 교육이 필요할것 같습니다.
저도 막연하게 교과서까지 전자기기로 한다고? 반대하는 엄마였는데 알고 나니 장점이 많습니다. 현재도 학교에서 태블릿 수업하는 과목도 많구요
해외사례도 찾아보면 종이교과서로 한계가 있는 수업에 다양한 컨텐츠가 있어 학생들의 이해도에 있어 좋은것 같아요.
디지털교과서를 잘 활용해서 그동안의 주입식 교육에서 
학생 중심 수업으로 변화되길 기대해봅니다."
yG7JrRtFY08,어서와~ AI 디지털교과서 미리보기는 처음이지(중학교 영어편),@OTL-f3v,사교육의존도는 더 높아질듯
yG7JrRtFY08,어서와~ AI 디지털교과서 미리보기는 처음이지(중학교 영어편),@진찐-s8u,긍정댓글미션주셨나? 왜이래?
yG7JrRtFY08,어서와~ AI 디지털교과서 미리보기는 처음이지(중학교 영어편),@가으닝1101,나는 그냥 종이교과서 쓸란다
yG7JrRtFY08,어서와~ AI 디지털교과서 미리보기는 처음이지(중학교 영어편),@알파벳-Alphabet,문해력 문해력하는데 ..... 디지털교과서라니... 말이 좋아 디지털 교과서이고... 홈런 등 교육스마트기기와 무슨차이인지..... 오히려 이런걸로 아이들에게 관심이 덜한건 아닐지... 참..... 누구머리인지...
yG7JrRtFY08,어서와~ AI 디지털교과서 미리보기는 처음이지(중학교 영어편),@warmtact,영어교과 AI 디지털교과서에 대한 오해를 이해로 바꿔주셔서 감사합니다 조래정선생님!
yG7JrRtFY08,어서와~ AI 디지털교과서 미리보기는 처음이지(중학교 영어편),@guusda,이런 짜깁기 영상 말고 실연 영상 보여주시죠
yG7JrRtFY08,어서와~ AI 디지털교과서 미리보기는 처음이지(중학교 영어편),@tomjay9248,"수학편도 기대할께요
AI디지털 교과서 파이팅!!!"
yG7JrRtFY08,어서와~ AI 디지털교과서 미리보기는 처음이지(중학교 영어편),@stella-pi9wn,"예상보다 퀄리티가 좋네요. 많은 부모들이 우려하는 방향이 스마트기기 과의존에 대한 우려를 하고 있는데, 학교에서 ai 수준별 학습을 해준다면 가정에서는 조금 더 독서나 음미체나 과학실험 역사 탐험 등과 같은 다양한 체험적 활동을 서포트 해주면 전인적 발달을 돕는게 중요해지겠네요.  어차피 지금도 가정에서 패드학습 많이하는데 그걸 교육부에서 가정에서도 활용할 수 있도록 지원해주는 거라면, 저는 긍정적인 효과가 더 클 것 같다 기대합니다."
yG7JrRtFY08,어서와~ AI 디지털교과서 미리보기는 처음이지(중학교 영어편),@메롱-u6n,AI지만 조기에 정서적 지원과 지도가 가능하다고 하는 점에서는 긍정적으로 생각이 듭니다. 또한 첨삭도 가능하고 오답노트 기능도 있어서 잘 활용한다면 유익할 것 같습니다. 무엇보다도 역기능(MDM)학부모들의 우려를 조금은  잠재울 수 있을 것 같은 기대감이 듭니다. 디벗을 가정에서도 연계하여 학습한 다면 공교육의 신뢰도가 더 높아질 수 있을 것같네요. 다른 과목들도 이 시스템과 유사한지 궁금하네요~
yG7JrRtFY08,어서와~ AI 디지털교과서 미리보기는 처음이지(중학교 영어편),@김요셉-y1y,매우 기대가 됩니다. 중학교에서 사용하는 영어 기능들이 초등학교 디지털 교과서에도 그대로 적용되었으면 좋겠습니다^^
yG7JrRtFY08,어서와~ AI 디지털교과서 미리보기는 처음이지(중학교 영어편),@ppoggmi-v8v,보조자료로만 사용한다고  하지않았나요?
yG7JrRtFY08,어서와~ AI 디지털교과서 미리보기는 처음이지(중학교 영어편),@SDGs지킴이,내년에 도입될 ai dt가 더더욱 기대가 되는 영상입니다. 학생 교사 모두 만족하는 교과서가 되길 바라봅니다.
yG7JrRtFY08,어서와~ AI 디지털교과서 미리보기는 처음이지(중학교 영어편),@샤랑해요,"네 좋네요. 학교에서 어떻게 활용할지가 중요한 것 같아요. 지속적인 교실 수업 사례 연수 등을 진행해 주시면 좋을 것 같습니다 :)
감사합니다 ^^"
yG7JrRtFY08,어서와~ AI 디지털교과서 미리보기는 처음이지(중학교 영어편),@eunice1174,결국 컴퓨터나 패드로 수업을하라는 건데 개인적으로 발음해보고 교정한다는 것도 한교실에 25명 학생을 두고서는 불가능.  숙제로 낸다? 더더욱 안함. 휴....
yG7JrRtFY08,어서와~ AI 디지털교과서 미리보기는 처음이지(중학교 영어편),@비둘기2-s9k,디지털교과서 반대하는 사람들은 자녀 스마트폰부터 없애주시랍니다.  현 교과서는 역사왜곡이 심한데 이 부분은 안심해도 될까요?
yG7JrRtFY08,어서와~ AI 디지털교과서 미리보기는 처음이지(중학교 영어편),@Hanna_0119-w7q,디지털 교과서라는게 새로 도입되는 교과서라 막연하게 느껴졌는데 어떻게 구성되는지 알게되어 좋네요~! 모쪼록 학생들과 교사들이 사용하기 편하도록 제작되었으면 좋겠습니다ㅎㅎㅎ
yG7JrRtFY08,어서와~ AI 디지털교과서 미리보기는 처음이지(중학교 영어편),@terran1231able,AIDT 영어교과서 2025년에 정말로 기대됩니다.!
yG7JrRtFY08,어서와~ AI 디지털교과서 미리보기는 처음이지(중학교 영어편),@B2B_B,AI가 발전하여 아이들의 교육에도 영향을 주는 시대가 왔네요😮
yG7JrRtFY08,어서와~ AI 디지털교과서 미리보기는 처음이지(중학교 영어편),@jeong5075,기대 됩니다. 현재 원아워 프로그램의 형식을 알고 있는데 그만큼의 교수학습 능력을 가진 디지털 교과서였으면 좋겠습니다.
yG7JrRtFY08,어서와~ AI 디지털교과서 미리보기는 처음이지(중학교 영어편),@조용한의자,교육부에서도 댓글부대 운영하시는 모양입니다.  여기 댓글 보고 좀 놀랐습니다.
yG7JrRtFY08,어서와~ AI 디지털교과서 미리보기는 처음이지(중학교 영어편),@아름다운여자-k5y,교육부는 정신좀차려야...문해력외치믄서 무슨디지털.스마트폰으로 망가지는아이들 더 부추기는듯.
yG7JrRtFY08,어서와~ AI 디지털교과서 미리보기는 처음이지(중학교 영어편),@대단-l2e,"다양하게 활용되어져서, 사교육에 종속되지 않는 공교육이 확립되었으면 합니다."
yG7JrRtFY08,어서와~ AI 디지털교과서 미리보기는 처음이지(중학교 영어편),@yeopssam,AIDT 적용 교원 전달 연수 동기유발 자료로 잘 사용하겠습니다. 감사합니다~^^
yG7JrRtFY08,어서와~ AI 디지털교과서 미리보기는 처음이지(중학교 영어편),@user-ll9qs1pv6b,모든 학교에 도입될 AI 디지털 교과서가 매우 기대됩니다. 아이들의 맞춤형 진도를 분석하고 교사가 활동할 수 있는 것이 매우 큰 장점인 것 같습니다.
yG7JrRtFY08,어서와~ AI 디지털교과서 미리보기는 처음이지(중학교 영어편),@Sriphanprapa,경기 양평 양일중학교 송주한 입니다. 수고많으셨습니다. 복 많이 받으시길 바랍니다.
MgRCJjhSISs,"[이슈] 베일 벗은 AI 디지털교과서…1대1 맞춤형 학습 가능/'교육 격차' 줄인다지만…""문해력 저하·준비 부족""/2024년 12월 2일(월)/KBS",@로렐라이-b1n,현장에서 직접쓰는 선생이나 학생이나 학부모 다 반대하는데 왜 책상머리에 앉아서 너네 마음대로 저딴걸 만드냐
MgRCJjhSISs,"[이슈] 베일 벗은 AI 디지털교과서…1대1 맞춤형 학습 가능/'교육 격차' 줄인다지만…""문해력 저하·준비 부족""/2024년 12월 2일(월)/KBS",@mkcho4780,효율적으로 자 활용되면 반대할 국민은 없을 것이다. 그런데도 우려가 앞서는 것은 왜 일까? 교육부가 AI 교육 컨텐츠를 잘 관리 할까 ? 컨텐츠 수준은 경쟁력 없고 국민 세금으로 막대한 예산만 사용하여 업자들에게는 눈먼돈이 되는 사업으로 전락할것 같은 우려가앞선다.
MgRCJjhSISs,"[이슈] 베일 벗은 AI 디지털교과서…1대1 맞춤형 학습 가능/'교육 격차' 줄인다지만…""문해력 저하·준비 부족""/2024년 12월 2일(월)/KBS",@Cherry-h7b,패드 사교육 업체꺼 그대로 가져가서 믹싱해놨네???? 그냥 교원 빨간펜  웅진  비상 밀크티 꺼 하라고 하지 왜?
MgRCJjhSISs,"[이슈] 베일 벗은 AI 디지털교과서…1대1 맞춤형 학습 가능/'교육 격차' 줄인다지만…""문해력 저하·준비 부족""/2024년 12월 2일(월)/KBS",@hong7805,어이가 없네.. 그냥 기존 앱 몇개 섞어 놓은게 개별 맞춤교육이냐? 개발비 어따가 썼어?
MgRCJjhSISs,"[이슈] 베일 벗은 AI 디지털교과서…1대1 맞춤형 학습 가능/'교육 격차' 줄인다지만…""문해력 저하·준비 부족""/2024년 12월 2일(월)/KBS",@gabriella7758,진짜 있을 수 없는 일... 아니 뭐 AI갖다붙이면 다 좋은 줄 알아..
MgRCJjhSISs,"[이슈] 베일 벗은 AI 디지털교과서…1대1 맞춤형 학습 가능/'교육 격차' 줄인다지만…""문해력 저하·준비 부족""/2024년 12월 2일(월)/KBS",@abcdeabcde-c2d,인공지능 디지털 패드가 넘쳐납니다. 초등.중등.고등. 이미 공교육보다 앞서서 사교육시장에서 판쳐요. 이걸 공교육으로 가져온게 더 이상합니다.아이들에 디톡스를 시켜야 할때 집이나 학교나 죄다 디지털기기..학부모들은 대부분 반대합니다.
MgRCJjhSISs,"[이슈] 베일 벗은 AI 디지털교과서…1대1 맞춤형 학습 가능/'교육 격차' 줄인다지만…""문해력 저하·준비 부족""/2024년 12월 2일(월)/KBS",@scjaejsi,와 .. 기존꺼 합쳐놨네요 우리아이가하는 거라 눈에확들어오네요 집에서도 해야하은데 학교에서까지?? 진짜 다끊어야하나싶네요 지면공부로 억지로 다 돌려놨는데 걱정입니다
MgRCJjhSISs,"[이슈] 베일 벗은 AI 디지털교과서…1대1 맞춤형 학습 가능/'교육 격차' 줄인다지만…""문해력 저하·준비 부족""/2024년 12월 2일(월)/KBS",@StarryStarry-i2k,대체 누가 이런짓을 교육에 하는건지... 누구배 불리려고 애들을 이용하는건지 정말...
MgRCJjhSISs,"[이슈] 베일 벗은 AI 디지털교과서…1대1 맞춤형 학습 가능/'교육 격차' 줄인다지만…""문해력 저하·준비 부족""/2024년 12월 2일(월)/KBS",@에스프레소-q4f,"누구 머리에서 나왔을까??? 
학부모,선생님,학생 다 반대하는데 교육의 교 자도
모르는 누가???
쓸데없는 것만 저질러 놓고
나 몰라라 할거임!!!
똥 싸놓은것 또 치워야 함!!!"
MgRCJjhSISs,"[이슈] 베일 벗은 AI 디지털교과서…1대1 맞춤형 학습 가능/'교육 격차' 줄인다지만…""문해력 저하·준비 부족""/2024년 12월 2일(월)/KBS",@jjungkimi,부모님들이 그렇게 반대를해도 씨알도안먹히는건지....ㅡㅡ하.
MgRCJjhSISs,"[이슈] 베일 벗은 AI 디지털교과서…1대1 맞춤형 학습 가능/'교육 격차' 줄인다지만…""문해력 저하·준비 부족""/2024년 12월 2일(월)/KBS",@장진경-r9o,스웨덴은 다시 종이로 돌아갔다는 정보는 어디갔는지.. 애들 디지털때문에 더 안좋다는데 왜 굳이 그짓을하냐
MgRCJjhSISs,"[이슈] 베일 벗은 AI 디지털교과서…1대1 맞춤형 학습 가능/'교육 격차' 줄인다지만…""문해력 저하·준비 부족""/2024년 12월 2일(월)/KBS",@beomnoel3070,업체에 돈 받고 도입하는거지머
MgRCJjhSISs,"[이슈] 베일 벗은 AI 디지털교과서…1대1 맞춤형 학습 가능/'교육 격차' 줄인다지만…""문해력 저하·준비 부족""/2024년 12월 2일(월)/KBS",@engyou9815,답답합니다...............북유럽..이미 했다가 다시 종이로 도입했대잖아요. .........진짜 답답하다......
MgRCJjhSISs,"[이슈] 베일 벗은 AI 디지털교과서…1대1 맞춤형 학습 가능/'교육 격차' 줄인다지만…""문해력 저하·준비 부족""/2024년 12월 2일(월)/KBS",@jmyun8082,"기계에 투자하지말고...
사람에게 투자해라."
MgRCJjhSISs,"[이슈] 베일 벗은 AI 디지털교과서…1대1 맞춤형 학습 가능/'교육 격차' 줄인다지만…""문해력 저하·준비 부족""/2024년 12월 2일(월)/KBS",@treeb9727,"문제를 도구로 해결하려는 해결방식은 아니라고 생각한다. 수학을 누구나 싸게 쉽게 접할 수 있는 환경 구성이 먼저라고 생각한다. 수학은 돈이 없으면 어려서부터 배울 수 없어 수포자가된다. 
초등학교 시험부터 부활하고 시험을 통해 피드백 활동을 강화해야 한다. 학교가 그걸 안해주니  돈있는 사람은 과외로 버티지만 돈 없는 사람은 시킬 수가 없어 수포자가 늘어난다...교권을 확립하여 학생에게 애정을 갖는 학교를 만들어야 한다..이게 본질이다"
MgRCJjhSISs,"[이슈] 베일 벗은 AI 디지털교과서…1대1 맞춤형 학습 가능/'교육 격차' 줄인다지만…""문해력 저하·준비 부족""/2024년 12월 2일(월)/KBS",@jhm-q8c,또 어떤놈 배불려 줄라고 이따위 짓거리들하냐
MgRCJjhSISs,"[이슈] 베일 벗은 AI 디지털교과서…1대1 맞춤형 학습 가능/'교육 격차' 줄인다지만…""문해력 저하·준비 부족""/2024년 12월 2일(월)/KBS",@chloechloe1654,왜 이렇게 죄다 반대하는데 끝까지 밀어부치는걸까  어떤 커넥션이 있는지 끝까지 알아봐야 할 것 같다
MgRCJjhSISs,"[이슈] 베일 벗은 AI 디지털교과서…1대1 맞춤형 학습 가능/'교육 격차' 줄인다지만…""문해력 저하·준비 부족""/2024년 12월 2일(월)/KBS",@장진경-r9o,결사반대!!!!  부모의 의견 반영하라
MgRCJjhSISs,"[이슈] 베일 벗은 AI 디지털교과서…1대1 맞춤형 학습 가능/'교육 격차' 줄인다지만…""문해력 저하·준비 부족""/2024년 12월 2일(월)/KBS",@star-edu,ai디지털교과서 이대론 안됩니다. 공교육의 위기를 불러올 수 있습니다.
MgRCJjhSISs,"[이슈] 베일 벗은 AI 디지털교과서…1대1 맞춤형 학습 가능/'교육 격차' 줄인다지만…""문해력 저하·준비 부족""/2024년 12월 2일(월)/KBS",@1207-x3r,개발 연구하는 인간들 중에 수포자가 있었을까// 니들이 몰알아
MgRCJjhSISs,"[이슈] 베일 벗은 AI 디지털교과서…1대1 맞춤형 학습 가능/'교육 격차' 줄인다지만…""문해력 저하·준비 부족""/2024년 12월 2일(월)/KBS",@눈사람-z4l,오늘 처음 열었다가 경악을 했다 너무 구려서
MgRCJjhSISs,"[이슈] 베일 벗은 AI 디지털교과서…1대1 맞춤형 학습 가능/'교육 격차' 줄인다지만…""문해력 저하·준비 부족""/2024년 12월 2일(월)/KBS",@JobGlobalTicket,김건희랑 어떻게 연관되어있는지 먼저 조사해. 그럼 믿어줄게
MgRCJjhSISs,"[이슈] 베일 벗은 AI 디지털교과서…1대1 맞춤형 학습 가능/'교육 격차' 줄인다지만…""문해력 저하·준비 부족""/2024년 12월 2일(월)/KBS",@mkml9133,부교재로는 활용가능할것 같은데 주교과서로는 부족해 보여요 저런 프로그램은 많아요  거기다가 아이들 온라인 수업해보면 집중 잘 못해요
MgRCJjhSISs,"[이슈] 베일 벗은 AI 디지털교과서…1대1 맞춤형 학습 가능/'교육 격차' 줄인다지만…""문해력 저하·준비 부족""/2024년 12월 2일(월)/KBS",@장은혜-p6z,"AI디지털 교과서 교육 원하지 않아요 원하지 않는다구요 집중력에 굉장히 안좋아요 문해력에도 지장이 많습니다 
개발한다 투자했다 하면서 예산 거기로 측정해서 돈 빼돌리지말고 지면 책으로 그대로 사용할수있게 해주세요 필요없어요 저런거"
MgRCJjhSISs,"[이슈] 베일 벗은 AI 디지털교과서…1대1 맞춤형 학습 가능/'교육 격차' 줄인다지만…""문해력 저하·준비 부족""/2024년 12월 2일(월)/KBS",@arina6933i4i,학교에서 학부모들한테 공개적 시연 안 하는것만 봐도... 공개되면 개욕먹을 수준인 거지
MgRCJjhSISs,"[이슈] 베일 벗은 AI 디지털교과서…1대1 맞춤형 학습 가능/'교육 격차' 줄인다지만…""문해력 저하·준비 부족""/2024년 12월 2일(월)/KBS",@themum-u3e,이런거 벌써 사교육 웅****통해 해봤는데 망했고요.  지면교재로만하는 사교육으로 바꿨어요. 한귀로 듣고 한귀로 나가기 쉽고 초딩은 특히 학습태도에 문제 많이생겨 중딩이후 나중에 후회할겁니다. 글씨도 너무 엉망이고..노트쓸줄도 모르고..영수국포자 저거 들고 혼자 집에서 공부 안합니다. 기존 사교육에서 저런거 많이 있어요. .ㅎㅎ
MgRCJjhSISs,"[이슈] 베일 벗은 AI 디지털교과서…1대1 맞춤형 학습 가능/'교육 격차' 줄인다지만…""문해력 저하·준비 부족""/2024년 12월 2일(월)/KBS",@전은숙-v9e,"늘봄학교 대대적으로 홍보해서 삼남매 육아에 도움 좀 받으려고 보내봤는데 진짜... 교사 역량과 자질(늘봄교사가 저한테 직접 공짜라고 개나소나 다 보내서 애들 바글거려서 힘들다라며 짜증냄) 운영시스템 미흡 등 제대로 겪어보고, 교육 정책에 불신 가득으로 돌아섰습니다. 새 시스템이 정착되기까지 시행착오를 겪어야겠지요. 하지만 제가 직접 그 부분을 겪어보니 참... 웃음만 나옵니다."
MgRCJjhSISs,"[이슈] 베일 벗은 AI 디지털교과서…1대1 맞춤형 학습 가능/'교육 격차' 줄인다지만…""문해력 저하·준비 부족""/2024년 12월 2일(월)/KBS",@hindoong22,학부모나 교사나 아이들이나 누구도 원하지 않는 정책이에요. 문해력 당연히 떨어지고요. 뇌발달에 악영향 및 최악 이에요. 지금 아이들 핸드폰사용도 부작용이 너무 많은데 이런것도 해결 못하면서 디지털교과서라니??? 타 선진국에서 실패한 정책을 왜 도입하나요? 이유가 있으니까 지면으로 돌아가는것 아니겠어요? 애들 바보 만들려고 작정했나요?? 너무 답답합니다. 전면철회되길 바랍니다.
MgRCJjhSISs,"[이슈] 베일 벗은 AI 디지털교과서…1대1 맞춤형 학습 가능/'교육 격차' 줄인다지만…""문해력 저하·준비 부족""/2024년 12월 2일(월)/KBS",@햄찌-l6s,철회하려니 들인 돈 때문에 그러지도 못하고. 의료대란과 같다. 전문가 말 좀 들으라고.
MgRCJjhSISs,"[이슈] 베일 벗은 AI 디지털교과서…1대1 맞춤형 학습 가능/'교육 격차' 줄인다지만…""문해력 저하·준비 부족""/2024년 12월 2일(월)/KBS",@대머리안농운,반대 민원 넣었어요. 이런 말도 안되는 정책은 대체 누구 머리에서 나오는겁니까? 대체 얼마를 받았기에 이렇게 불통으로 밀고 나가는지 도통 이해가 안되네요. 모두가 반대하는 걸 굳이굳이 하겠다는건 뭘 받았단 반증인가요?
MgRCJjhSISs,"[이슈] 베일 벗은 AI 디지털교과서…1대1 맞춤형 학습 가능/'교육 격차' 줄인다지만…""문해력 저하·준비 부족""/2024년 12월 2일(월)/KBS",@small-store,수능이 목표인 교육에서 사교육을 이길수없다. 사교육 저만큼 앞서가면 공교육은 세금버려가며 뒤따라가는게 교육현실이다.
MgRCJjhSISs,"[이슈] 베일 벗은 AI 디지털교과서…1대1 맞춤형 학습 가능/'교육 격차' 줄인다지만…""문해력 저하·준비 부족""/2024년 12월 2일(월)/KBS",@kanilro,"어느 나라에서도 안하는걸 왜 하는지 모르겠네요
다른 나라는 몰라서 안하는것도 아니고
세금 낭비입니다"
MgRCJjhSISs,"[이슈] 베일 벗은 AI 디지털교과서…1대1 맞춤형 학습 가능/'교육 격차' 줄인다지만…""문해력 저하·준비 부족""/2024년 12월 2일(월)/KBS",@leehan2961,저걸 굳이? 도입 시킬거면 수포자들 한테나 하지 저거 너무 사용하면 애기들 시력저하에 두뇌 회전이 안됨 저건 그냥 기계식 자랑 하는 수준이자나 이미 정답 나와있고 저러면 오하러 집중력 떨어지지
MgRCJjhSISs,"[이슈] 베일 벗은 AI 디지털교과서…1대1 맞춤형 학습 가능/'교육 격차' 줄인다지만…""문해력 저하·준비 부족""/2024년 12월 2일(월)/KBS",@Cherry-h7b,거꾸로 됐네. 공교육은 싸구려 사교육 업체 태블릿 교육 방식 갖다쓰고 일부 학군지인 강남 목동 중계 분당 일산 평촌 대구 학원 등등은 다 손글씨~~
MgRCJjhSISs,"[이슈] 베일 벗은 AI 디지털교과서…1대1 맞춤형 학습 가능/'교육 격차' 줄인다지만…""문해력 저하·준비 부족""/2024년 12월 2일(월)/KBS",@열무-w9j6e,책을봐야 된다고해놓고  이제와서
MgRCJjhSISs,"[이슈] 베일 벗은 AI 디지털교과서…1대1 맞춤형 학습 가능/'교육 격차' 줄인다지만…""문해력 저하·준비 부족""/2024년 12월 2일(월)/KBS",@sams4669,예비 4학년 학부모예요. 이미 이 아이들은 코로나시대를 거치며 줌 수업등 과한 미디어 노출이 있었습니다. 많은 아이들이 시력과 사회성이 떨어지고 있어요! 제발. 멀티미디어 자료? 이미 차고 넘치게 본 아이들입니다. 아이들 더 집중못하고 시력도 나빠지고 선생님친구들과 상호작용이 줄어들게 뻔해요! 제발. 멈춰주세요!!
MgRCJjhSISs,"[이슈] 베일 벗은 AI 디지털교과서…1대1 맞춤형 학습 가능/'교육 격차' 줄인다지만…""문해력 저하·준비 부족""/2024년 12월 2일(월)/KBS",@jenn0012,저런거 하지말고 예산 필요한 곳에 더 신경써서 아이들 더 좋은 환경에서 교육받을 수 있게 해야죠.
MgRCJjhSISs,"[이슈] 베일 벗은 AI 디지털교과서…1대1 맞춤형 학습 가능/'교육 격차' 줄인다지만…""문해력 저하·준비 부족""/2024년 12월 2일(월)/KBS",@kanilro,저거 들을거면 왜 학교까지 가서 배우나 싶은데?
MgRCJjhSISs,"[이슈] 베일 벗은 AI 디지털교과서…1대1 맞춤형 학습 가능/'교육 격차' 줄인다지만…""문해력 저하·준비 부족""/2024년 12월 2일(월)/KBS",@user-wm3mz9mc1y,ㅎ ㅎ ㅎ 왜 그럼 사교육에서 ai교재사용안하겠어요. 사교육은 무조건 효과좋은거 쓰는데 ㅋ ㅋ ㅋ 영어단어외우기 리스닝같은건 앱개발해서 사용하는거 찬성이지만 결국 사교육에서도 다 종이책써요
MgRCJjhSISs,"[이슈] 베일 벗은 AI 디지털교과서…1대1 맞춤형 학습 가능/'교육 격차' 줄인다지만…""문해력 저하·준비 부족""/2024년 12월 2일(월)/KBS",@춤추는영어쌤,"수포 영포가 
인간이 아닌 전자기기를 듣고 이해하고 공부한다???

오 신박한데~~ 오~~
자 이제 정치도 AI에 맡기고 다들 내려오세요~~"
MgRCJjhSISs,"[이슈] 베일 벗은 AI 디지털교과서…1대1 맞춤형 학습 가능/'교육 격차' 줄인다지만…""문해력 저하·준비 부족""/2024년 12월 2일(월)/KBS",@hana0303,후.. 장난하나.. 진짜 현장에서 반대하는데 누구 좋으라고 이리 급하게 바꾸려고하냐
MgRCJjhSISs,"[이슈] 베일 벗은 AI 디지털교과서…1대1 맞춤형 학습 가능/'교육 격차' 줄인다지만…""문해력 저하·준비 부족""/2024년 12월 2일(월)/KBS",@콩콩콩-y3h,ㅋㅋ9몬도 다 저런 거 하는데 이렇게 훌륭한데 왜 9몬은 왜 맨날 밀리냐
MgRCJjhSISs,"[이슈] 베일 벗은 AI 디지털교과서…1대1 맞춤형 학습 가능/'교육 격차' 줄인다지만…""문해력 저하·준비 부족""/2024년 12월 2일(월)/KBS",@jinni102002,영포자 수포자즐이 참 재밌게 하겠네...참네..맞다 철회하라...누가원햇다고..아이고..
MgRCJjhSISs,"[이슈] 베일 벗은 AI 디지털교과서…1대1 맞춤형 학습 가능/'교육 격차' 줄인다지만…""문해력 저하·준비 부족""/2024년 12월 2일(월)/KBS",@숨겨진추론,"강제로 전자기기 주고  관리 못하면 돈내라   기업살리기 정책이지 학생 위한 정챡이냐?
종이책줘라"
MgRCJjhSISs,"[이슈] 베일 벗은 AI 디지털교과서…1대1 맞춤형 학습 가능/'교육 격차' 줄인다지만…""문해력 저하·준비 부족""/2024년 12월 2일(월)/KBS",@정주호-r5g,"언론들아 찬성하는 내용에 대한 뉴스는 안나오네?ㅋ
ai도입해달라고 시위도 하더만?"
MgRCJjhSISs,"[이슈] 베일 벗은 AI 디지털교과서…1대1 맞춤형 학습 가능/'교육 격차' 줄인다지만…""문해력 저하·준비 부족""/2024년 12월 2일(월)/KBS",@하루-q7k,제대로 만들고 나서 얘기해라
MgRCJjhSISs,"[이슈] 베일 벗은 AI 디지털교과서…1대1 맞춤형 학습 가능/'교육 격차' 줄인다지만…""문해력 저하·준비 부족""/2024년 12월 2일(월)/KBS",@user-qkrwprkehlsqkqh,영어는 필요함. 북유럽이 썼다는 디지털교과서는 그냥 PDF파일임.
MgRCJjhSISs,"[이슈] 베일 벗은 AI 디지털교과서…1대1 맞춤형 학습 가능/'교육 격차' 줄인다지만…""문해력 저하·준비 부족""/2024년 12월 2일(월)/KBS",@알잘딱깔센-d2j,"웃끼는 소리한다
불가능 ᆢ저 딴거 치우고 사교육이나 잡지 참 ㆍ
어이없다"
MgRCJjhSISs,"[이슈] 베일 벗은 AI 디지털교과서…1대1 맞춤형 학습 가능/'교육 격차' 줄인다지만…""문해력 저하·준비 부족""/2024년 12월 2일(월)/KBS",@이원제-b6e,개발사 관계자랑  인터뷰하고 머하냐 니네들?
MgRCJjhSISs,"[이슈] 베일 벗은 AI 디지털교과서…1대1 맞춤형 학습 가능/'교육 격차' 줄인다지만…""문해력 저하·준비 부족""/2024년 12월 2일(월)/KBS",@ppoiuytt,ㅋㅋ 엉터리임. 부진아가 더 늘어날것임. 교육을 모르는 자가 저지른 정책임.
MgRCJjhSISs,"[이슈] 베일 벗은 AI 디지털교과서…1대1 맞춤형 학습 가능/'교육 격차' 줄인다지만…""문해력 저하·준비 부족""/2024년 12월 2일(월)/KBS",@장윤정-q8e,돈 먹은거나 털어. 이주호 저거 돈먹고 거지같은거 밀어붙이는거 아냐?
MgRCJjhSISs,"[이슈] 베일 벗은 AI 디지털교과서…1대1 맞춤형 학습 가능/'교육 격차' 줄인다지만…""문해력 저하·준비 부족""/2024년 12월 2일(월)/KBS",@기사-h9z,수능도 Ai로 보지 그러노
MgRCJjhSISs,"[이슈] 베일 벗은 AI 디지털교과서…1대1 맞춤형 학습 가능/'교육 격차' 줄인다지만…""문해력 저하·준비 부족""/2024년 12월 2일(월)/KBS",@남이명준-s1b,저출산 본격적으로 심해지기 시작되니까 이제와서야 슬슬 AI 교과서 푸는 꼬라지좀 봐라 ㅋㅋㅋㅋㅋㅋㅋㅋㅋㅋㅋㅋㅋㅋㅋㅋㅋㅋㅋㅋㅋㅋㅋㅋ ㅋㅋㅋㅋㅋㅋㅋㅋㅋㅋㅋㅋ 그동안 그렇게 90년대생은 사회에 나와서도 함부로 갈구고 사람 막대하더니 사람 없어지는게 위기다는건 또 어떻게 알고 대처해보겠다고 지금부터라도 아등바등 고군분투를 하고 있네 ㅋㅋㅋㅋㅋㅋㅋㅋㅋㅋㅋㅋ ㅋㅋㅋㅋㅋㅋㅋㅋㅋㅋㅋㅋ ㅋㅋㅋㅋㅋㅋㅋㅋㅋㅋㅋㅋ ㅋㅋㅋㅋㅋㅋㅋㅋㅋㅋㅋㅋ인재들이 느그들 옆에 있어줄때나 좀 그렇게 해줘보지 ㅉㅉ
MgRCJjhSISs,"[이슈] 베일 벗은 AI 디지털교과서…1대1 맞춤형 학습 가능/'교육 격차' 줄인다지만…""문해력 저하·준비 부족""/2024년 12월 2일(월)/KBS",@정-민경,국회의원 몇명도 설득못해서 어버버거리는 장관이 왜 이렇게 밀어붙일까?? 해쳐먹을결심이거나 윤거니의 뜻이겠지...
MgRCJjhSISs,"[이슈] 베일 벗은 AI 디지털교과서…1대1 맞춤형 학습 가능/'교육 격차' 줄인다지만…""문해력 저하·준비 부족""/2024년 12월 2일(월)/KBS",@Game-Boy7179,일론 머스크 생각처럼 교육을 게임이랑 접목하면 시너지 어마어마할 것 같다 생각하는데 아직 이런 시도는커녕 아직도 게임을 저급하게 취급하는 교육자들이 많은게 안타까움
MgRCJjhSISs,"[이슈] 베일 벗은 AI 디지털교과서…1대1 맞춤형 학습 가능/'교육 격차' 줄인다지만…""문해력 저하·준비 부족""/2024년 12월 2일(월)/KBS",@임경민-h5p,언놈 배불리려고 이짓거린지
MgRCJjhSISs,"[이슈] 베일 벗은 AI 디지털교과서…1대1 맞춤형 학습 가능/'교육 격차' 줄인다지만…""문해력 저하·준비 부족""/2024년 12월 2일(월)/KBS",@pmpwgd,저딴걸 왜하는거냐
MgRCJjhSISs,"[이슈] 베일 벗은 AI 디지털교과서…1대1 맞춤형 학습 가능/'교육 격차' 줄인다지만…""문해력 저하·준비 부족""/2024년 12월 2일(월)/KBS",@강가멜-o8j,"아나운서 기본 멘트부터 자기주도학습의 기본가치에 어긋난다.
검증되지 않은 정책을 밀어붙이는 이유가 뭘까?"
MgRCJjhSISs,"[이슈] 베일 벗은 AI 디지털교과서…1대1 맞춤형 학습 가능/'교육 격차' 줄인다지만…""문해력 저하·준비 부족""/2024년 12월 2일(월)/KBS",@peterjeong3220,출판사와 특정 기업 돈 퍼주기.
OcFXKUxiskw,AI디지털교과서로 공부하면 벌어지는 일 / 내년 수업 방식에 미리 대비해야 하는 이유,@김은실-s6e,디지털의 단점이 너무 커서 다시 아날로그로 돌아오는게 세계적인 추세입니다
OcFXKUxiskw,AI디지털교과서로 공부하면 벌어지는 일 / 내년 수업 방식에 미리 대비해야 하는 이유,@ppoppo1919,이 사업으로 누가 돈을 버는지 보면 답이 나오지요.  인터넷 강의도 안보여주는데 학교가 나서서 난리네요.
OcFXKUxiskw,AI디지털교과서로 공부하면 벌어지는 일 / 내년 수업 방식에 미리 대비해야 하는 이유,@JHB674,Ai 반대합니다ㅠ
OcFXKUxiskw,AI디지털교과서로 공부하면 벌어지는 일 / 내년 수업 방식에 미리 대비해야 하는 이유,@몰랑이-r6k,"제발 무산됐으면 좋겠네요-_-
단점이 더 많아보여요..
아무리 생각해도.."
OcFXKUxiskw,AI디지털교과서로 공부하면 벌어지는 일 / 내년 수업 방식에 미리 대비해야 하는 이유,@seoyulmath,"이돈이면 선생님 임용을 더 많이 늘려서
학급당 학생수를 줄여주는게 훨씬 더 좋지 않을까요?ㅜㅜ
돈을 참 이상하게 쓰네 ㅠㅠ"
OcFXKUxiskw,AI디지털교과서로 공부하면 벌어지는 일 / 내년 수업 방식에 미리 대비해야 하는 이유,@블랙망개-w5m,나라가 미친듯
OcFXKUxiskw,AI디지털교과서로 공부하면 벌어지는 일 / 내년 수업 방식에 미리 대비해야 하는 이유,@연꽃둥둥,"선생님이 말씀하신 눈 맟춤, 정서적인 교감이 더 중요하다는 것에 10000% 동의합니다.
아직 뇌가 자라고 있는 아이들에게 테블릿과 ai로 학습을 한다..? 참... 예산이 아깝지 않게 되길 바랄뿐입니다.
디지털 교과서도 단점이 많아 스웨덴에서는 종이교과서로 돌아갔다는데
이런저런거 다 알아보고 시작한거겠죠?^^;; 하하하;;"
OcFXKUxiskw,AI디지털교과서로 공부하면 벌어지는 일 / 내년 수업 방식에 미리 대비해야 하는 이유,@chrisserenekim2473,"그 놈의 혁신 혁신... 혁신 원하지 않으니 제발 기본 안에서 제대로 세금 쓰면서 상식적으로 교육하는 대한민국 교육부 되었음 하는데 왜 자꾸 허튼데 돈 쓰면서 정작 부모들은 반대하는데 무엇 때문에 고집하는지.. 정말 원하지 않아요. 선생님 의견처럼, 그저 선생님과 정서적 교류하며 따뜻한 학창시절 잘 보내고, 그런 추억으로 또 인생 살아가는 그런 우리 아이들 되었음 좋겠습니다."
OcFXKUxiskw,AI디지털교과서로 공부하면 벌어지는 일 / 내년 수업 방식에 미리 대비해야 하는 이유,@SS-cj6mf,진짜 미친건가 싶어요...
OcFXKUxiskw,AI디지털교과서로 공부하면 벌어지는 일 / 내년 수업 방식에 미리 대비해야 하는 이유,@bok9322,"정말 너무 싫다!
종이로 쓰고 지우며 공부해야지 뭔소리야 ㅠㅠ 
장점보다 단점이 많은데 왜 하는거지??
아이들 시력은 어쩔거며...
설명이 잘 되어 있는들 집중력은 훨씬 떨어질게 분명하다.
생각만해도 눈 아파"
OcFXKUxiskw,AI디지털교과서로 공부하면 벌어지는 일 / 내년 수업 방식에 미리 대비해야 하는 이유,@짱미소-k4e,집에서 스마트폰 때문에 전쟁인 통에  교육부에서 더 부축이는건지 ;;;;  혼란의 도가니네요 심히 시력 또한 걱정입니다
OcFXKUxiskw,AI디지털교과서로 공부하면 벌어지는 일 / 내년 수업 방식에 미리 대비해야 하는 이유,@뚱이땡이아빠,홈스쿨링을 알아보게 되는 요즘...
OcFXKUxiskw,AI디지털교과서로 공부하면 벌어지는 일 / 내년 수업 방식에 미리 대비해야 하는 이유,@문성현-f3z,아 이제 초등학교도 자퇴시킬때도된듯
OcFXKUxiskw,AI디지털교과서로 공부하면 벌어지는 일 / 내년 수업 방식에 미리 대비해야 하는 이유,@시작이반-f1k,사람이 사람을 가르치지 않는 교육은 교육이 아니라 학습일 뿐이겠지요.. ㅠ
OcFXKUxiskw,AI디지털교과서로 공부하면 벌어지는 일 / 내년 수업 방식에 미리 대비해야 하는 이유,@윤율-w2v,현장에 있는 선생님들도 반대하는데... 교육부 미친거아닌가? 선생님들 월급이나 올려줘서 더 바르고 능력있는 선생님들을 뽑는게 100배 낫지 ㅡㅡ
OcFXKUxiskw,AI디지털교과서로 공부하면 벌어지는 일 / 내년 수업 방식에 미리 대비해야 하는 이유,@이샤-g7i,"집에서는 전자기기 차단하려고 전쟁중인데!!!
학교는 온라인 숙제...
담임쌤 카톡 알림장...
이제 전자 교과서까지...
너무 싫네요ㅜㅜ
시력 나빠지는 것도 나라에서 책임질건지..."
OcFXKUxiskw,AI디지털교과서로 공부하면 벌어지는 일 / 내년 수업 방식에 미리 대비해야 하는 이유,@use.보슬이,"절대 반대다.
그 막대한 돈으로 교육계에 더 투자했어야한다"
OcFXKUxiskw,AI디지털교과서로 공부하면 벌어지는 일 / 내년 수업 방식에 미리 대비해야 하는 이유,@지유니백,"제가 생각한 것보다 더 복잡하네요
내년에 현장이 얼마나 혼란할지.. 지도하셔야하는 선생님들도 소화해야할 아이들도 염려됩니다ㅜㅜ"
OcFXKUxiskw,AI디지털교과서로 공부하면 벌어지는 일 / 내년 수업 방식에 미리 대비해야 하는 이유,@sybookdang,"전 세계 유래없는 디지털 교과서 아이들에게 도움이 될 거라고 생각하지 않아요. 정말 극소수만 도움이 될까요? 전 병행하는 게 좋다고 생각하지만, 제발 다시 돌이키길 바랍니다. 어른도 자기 조절력이 어려운데... 이것을 어린이에게 접한다? 전 판타지라고 생각합니다."
OcFXKUxiskw,AI디지털교과서로 공부하면 벌어지는 일 / 내년 수업 방식에 미리 대비해야 하는 이유,@naeppen,반대를 하는데도 왜 계속 진행하는건가요. ㅜㅜ
OcFXKUxiskw,AI디지털교과서로 공부하면 벌어지는 일 / 내년 수업 방식에 미리 대비해야 하는 이유,@sunyounglee515,아..정말 싫어요..저희아이 무료로 학습패드 이용할기회가 있어서 몇일 사용해본적이 있는데요.. 책으로 잘 읽고 찾아보고 스스로 공부하던아이가 동영상보기 지루하니 속도를 줄였다 늘렸다 장난치고 단순 몇문제 풀더니 끝났지 하며 더 하려하지 않더라구요.. 가독성도 종이책보다 낮고 이미 책으로 스스로 잘하고있는 아이에게 문제풀이만 하면 공부가 끝난다는 인식을 심어줄까봐 하지않았는데… 정부에서 나서서 책을 멀리하게 만드는지 모르겠어요…
OcFXKUxiskw,AI디지털교과서로 공부하면 벌어지는 일 / 내년 수업 방식에 미리 대비해야 하는 이유,@경남-z5u,"초등때는 연필잡고 직접써보고 해야한다고 생각함..저희 애들도 패드학습을 6살부터 초3까지 계속 하고 있는데도 패드학습과 종이책을 병행하는데.. 패드는 딱 인강으로 좋고 수학계산이나 국어 풀때는 직접 연필들고 풀어봐야 더 기억에 잘남는다고 딸아이도 나에게 말함.  저 디지털교과서는 중,고등학교때 하면 괜찮을거같음.  지금 아이톡톡때문에 학교에서 노트북 나눠준것도 하교시간되면 그거 펼쳐서 와이파이되는곳에 애들 앉아서 게임하고 앉았음..디지털기기 과잉시대.."
OcFXKUxiskw,AI디지털교과서로 공부하면 벌어지는 일 / 내년 수업 방식에 미리 대비해야 하는 이유,@coco-th9dg,이미 있는 학습패드와 비슷 한 거 아닌가요. 집에서 부모가 선택해서 보조 기구로 쓸 일이지 싶은데.. 생각 할 힘을 더 줄이지 않을까 걱정되네요.
OcFXKUxiskw,AI디지털교과서로 공부하면 벌어지는 일 / 내년 수업 방식에 미리 대비해야 하는 이유,@3BP-14,"득보다 실이 많지는 않을지 걱정이 앞서네요...디지털 교과서를 먼저 사용해보고 종이교과서로 돌아간 나라도 있는데 좀 신중해주었으면 좋겠는데, 충분히검토하신거겠지요?^^; 아이들을 상대로 위험한 실험이 되지 않았으면 하는 바램입니다."
OcFXKUxiskw,AI디지털교과서로 공부하면 벌어지는 일 / 내년 수업 방식에 미리 대비해야 하는 이유,@용똘2,어후... 무조건 유학간다 초3되면 폰도 안사줄건데 고딩때까지 집에 티비도 없앤판인데...
OcFXKUxiskw,AI디지털교과서로 공부하면 벌어지는 일 / 내년 수업 방식에 미리 대비해야 하는 이유,@앙찌사랑,나라망하라고 만든건가.어린새싹들을 망쳐놓는구만
OcFXKUxiskw,AI디지털교과서로 공부하면 벌어지는 일 / 내년 수업 방식에 미리 대비해야 하는 이유,@스마일-p8m,"정말 너무 싫습니다.
누구를 위한 건지 모르겠어요..
시력이 나빠 일부러 패드도 안 보여주는데
교육부에서 아이들 시력 나빠지게 부추기는 격이네요"
OcFXKUxiskw,AI디지털교과서로 공부하면 벌어지는 일 / 내년 수업 방식에 미리 대비해야 하는 이유,@Mu66388,궁금한게.. 전세계도 하지않은 이런 시도를 어떻게하다 우리나라에서 처음 시도하게 된거죠😅 초2키우고 내년 3학년 학부모인 입장에서 걱정이 앞서긴 합니다
OcFXKUxiskw,AI디지털교과서로 공부하면 벌어지는 일 / 내년 수업 방식에 미리 대비해야 하는 이유,@muvw8342,"어른도 디지털기기 중독 벗어나기 힘든데 ㅠㅠ 아이들은 더 힘들지 않읆가 싶어요 ㅠㅠ 저희 아이는 내년에 3학년이라 디지털 교과서 시범 대상이에요. 다니고 있는 학교는 코로나 이후부터 고학년은 이미 태블릿으로 수업 중이래요... 환경과 경험이 있으니 염려 마시래요.

선생님께서 종이책이 전자책보다는 더 정보습득이 잘 된다고 하셨던 게 기억나서 ㅠㅠ 염려되었는데 영상에서 말씀해 주셨네요.

아이마다 모바일 기기 활용 능력이 다양할텐데, 기기 사용 방법부터 가르쳐야 할 텐데 그것도 걱정..
아이들의 데이터 처리를 통해 만들어진 자료가 과연 어떤 식으로 활용되고 사용될 지 걱정..
장단점이 흑백처럼 극단적인 디지털 기기에 기대되는 마음 반 걱정되는 마음 반
이런 저런 고민이 가득한데 선생님께서 답안을 주셨네요.

올해에 던져진 돌맹이가 너무 많아서 물결이 마구 흔들거리는 격동의 시대가 될 거 같아 무섭기도 해요 ㅠㅠ

기본적으로
자기조절력을 길러주며 격변할 사회에 대처해야 겠네요.

오늘도 영상 감사합니다 😊❤"
OcFXKUxiskw,AI디지털교과서로 공부하면 벌어지는 일 / 내년 수업 방식에 미리 대비해야 하는 이유,@김다해-q9d,"돈이 썩어났다  
학교안보내고 싶다 
집에서 게임하는것도 짜증나는데 
디지털수업이라니
안경쓰는애들 늘겠네 젠장"
OcFXKUxiskw,AI디지털교과서로 공부하면 벌어지는 일 / 내년 수업 방식에 미리 대비해야 하는 이유,@비둘기2-s9k,어른들부터 스마트폰 안쓰면 좋겠어요😂
OcFXKUxiskw,AI디지털교과서로 공부하면 벌어지는 일 / 내년 수업 방식에 미리 대비해야 하는 이유,@mogi0229,그돈으로ㅠ 각반에 교사1명을 더배치해주세요 수업중 아이들이 질문하면 간단히 대답해 줘야하는 현실이고 질문이 길어지면 눈치주고 그분위기를 느끼고 질문 못하고 넘어가는 경우가 많아요
OcFXKUxiskw,AI디지털교과서로 공부하면 벌어지는 일 / 내년 수업 방식에 미리 대비해야 하는 이유,@아비엄마,"에휴 답답합니다 책,문제집은 종이여야하는데... ㅜㅜ"
OcFXKUxiskw,AI디지털교과서로 공부하면 벌어지는 일 / 내년 수업 방식에 미리 대비해야 하는 이유,@jieonhwang3777,선생님 자제하시는게 느껴집니다ㅜㅜ 하지만 다같은마음일거예요ㅜㅜ
OcFXKUxiskw,AI디지털교과서로 공부하면 벌어지는 일 / 내년 수업 방식에 미리 대비해야 하는 이유,@오늘도햇살-k6g,넘 걱정되고 궁금했는데 자세한 설명 감사드려요^^
OcFXKUxiskw,AI디지털교과서로 공부하면 벌어지는 일 / 내년 수업 방식에 미리 대비해야 하는 이유,@허지혜-y7x,학교 자퇴하고 홈스쿨 하던지 국제학교보내야겠습니다.
OcFXKUxiskw,AI디지털교과서로 공부하면 벌어지는 일 / 내년 수업 방식에 미리 대비해야 하는 이유,@jambo409,"믿고 보는 어디든 학교.
선생님, 고맙습니다. 😊"
OcFXKUxiskw,AI디지털교과서로 공부하면 벌어지는 일 / 내년 수업 방식에 미리 대비해야 하는 이유,@user-ds7pt5hs6v,일부러 테블릿학습지도 안하고 일반 학습지 선택하고 5년째 대 만족인데 이 무슨...😢
OcFXKUxiskw,AI디지털교과서로 공부하면 벌어지는 일 / 내년 수업 방식에 미리 대비해야 하는 이유,@nunu3009,"❤❤❤❤큰도움되었어요
앞으로다뤄주실내용도기대됩니다"
OcFXKUxiskw,AI디지털교과서로 공부하면 벌어지는 일 / 내년 수업 방식에 미리 대비해야 하는 이유,@시작이반-f1k,선생님조차도 장점을 애써서 뽑아내시려는 게 느껴졌어요..ㅠ
OcFXKUxiskw,AI디지털교과서로 공부하면 벌어지는 일 / 내년 수업 방식에 미리 대비해야 하는 이유,@maxmax-yg7oc,"현재 중학생의 입장에서 볼때 디지털 교과서에 대해 주제를 벗어난 염려가 많은것 같은데 1. 스마트폰 조절력이 떨어진다 : 
아무리 스마트폰과 비슷하다고 해도 허용된 목적 이외의 인터넷과 SNS, 게임도 안되는 기기에 조절력 문제는 일어나지 않습니다. 다만 초등학생의 경우에는 반 강제적으로 디지털 기기를 익숙하게 만드는 경향이 있어서 없다고는 항 수 없을 것 같습니다
2. 기기에 사용이 익숙해 질때까지 기다려야 한다 : 이번에 도입된다면 초3, 4학년 제외하면 큰 문제는 아닙니다 문제는 격차가 날 수 있는 초등학생에 경우인데 그래서 저는 1번 이유와 합쳐서 초등학생에겐 절대 도입하지 않았으면 좋겠네요
3 . 기기로 수업을 하면 눈 마주치는 시간이 줄어든다? : 기기 대신 선생님과 친구들을 보게 만들면 되는 것 아닐까요? 애초에 그냥 교과서를 많이 쓰지 않고 많이 안 보게 만들면 될 일입니다. 지금 학교에서 태블릿 수업을 할때 별 문제가 없는 걸 봐서는 이런 부작용은 없을 것 같습니다

근데 문제는 그 외의 것들이죠 제대로 만들어나 줄건지...."
OcFXKUxiskw,AI디지털교과서로 공부하면 벌어지는 일 / 내년 수업 방식에 미리 대비해야 하는 이유,@juyeoun2,핀란드에서 ai코딩교육을 제일 먼저 시작했고 현재도 하고 있지만 디지털 교과서도 함께 도입했다가 문해력과 주의집중력 일회성으로 끝나 습득하는 공부로는 도움이 안되기때문에 종이 교과서로 갔는데 왜 우리나라는 반대로 가나요. 수능과 논술은 지필로 보면서 아이들은 시각적으로 보고 들었으면 다 이해했다고 착각하고 심지어 공부가 끝났다고 생각해요.  디지털로 공부한 아이들은 지필로 따로 테스트하면 소나기내립니다. 그 기계 안에서 방금 전에 푼 유형의 닮은 꼴 문제만 맞출 수 있어요. 생각하는 문제는 쓰고 골똘히 생각하고 싶어하지 않아요. 결국 학업의 구멍이 커지면 학원에 더 많은 아이들이 가겠지요?!
OcFXKUxiskw,AI디지털교과서로 공부하면 벌어지는 일 / 내년 수업 방식에 미리 대비해야 하는 이유,@Pinklovelyangel60,정부가 돈에 미쳤죠… 이미 외국에서 다 접은 사업을 …. 어휴
OcFXKUxiskw,AI디지털교과서로 공부하면 벌어지는 일 / 내년 수업 방식에 미리 대비해야 하는 이유,@yi7215,"예산보고 기겁하겠습니다.
좋은 영상 감사합니다!"
OcFXKUxiskw,AI디지털교과서로 공부하면 벌어지는 일 / 내년 수업 방식에 미리 대비해야 하는 이유,@teacherlee6371,"선생님께서 말씀하신 정서적 교류 정말 공감합니다. 
저도 저희 반 학생들 살펴보면 요즘은 다 태블릿으로 학습지를 풀고, 방과 후 보충 프로그램에서도 태블릿으로 문제를 푸는데,

의외로 아이들이 좋아하고 정말 도움이 되었다고 말하는 것은 
제가 내 준 과제(ai 프로그램이든 문제집이든)를 다 한 후에 제가 각자 틀린 문제 1문제씩을 칠판에 다시 써 주고 잘 풀었는지 확인하는 시간이더라구요.. 
 '선생님에게 내가 잘 풀고 있다는 것을 보여드리고 칭찬받는 것', '내가 모르는 부분을 선생님이 알려주신다'는 것에 학습 동기와 만족감이 커지는 것 같았어요.. 

수업 시간에 혼란이 적기만을 바랄 뿐입니다..ㅠ"
OcFXKUxiskw,AI디지털교과서로 공부하면 벌어지는 일 / 내년 수업 방식에 미리 대비해야 하는 이유,@maxmax-yg7oc,"AI 디지털 교과서? 목적대로만 되면 정말 공교육의 혁신 그 자체인데 문제는 그것의 완성도지. 얼마나 자기 수준에 맞는 개인 맞춤 학습이 되고, 과도하게 기계적이지 않고, 자신에게 필요한 지식만 가져가게 할 수 있는지 그게 문제니까. 물론 일단 도입만 해 놓으면 충분히 수정 해 가면서 목적대로 가게 할 수는 있겠다만 문제는 그걸 만든 사람이 누구냐? 누가 돈을 버냐? 돈을 위해 그 수많은 사람들을 희생시키는건 말. 이. 안. 된. 다."
OcFXKUxiskw,AI디지털교과서로 공부하면 벌어지는 일 / 내년 수업 방식에 미리 대비해야 하는 이유,@시작이반-f1k,사람이 피드백을 해줘도 자기께 안되는 애들에게 디지털로 피드백해준다면 와 좋겠다 하겠냐고요..
OcFXKUxiskw,AI디지털교과서로 공부하면 벌어지는 일 / 내년 수업 방식에 미리 대비해야 하는 이유,@damin17,"종이 교과서가 아예 없어지는건가요?
아직 집에서도 스마트폰 패드수업등
일부러 안하는건데  학교에서 사용하다니ㅜ ㅜ
종이로 넘기며 손으로 쓰고 이게 학습아닌가요"
OcFXKUxiskw,AI디지털교과서로 공부하면 벌어지는 일 / 내년 수업 방식에 미리 대비해야 하는 이유,@이현미-z9g,"늘봄도 웃김 초등을 7시까지 학교내  잡아주는게   말이 됨  
그냥 맞벌이부모는 둘중에 한명  강제 4시 퇴근 시키면 됨 월급 그대로 주고"
OcFXKUxiskw,AI디지털교과서로 공부하면 벌어지는 일 / 내년 수업 방식에 미리 대비해야 하는 이유,@난리났네난리났어-q6s,9:17 저도 이부분 때문에 최소 1개월은 수업 집중력이 굉장히 낮아지지 않을까 싶습니다.
OcFXKUxiskw,AI디지털교과서로 공부하면 벌어지는 일 / 내년 수업 방식에 미리 대비해야 하는 이유,@너라서-d1i,"본인 학습 강약점은 데이터가 분석해 줄 것이 아니라 본인이 해야 사고,분석,해결력도 생기고 하는거지. 아주  모든걸 떠먹여 주는 바보를 만드는구나 싶네요."
OcFXKUxiskw,AI디지털교과서로 공부하면 벌어지는 일 / 내년 수업 방식에 미리 대비해야 하는 이유,@반짝반짝-b5n,"아직 폰도 안사주는데 골치아프네요...학원에서 패드로 해본다는거 최대한 미루고있는데ㅜ 공교육에서 이러면 어쩌나요ㅜ 
우려되는점 들어보니 더 막막하고
안했으먄 좋겠네요ㅜㅜ"
OcFXKUxiskw,AI디지털교과서로 공부하면 벌어지는 일 / 내년 수업 방식에 미리 대비해야 하는 이유,@미뇽-r4r,내년에 대비하는게 아니라 전자책 도입 막아야 한다고 생각합니다…
OcFXKUxiskw,AI디지털교과서로 공부하면 벌어지는 일 / 내년 수업 방식에 미리 대비해야 하는 이유,@jieun118,"스마트구몬만 해도 시작제출시작제출 누르면서 산만해짐을 느끼는데, 부모 개입이 꼭 필요할 것이라는 느낌이 듭니다."
OcFXKUxiskw,AI디지털교과서로 공부하면 벌어지는 일 / 내년 수업 방식에 미리 대비해야 하는 이유,@goldsj48,12:40 자기조절력 기르기 - 스스로를 지켜낼 줄 아는 능력
OcFXKUxiskw,AI디지털교과서로 공부하면 벌어지는 일 / 내년 수업 방식에 미리 대비해야 하는 이유,@반디소년,11:47 이거... 의대정원 증원하고 똑같은데?
OcFXKUxiskw,AI디지털교과서로 공부하면 벌어지는 일 / 내년 수업 방식에 미리 대비해야 하는 이유,@heyminson4179,초등만 아니면 중 고등 에서는 흥미 를 돋울수 있을 것 같긴한데..  흠...
OcFXKUxiskw,AI디지털교과서로 공부하면 벌어지는 일 / 내년 수업 방식에 미리 대비해야 하는 이유,@laelsworld1116,"이 또한 가정 마다 격차가 크겠네요. 컴퓨터가 집집 마다 다 있는 것도 아니고 부모가 다 컴퓨터를 잘하는 것도 아니고 디지털 사용에 다 긍정적인 것도 아니라 가정에서의 역할이 하나 또 늘어난  것 같아요. 작은 것부터 세심하게 신경 써주는 가정의 아이들은 오히려 디지털 사용 능력 또 하나  생기는 것이므로 새로운 격차가 생길것도 같네요. 이것도 학원이 생기는 거 아닌가 싶네요~~ 새로운 문물에 대해 무조건 적인 반대보다 오히려 그것을 어떻게 활용하여 아이의 능력을 끌어줄 것인가에 더 관심이 가는 편이라  기대도 됩니다. 다만, 현장에서 가르치시는 교사들이 격차가 걱정됩니다. 디지털이 익숙한 교사들이 있고 그렇지 못한 교사들이 있어 연수로 해결되는지 걱정이 되네요."
OcFXKUxiskw,AI디지털교과서로 공부하면 벌어지는 일 / 내년 수업 방식에 미리 대비해야 하는 이유,@이준형-u9k,4:32  현장 적용 시기
OcFXKUxiskw,AI디지털교과서로 공부하면 벌어지는 일 / 내년 수업 방식에 미리 대비해야 하는 이유,@커피고,AI찬성. 코로나 때 집에서 줌수업을 하는걸 보니 왜 AI디지털 교과서가 필요한지 알게되었음.
OcFXKUxiskw,AI디지털교과서로 공부하면 벌어지는 일 / 내년 수업 방식에 미리 대비해야 하는 이유,@xjrrhdmf,"저학년과 그 외 학년들은 그대로 가는 건가요?
자꾸 변하는 교육정책에 우왕좌왕 ㅜㅜ
강의도 들어보고 설명회도 가보았는데요.
인식 변화와
선생님의 자리도 변화가 생길 듯 싶습니다."
OcFXKUxiskw,AI디지털교과서로 공부하면 벌어지는 일 / 내년 수업 방식에 미리 대비해야 하는 이유,@FutureKimks,아이들 시력이나 전두엽엔 신경쓰지 않는 디지털 교과서라니.. 종이와 디지털의 장단이 분명 있는데 디지털만 최고라는 기준은 과연 어디서 온건지...
OcFXKUxiskw,AI디지털교과서로 공부하면 벌어지는 일 / 내년 수업 방식에 미리 대비해야 하는 이유,@mijungkim8348,자기주도…초등학생들에게??요즘애들 똑똑하지만 해야되는게 오ㅐ 더 많을까?학교에서 진도만 나가기때문. 그런데 AI수업이라니
OcFXKUxiskw,AI디지털교과서로 공부하면 벌어지는 일 / 내년 수업 방식에 미리 대비해야 하는 이유,@yopyop61304,일제시대 공교육 도입의 목적이 생각할줄 모르고 시키는대로 하는 노비를 기르는 것이라더니 딱 그때의 목적대로 가고 있네요
OcFXKUxiskw,AI디지털교과서로 공부하면 벌어지는 일 / 내년 수업 방식에 미리 대비해야 하는 이유,@춤추는리리-v2f,누구나 알고 있죠.. 누군가의돈벌이라는걸.. 근대 이걸 아이들교육과 바꾼다는게 서글퍼요.. 차라리 저돈 그냥기업에주면안되나요?
OcFXKUxiskw,AI디지털교과서로 공부하면 벌어지는 일 / 내년 수업 방식에 미리 대비해야 하는 이유,@진-k7h7j,안그래도 눈나쁘고 ㅎㅎ; 일부러 밀크티같은것도안시켰는데  교육부 이런식이면 홈스쿨링해서 종이로 공부시키는게 났겠다 싶네요
OcFXKUxiskw,AI디지털교과서로 공부하면 벌어지는 일 / 내년 수업 방식에 미리 대비해야 하는 이유,@CrazyACatAde,그리고 아이들이 게임식 수업한다고 좋아할 거라는건 착각이예요. 아이들도 바보가 아니라서 학습인지 놀이인지 정도는 귀신같이 압니다. 아이들 인터넷으로 학습하다가 게임처럼 문제 나오는게 기존 디지털교과서에는 있었거든요. 그거 가지고 장난치지 수업을 하진 않아요.. 그리고 생각보다 아이들은 디지털이란 환경에서 어른보다 매우 자유롭다. 이거 하나면 장단점을 다 아우를 수 있죠. 장점이라면 좋겠지만 단점으로 나오는 순간 손 못댑니다. 전쟁일거예요....우리보다 나은 세대거든요.
OcFXKUxiskw,AI디지털교과서로 공부하면 벌어지는 일 / 내년 수업 방식에 미리 대비해야 하는 이유,@이제는그래도,누구 배를 불리려고 아이들을 상대로 이런 실험을 하는지 모르겠네요. 기업 몰아주기식 정책이면....참담하네요.
OcFXKUxiskw,AI디지털교과서로 공부하면 벌어지는 일 / 내년 수업 방식에 미리 대비해야 하는 이유,@sunyoungjun183,"조단위  세금으로  선심쓰듯 자기돈처럼  쓰고
이게  인강이랑  다를바가  있나?  선생님이랑
교감하며  수업해야지~~ 학교를  다니는  의미가  자꾸  없어지네  초등도  검정고시로  치면  되겠네....  어휴 .... 장점보다  단점이  많음"
OcFXKUxiskw,AI디지털교과서로 공부하면 벌어지는 일 / 내년 수업 방식에 미리 대비해야 하는 이유,@hyunjilee4444,"어른들보다 조절 능력이 떨어지는 아이들이 미디어 중독이 될까봐 게임도 유투브도 시간제한하며 조심하고 있는데~ ai로 학습한다는게 말이 안돼요~
극단적으로 미디어 중독자의 뇌와 마약중독자의 뇌가 같다고 하죠~ 도파민 시스템도 붕괴되고
저도 미디어를 안보여주진 않지만 학교에서까지 그러고 싶지 않아요~ 
아이들 문해력도 떨어지고 심화는 생각하려는 끈기도 부족해져가는데 ai학습이 얼마나 도움이 될지 의문이예요~  그러면서 수능은 논술을 강화한다고 하고
논술도 사교육으로 가야할것 같네요~"
OcFXKUxiskw,AI디지털교과서로 공부하면 벌어지는 일 / 내년 수업 방식에 미리 대비해야 하는 이유,@자정수-w2u,"대비만해야할까요?
교육주체중 하나인 학부모와 선생님이 바꿀 방법은 없는걸까요?
정말 교육정책이 합의없이 이런식으로 바뀐경우를 살다살다 처음봅니다. 대비하는 것만이 학생을 위한길인건지..대비를 제대로 하는건 가능한건지.."
OcFXKUxiskw,AI디지털교과서로 공부하면 벌어지는 일 / 내년 수업 방식에 미리 대비해야 하는 이유,@봄이율이,자기조절력…그건 어느정도 성장해야 가능할것 같은데요..ㅠㅠ걱정입니다
OcFXKUxiskw,AI디지털교과서로 공부하면 벌어지는 일 / 내년 수업 방식에 미리 대비해야 하는 이유,@대한-i9t,누군가 뒷돈 먹고 한기업 몰아주기는 아니겠죠????
OcFXKUxiskw,AI디지털교과서로 공부하면 벌어지는 일 / 내년 수업 방식에 미리 대비해야 하는 이유,@kkumirumi9260,"교육도구가 문제가 아니라 
주입식 사지선다 교육체계자체를 뒤집어 엎어야 하는데 
정부는 뭐가 중요한지 모른다! 아이고 ㅠㅠㅠㅠ"
OcFXKUxiskw,AI디지털교과서로 공부하면 벌어지는 일 / 내년 수업 방식에 미리 대비해야 하는 이유,@네이비블루J,"부주의로 하루에만 부셔지는 태블릿만해도 어마어마 할거 같은데 그거 다 누구 돈으로 하냐고.
애들 무상교육이나 급식, 선생님들 처우같은거에 더 신경 쓰는게 낫지 않나."
OcFXKUxiskw,AI디지털교과서로 공부하면 벌어지는 일 / 내년 수업 방식에 미리 대비해야 하는 이유,@관리자-e3j,"자퇴해야지요,,,
뇌발달을 디지털에게 맡길수 없음,,,"
OcFXKUxiskw,AI디지털교과서로 공부하면 벌어지는 일 / 내년 수업 방식에 미리 대비해야 하는 이유,@y-wgong,구지 ai를 ㅠㅜ  아이들이 더 자신만의 생각할 힘이 없어지지않으까요
OcFXKUxiskw,AI디지털교과서로 공부하면 벌어지는 일 / 내년 수업 방식에 미리 대비해야 하는 이유,@Kim-rx6jz,"반대하시면
2025년 교육부의 AI 디지털교과서 도입 유보 요구에 관한 청원에 동의 하는 걸로 아이들을 지켜보아요"
OcFXKUxiskw,AI디지털교과서로 공부하면 벌어지는 일 / 내년 수업 방식에 미리 대비해야 하는 이유,@yi7215,학교란 무엇인가 😢
OcFXKUxiskw,AI디지털교과서로 공부하면 벌어지는 일 / 내년 수업 방식에 미리 대비해야 하는 이유,@Lifegoeson_Aro,교과서가 아니고 학습지아닌가요? 설명듣다보니 딱 학습지네요.
OcFXKUxiskw,AI디지털교과서로 공부하면 벌어지는 일 / 내년 수업 방식에 미리 대비해야 하는 이유,@김s_kim.s,"개별진도라고 들은 것 같은데, 수학의 경우 수학실력이 뛰어난 아이가 수학 진도를 쭉쭉 다 나가서 그 학년 진도를 다 나갔을 때, 그다음은 다음 학년으로 넘어가나요? 그 아이만 혼자 계속 심화 문제를 풀게 되는 걸까요? 그 부분 말씀해 주시는 영상을 아직 못 찾아서요😅"
OcFXKUxiskw,AI디지털교과서로 공부하면 벌어지는 일 / 내년 수업 방식에 미리 대비해야 하는 이유,@yi7215,"디지털이 다 빨리빨리 해주면
아이들은 무얼하나요
어떤 큰 교육적 효과가 없을것
같은데😂
생각하는 힘이 없어질것 같은데
걱정입니다.
방과후 보충용으로 쓰면 될것 같은데ㅡ 아이들을 바라보는 철학의 부재입니다."
OcFXKUxiskw,AI디지털교과서로 공부하면 벌어지는 일 / 내년 수업 방식에 미리 대비해야 하는 이유,@claire6898,시력이 걱정됩니다.
OcFXKUxiskw,AI디지털교과서로 공부하면 벌어지는 일 / 내년 수업 방식에 미리 대비해야 하는 이유,@양희김-l9h,디지털 교과서 반대입니다. 아이의 부족을 ai가 측정하고 훈련시키고. 인공지능의 노에가 되는거고 이것은 학원과 다른것이 무엇인가요. 아이들을 서열화시키는것이 목표이고 이로 인해 어마어마한 예산을 들여 에듀테크의 이익에 아이들이 마루타가되고 있습니다.
OcFXKUxiskw,AI디지털교과서로 공부하면 벌어지는 일 / 내년 수업 방식에 미리 대비해야 하는 이유,@CrazyACatAde,"현재 디지털 교과서에서 주 정보 수집원은 문제 푸는거예요. 그게 있어야 수준을 파악을 할 수 있으니까요. 즉, 3~4학년부터 문제풀이에 집중할 수도 있다는거죠. 

그리고 중학교부터는 교과서 잘 안씁니다. 저도 이게 참 불만이었는데요. 다양한 교과서에서 학습내용을 뽑아와서 활용하다보니 교과서 하나만으로 사용하고 있지 않다는거죠. 근데 디지털교과서? 글쎄요. 지금은 수업평가도 단답형 시험을 보지 않아요. 점점 서술 평가도 늘어나고 있죠. 근데 이걸 디지털 교과서가 확인할 수 있는지 모르겠어요. 

GPT최신버전이면 모르겠는데 그 정도 퍼포먼스를 보여줄 수 있는지 모르겠습니다. 

흠.... 고등은 수능 안없애는 이상. 문제 풀겠죠. 단, 중학교때부터 진로 잘 결정하지 못하면 이것도 저것도 아닌걸로 ㅠ ㅠ"
OcFXKUxiskw,AI디지털교과서로 공부하면 벌어지는 일 / 내년 수업 방식에 미리 대비해야 하는 이유,@Jinchandam,종이 교과서가 최고입니다. 아이들을  바보로 만들 작정인지!!
OcFXKUxiskw,AI디지털교과서로 공부하면 벌어지는 일 / 내년 수업 방식에 미리 대비해야 하는 이유,@skyforskysky,무엇보다 그냥 눈 아프던데
OcFXKUxiskw,AI디지털교과서로 공부하면 벌어지는 일 / 내년 수업 방식에 미리 대비해야 하는 이유,@k79486486,왜 아이들이 실험체가 되야 하는지...이상한 나라임
OcFXKUxiskw,AI디지털교과서로 공부하면 벌어지는 일 / 내년 수업 방식에 미리 대비해야 하는 이유,@찰맘,사립초로 옮겨야되나 ㅡㅡ
OcFXKUxiskw,AI디지털교과서로 공부하면 벌어지는 일 / 내년 수업 방식에 미리 대비해야 하는 이유,@부툴이-k8f,반대합니다
OcFXKUxiskw,AI디지털교과서로 공부하면 벌어지는 일 / 내년 수업 방식에 미리 대비해야 하는 이유,@leaf-c1t리프,이걸도대체 왜하는지!! 적어도 학부모에게 찬반투표정도는 해야하는거 아닌가요? 누굴위한정책인가요 기업을 위한 교육정책같네요.  애들 시력을 누가책임집니까? 거부하고싶습니다.
OcFXKUxiskw,AI디지털교과서로 공부하면 벌어지는 일 / 내년 수업 방식에 미리 대비해야 하는 이유,@CrazyACatAde,"어린 아이들은 디지털교과서 안쓰는게 훨 낫습니다. 아무리 봐도 장점보다 단점이 많죠. AI로 맞춤 학습하는거.. 조금 수동적이긴 한데 EBS에서 맞춤 설계 가능하고 내용도 확인할 수 있고요. 하지만 쓰기가 약한 아이들 읽기가 약한 아이들에게는 쥐약이죠. 읽는 법을 디지털에만 맞추게 되면 글쎄요. 

고등학생이면 모를까 중학생까지는 별로 입니다. 
선생님이 보조로 활용하시면 상당히 좋겠지만 지금 교사분들도 내용을 잘 모르시잖아요. 내년되면 음...내년은 너도나도 실험만 하다 끝납니다. 
코로나19 비대면 수업도 1년을 지지고 볶았습니다. 
ㅠ ㅠ 
굳이 교과서를 디지털로 해야하는 까닭을 사실 모르겠습니다. 나와있는 것을 잘 이용하는 것도 중요한데 그것조차 손을 못대는데요."
OcFXKUxiskw,AI디지털교과서로 공부하면 벌어지는 일 / 내년 수업 방식에 미리 대비해야 하는 이유,@멍이-h9q4h,너무 반대합니다 슬퍼요
OcFXKUxiskw,AI디지털교과서로 공부하면 벌어지는 일 / 내년 수업 방식에 미리 대비해야 하는 이유,@kkkk-od1bf,도대체 왜 이런 !!! 말도 안되는 정책을 내놓을까요! 학교에서는 종이책으로!!!!!!!  배우면 좋겠어요
OcFXKUxiskw,AI디지털교과서로 공부하면 벌어지는 일 / 내년 수업 방식에 미리 대비해야 하는 이유,@김나리-z3u,시작은.되었는데 또.흐지부지.될까.걱정이네요. 그럼 아이들도.혼란스러워질텐데😅 사실 이미.아이들이.테블릿에 많이.적응되어있긴 합니다. 좋은.활용이.되길~😊
OcFXKUxiskw,AI디지털교과서로 공부하면 벌어지는 일 / 내년 수업 방식에 미리 대비해야 하는 이유,@mkchang9567,제발 무산되길
OcFXKUxiskw,AI디지털교과서로 공부하면 벌어지는 일 / 내년 수업 방식에 미리 대비해야 하는 이유,@green-d4k,Ai교과서  반대
OcFXKUxiskw,AI디지털교과서로 공부하면 벌어지는 일 / 내년 수업 방식에 미리 대비해야 하는 이유,@스카이-c3h,미친정책 ㅜ
OcFXKUxiskw,AI디지털교과서로 공부하면 벌어지는 일 / 내년 수업 방식에 미리 대비해야 하는 이유,@고정미-i3b,"선생님들 인권이 떨어진 마당에 오프라인 교육만 추구하는건 잘못된 것 같아요..정서적 눈맞춤이라..요즘 애들요 부모가 소왕자 소공주로 키웁니다.
절대 야단치지 않습니다.
그런 애들이 학교에서 선생님 말씀을 듣고 이해한다?
가정교육이 무너진 판에 공교육만 탓하는 것도 아닌것 같아요..
저는 학생들 가르치는 입장이라서 이렇게 적어 봤어요..ㅎㅎ"
OcFXKUxiskw,AI디지털교과서로 공부하면 벌어지는 일 / 내년 수업 방식에 미리 대비해야 하는 이유,@전혜진-m7b,정말 돈 이상 하게 쓰세요 .. 왜  굳이 원하지도  않는데 왜  시작이 되엇냐 말이죠
ELWA5j0XVco,"[미리보는 오늘] 교육부, 내년 도입 AI디지털교과서 76종 선정 / YTN",@bbday0418,유럽선진국은 학생들 디지털 사용을 제한하는 정책이 나오는데 한국은 거꾸로 가고있네..
ELWA5j0XVco,"[미리보는 오늘] 교육부, 내년 도입 AI디지털교과서 76종 선정 / YTN",@user-the-e8f,문해력 어휘력 어떡하냐?? ㅋㅋㅋㅋㅋ 당장 국어교육 늘리고 한자 필수과목 지정해도 모자랄 판에 ㅋㅋㅋㅋㅋ
ELWA5j0XVco,"[미리보는 오늘] 교육부, 내년 도입 AI디지털교과서 76종 선정 / YTN",@신여식-z2k,조예진 앵커 코디 완전 취향저격이다💙 너무 이쁘고 사랑스럽다❤
ELWA5j0XVco,"[미리보는 오늘] 교육부, 내년 도입 AI디지털교과서 76종 선정 / YTN",@이은혜-e1y,디지털 교과서 반대. 대체 왜이러냐...? 싫다고 건의해도 듣지를 않네
ELWA5j0XVco,"[미리보는 오늘] 교육부, 내년 도입 AI디지털교과서 76종 선정 / YTN",@kwj0759,이제 대한민국 학생들 문해력 박살나겠네
ELWA5j0XVco,"[미리보는 오늘] 교육부, 내년 도입 AI디지털교과서 76종 선정 / YTN",@lukebroman9600,감사합니다 조예진 ❤❤❤
ELWA5j0XVco,"[미리보는 오늘] 교육부, 내년 도입 AI디지털교과서 76종 선정 / YTN",@ricebug0,지정신이냐?
H0wt-yjiay8,베일 벗은 AI 디지털교과서…1대1 맞춤형 학습 가능 [9시 뉴스] / KBS  2024.12.02.,@geospring00,디지털 교과서 구독료 이 돈으로 교사를 증원해 학급 및 교사당 학생수를 줄여라. 교육과정을 개혁해 과목을 줄이고 과목당 수업 시수를 늘려라.
H0wt-yjiay8,베일 벗은 AI 디지털교과서…1대1 맞춤형 학습 가능 [9시 뉴스] / KBS  2024.12.02.,@코코코코그모,KBS역겹네 디지털교과서 장점 보도하라고 하던?
YWw1QP4l3QQ,"새학기 두 달 앞두고 AI교과서 좌초 위기...""재의요구 건의"" / YTN",@hoisoonmoon9793,시작도 안했는데 혼란이  있어야 얼마나 있나...종이로 봐야지
YWw1QP4l3QQ,"새학기 두 달 앞두고 AI교과서 좌초 위기...""재의요구 건의"" / YTN",@applemss6994,교육부 진짜 왜그럽니까? Ai 교과서 반대합니다
YWw1QP4l3QQ,"새학기 두 달 앞두고 AI교과서 좌초 위기...""재의요구 건의"" / YTN",@룰루랄라77-c1e,미국 디지털교과서에서  종이로 바꾼거 모르나ㆍ  디지털쓰면  공부안한다ㆍ
YWw1QP4l3QQ,"새학기 두 달 앞두고 AI교과서 좌초 위기...""재의요구 건의"" / YTN",@jjjwuufjjw,교과서는 솔직히 종이로 해야지. 아니면 애들이 종이책을 볼 일이 얼마나 있겠어. 잘 했네
YWw1QP4l3QQ,"새학기 두 달 앞두고 AI교과서 좌초 위기...""재의요구 건의"" / YTN",@Hannah-by,너무 잘됐네요. 감사합니다. 아이들에게 연필로 쓰는 기회를 박탈하려했던 교육부. 대체 누구를 위한 정책이라고 생각하고 추진을 하나요? 업체들과 가격협상을 위해 교과서로 쓴다고요? 종이보다 훨씬 비싼 것도 이미 알고 있고 아무리 저렴해지더라도 안쓰고 싶다고요!
YWw1QP4l3QQ,"새학기 두 달 앞두고 AI교과서 좌초 위기...""재의요구 건의"" / YTN",@맥스그랜마,AI교과서로 이득을 보는 자 누구인가? 교육마저 거꾸로 가면 안됩니다.
YWw1QP4l3QQ,"새학기 두 달 앞두고 AI교과서 좌초 위기...""재의요구 건의"" / YTN",@땡칠-d9w,"학부모와 쌤들의 의견을
무시한 막가파식 이주호장관님이
책임지세요"
YWw1QP4l3QQ,"새학기 두 달 앞두고 AI교과서 좌초 위기...""재의요구 건의"" / YTN",@rainbowcatohcat,"한 교과 당 11만원 구독료 내야하는 거라던데, 예산은 다 어디서 가져오는 것이며,, 그 구독료는 계속 누구에게 가는거죠?
국민들이 싫다는데 왜 교육부는 준비도 제대로 안된  교과서를 급하게 사용하게 하려는지 명백한 이유를 밝혀야 합니다.
AI교과서 국민들은 싫습니다.!!!!!  학생들이 무슨 실험도구도 아니고 준비도 안된걸 바로 하자고 하는건 납득할 수 없습니다."
YWw1QP4l3QQ,"새학기 두 달 앞두고 AI교과서 좌초 위기...""재의요구 건의"" / YTN",@들꽃송이-w4h,돈 얼마나 쳐먹었냐?
YWw1QP4l3QQ,"새학기 두 달 앞두고 AI교과서 좌초 위기...""재의요구 건의"" / YTN",@大韓共和國-e4m6k,한자교육이나 의무화 시켜라
YWw1QP4l3QQ,"새학기 두 달 앞두고 AI교과서 좌초 위기...""재의요구 건의"" / YTN",@옆동네아재11,김거니가 지분가지고 있냐
YWw1QP4l3QQ,"새학기 두 달 앞두고 AI교과서 좌초 위기...""재의요구 건의"" / YTN",@유갱이-f4i,교육부 쉽게 가르치고 쉽게 돈 벌겠다 이거지?
YWw1QP4l3QQ,"새학기 두 달 앞두고 AI교과서 좌초 위기...""재의요구 건의"" / YTN",@user-vw7pq8um1z,잘했네 민주당 잘했어요
YWw1QP4l3QQ,"새학기 두 달 앞두고 AI교과서 좌초 위기...""재의요구 건의"" / YTN",@bombom5197,"학부모도 교육계도 원치않고
특히 많이 어린 학생 초1부터  저걸 교과서로 급작스럽게 한다는거에 너무반대임.

지능 정서 건강 모든것에 좋지않고 
폰  sns도 다를 나라들은 미성년자 금지한다는  세계시류에도 역행하는  

딱  저거파는 사람 이랑 관계되는 사람만 좋아할제도"
YWw1QP4l3QQ,"새학기 두 달 앞두고 AI교과서 좌초 위기...""재의요구 건의"" / YTN",@totolim2230,AI 교과서 반대!
YWw1QP4l3QQ,"새학기 두 달 앞두고 AI교과서 좌초 위기...""재의요구 건의"" / YTN",@lunaticMaWang,이미 pdf 파일로 하고 있고 학교 도 공부도 패드로 하는대 뉴스는 역시 어르신들 주로 봐서 힘든가 보내😅
YWw1QP4l3QQ,"새학기 두 달 앞두고 AI교과서 좌초 위기...""재의요구 건의"" / YTN",@레비아탄-z7s,굿짐 뒷돈 챙기려고 한거잖아..선진국도 책으로 돌아오구만..
YWw1QP4l3QQ,"새학기 두 달 앞두고 AI교과서 좌초 위기...""재의요구 건의"" / YTN",@peterjeong3220,정부 바뀌면 반드시 샅샅이 조사해야 된다.
k7TbTEBGleQ,베일 벗은 AI 디지털교과서…1대1 맞춤형 학습 가능 / KBS  2024.12.02.,@user-gk1ve1ip6k,"종이교과서 한학기 6000-9000원,
AI교과서 60000-90000원
그 세금은? 효과가 확실하다면 찬성이나 현상태를 본다면 반대. 득보다 실이 많은 정책을 굳이 하는 이유가.."
k7TbTEBGleQ,베일 벗은 AI 디지털교과서…1대1 맞춤형 학습 가능 / KBS  2024.12.02.,@nah-y8p,최악이다
k7TbTEBGleQ,베일 벗은 AI 디지털교과서…1대1 맞춤형 학습 가능 / KBS  2024.12.02.,@뜰밭,이거 외국서 버린정책인데 주워서 쓰네??
k7TbTEBGleQ,베일 벗은 AI 디지털교과서…1대1 맞춤형 학습 가능 / KBS  2024.12.02.,@Hj-x6x,쓸데 없는 짓 그만해라 반대해도 왜 추진되는거야ㅠㅠ
b5M7MpONYbc,‘맞춤형 교육’ AI디지털교과서…우려의 시선도 / KBS  2024.12.20.,@yi7215,학교서 과합니다.
uESOsEQFkVw,"AI 교과서 접속률 5%...""원점 재검토해야""",@daniel-da-y3b,어휴 또 돈낭비
uESOsEQFkVw,"AI 교과서 접속률 5%...""원점 재검토해야""",@borabora9049,"일단 초딩이 로그인을 쉽게 할수 있게 해야죠. 동의 받는데만 한달도 넘게 걸렸습니다. 현장 사전연구 없이 졸속으로 진행되니 사용이 어려워 안쓰고 말지….하죠. 3학년 애들이 영어 알파벳 갓 배웠는데 영어로된 주소쳐서 들어가 자기 영어 아이디에 영어 비번 잘 외워서 칠꺼라고 생각했다니!
 그거 하느라 다른 예산은 다 없애서 하던 사업도 못하고.. 뭐하는건지 모르겠어요."
IIlYHD1G0WI,'AI 디지털교과서' 도입 토론회 열려/ KNN,@dahay0324,몇년 디지털교과서 하다가 누군가의 짬짜미가 다 채워지면 다시 종이로 돌아간다에 한표!!
x2RTSR1YS7w,말이 왜 바뀌세요? #국회 #ai디지털교과서 #교육위,@-qqsmartww4503,어지간들해라.
fFdZcyDnWnM,AI 디지털교과서 추진 방안,@hji2981,08:05 학교에선 A라는 디지털교과서가 선정되었어도 B라는 디지털교과서를 사용하는 것도 가능하다
t_s5gfG3ORw,"""10만 명 여론조사를 못 믿어요?"" AI 디지털교과서 여론조사 못 믿는 장관에게",@Jtvnews2021,구독과 좋아요 JTV뉴스를 응원해주세요 감사합니다
t_s5gfG3ORw,"""10만 명 여론조사를 못 믿어요?"" AI 디지털교과서 여론조사 못 믿는 장관에게",@llillby10,교육부 장관이 웃긴게 세계 최고 수준의.우리나라 교사들을 AIDT보다 못한 수준으로 보고 있다는거 ㅎㅎ 교실의 수업을 니가 몇 번이나 봤다고... 애들이랑 수업 1주일만 해봐라 ㅎㅎ
t_s5gfG3ORw,"""10만 명 여론조사를 못 믿어요?"" AI 디지털교과서 여론조사 못 믿는 장관에게",@범하-u2l,"나도 이거 설문 전화받았었다.
난 이 교육방식 이전에 교육내용부터 바로잡는게 필요하다고 답변했다.
뉴라이트가 편찬한 교과서가 존재하는한 제대로 된 교육이 될 수 있을리가 없다."
t_s5gfG3ORw,"""10만 명 여론조사를 못 믿어요?"" AI 디지털교과서 여론조사 못 믿는 장관에게",@black_violin,관련 업체를 조사해보세요 거기에 답이 있을겁니다 초등 교과서담당자로서 샘플보니 학습보조자료가 딱 마자요 현장에서 보면 초등 어린이들은 교사와 친구들과 직접 소통하며 교육해야함을 절실히 느낍니다 소중한 우리 아이들을 이용해서까지 박박 긁어 해먹을려는거죠
t_s5gfG3ORw,"""10만 명 여론조사를 못 믿어요?"" AI 디지털교과서 여론조사 못 믿는 장관에게",@daeh00n69,이 사람들은 항상 10%의 지지층만 보고 움직이는 분들이에요...
t_s5gfG3ORw,"""10만 명 여론조사를 못 믿어요?"" AI 디지털교과서 여론조사 못 믿는 장관에게",@Anne123-r9i,"초등 학부모입니다. 전자책 도 포함하여 자료병행용으로도 무효화해야합니다.
십년전부터 종이책이 전자책보다 해득면에서 월등히 효과가 있다. 전자책은 해득이 떨어진다고 많은 연구결과가 언론을 통해 보도가 되었습니다. 떨어진 문해력을 더 떨어뜨리기 때문에 ai교과서를 반대합니다"
t_s5gfG3ORw,"""10만 명 여론조사를 못 믿어요?"" AI 디지털교과서 여론조사 못 믿는 장관에게",@Ranyjeonil430,누가 돈먹는지 보면 알지
t_s5gfG3ORw,"""10만 명 여론조사를 못 믿어요?"" AI 디지털교과서 여론조사 못 믿는 장관에게",@이현승-b7e,디지털 교과서 반대합니다.
t_s5gfG3ORw,"""10만 명 여론조사를 못 믿어요?"" AI 디지털교과서 여론조사 못 믿는 장관에게",@래이-e3f,"80% 이상이 찬성한다고?!  진짜 어처구니가 없네. 접해 본 분들도 아직 완성되지 않아서 실효성 없다고 하고 수조를 들일 자료 아니라고 한다. 
설문조사를 아예 믿지 않고 자신이 믿는 결과만 믿네."
t_s5gfG3ORw,"""10만 명 여론조사를 못 믿어요?"" AI 디지털교과서 여론조사 못 믿는 장관에게",@김반찬-s1r,디지털교과서를하자는 의도를 아시는분? 진짜몰라서 울어보는거임
t_s5gfG3ORw,"""10만 명 여론조사를 못 믿어요?"" AI 디지털교과서 여론조사 못 믿는 장관에게",@Anne123-r9i,마이크로 소프트 빌게이츠도 아이들에게 디지털기기를 멀리하게했다.
t_s5gfG3ORw,"""10만 명 여론조사를 못 믿어요?"" AI 디지털교과서 여론조사 못 믿는 장관에게",@2stella_kr,ai교과서랑 혹시라도 뒷거래?
t_s5gfG3ORw,"""10만 명 여론조사를 못 믿어요?"" AI 디지털교과서 여론조사 못 믿는 장관에게",@kanghyejin3436,아니 나는 애들 구몬도 테블릿으로 한다고해서 싫다고 종이로 했는데 뭔 교과서가 AI이야 아이고야…
t_s5gfG3ORw,"""10만 명 여론조사를 못 믿어요?"" AI 디지털교과서 여론조사 못 믿는 장관에게",@달콤콩콩이,디지털교과서 반대합니다!!!
t_s5gfG3ORw,"""10만 명 여론조사를 못 믿어요?"" AI 디지털교과서 여론조사 못 믿는 장관에게",@싹-t2l,"디지털 교과서
결사 반대한다📣📣📣📣📣
다 싫다는데 왜 니가
내자식을 망치려 하냐???
취소해라~~
매우 결사반대📣🤬🤬
굳이 하려는 이유가 뭐냐??
니 자신에게 무슨 
부가 채워지길래 막 나가냐??
전국 학교에 찬, 반 
설문 돌려봐라
직접 투표 다시해서
반대가 많으면 취소 하라📣📣🤬
전 학교에 찬,반 돌려라
국민들이 직접 참여한다📣☹️😤"
t_s5gfG3ORw,"""10만 명 여론조사를 못 믿어요?"" AI 디지털교과서 여론조사 못 믿는 장관에게",@ddddffgkim5493,저도 이 설문했습니다 적극 반대에요
t_s5gfG3ORw,"""10만 명 여론조사를 못 믿어요?"" AI 디지털교과서 여론조사 못 믿는 장관에게",@hjk6956,초등 교육 교재는 기존 교과서로 충분하다 디지털 교과서 절대반대
t_s5gfG3ORw,"""10만 명 여론조사를 못 믿어요?"" AI 디지털교과서 여론조사 못 믿는 장관에게",@우하하-g3p,국힘당을 떠나서 당신들 아이들이면 이거교육시키겠냐? 아니 시범적으로 시행도 안해보고 뭐하는 짓이냐!  절대 강제로 도입할 생각하지마라!
t_s5gfG3ORw,"""10만 명 여론조사를 못 믿어요?"" AI 디지털교과서 여론조사 못 믿는 장관에게",@파란나무-l7v,내란공모자들정신차려라민주당화이팅
t_s5gfG3ORw,"""10만 명 여론조사를 못 믿어요?"" AI 디지털교과서 여론조사 못 믿는 장관에게",@hn5094,내주위 학부모들 선생님들 다들 치를떨면서 반대하더라
t_s5gfG3ORw,"""10만 명 여론조사를 못 믿어요?"" AI 디지털교과서 여론조사 못 믿는 장관에게",@복길맘-b8k,내 주변에 다 반대인데 어디 80프로가 찬성이냐 거짓말쟁이
t_s5gfG3ORw,"""10만 명 여론조사를 못 믿어요?"" AI 디지털교과서 여론조사 못 믿는 장관에게",@myungseonseo3499,여론조사기관말고 국민전자투표 실시
t_s5gfG3ORw,"""10만 명 여론조사를 못 믿어요?"" AI 디지털교과서 여론조사 못 믿는 장관에게",@봄은온다,어버버...  이주호 장관 신뢰성 제로!
t_s5gfG3ORw,"""10만 명 여론조사를 못 믿어요?"" AI 디지털교과서 여론조사 못 믿는 장관에게",@kozmicbicycles4409,어디서 이런 c급만 모은건지
t_s5gfG3ORw,"""10만 명 여론조사를 못 믿어요?"" AI 디지털교과서 여론조사 못 믿는 장관에게",@hahahohok9536,반대합니다!!!!!!
t_s5gfG3ORw,"""10만 명 여론조사를 못 믿어요?"" AI 디지털교과서 여론조사 못 믿는 장관에게",@선한.영향력-f2s,니 돈으로. 하세요.
t_s5gfG3ORw,"""10만 명 여론조사를 못 믿어요?"" AI 디지털교과서 여론조사 못 믿는 장관에게",@김영경-p9i,"의료도이렇게망치고,의대교육도 이리망치고, 전영역에 학생들도 망칠려고하네"
t_s5gfG3ORw,"""10만 명 여론조사를 못 믿어요?"" AI 디지털교과서 여론조사 못 믿는 장관에게",@winter7012,하하하하하하
t_s5gfG3ORw,"""10만 명 여론조사를 못 믿어요?"" AI 디지털교과서 여론조사 못 믿는 장관에게",@ishw7434,돈의 흐름을 보면 범인이 보인다.
t_s5gfG3ORw,"""10만 명 여론조사를 못 믿어요?"" AI 디지털교과서 여론조사 못 믿는 장관에게",@왜나만갖구구래,얼마나 해처먹을려고 저러지?
t_s5gfG3ORw,"""10만 명 여론조사를 못 믿어요?"" AI 디지털교과서 여론조사 못 믿는 장관에게",@내맘이다-d9j,"수능부터 해서 시험도 검색해가면서 치게해라..
수업은 대지털인데 시험은 종이로 하노"
t_s5gfG3ORw,"""10만 명 여론조사를 못 믿어요?"" AI 디지털교과서 여론조사 못 믿는 장관에게",@대찬-s3c,반드시 막아주세요 ㅠㅠ
t_s5gfG3ORw,"""10만 명 여론조사를 못 믿어요?"" AI 디지털교과서 여론조사 못 믿는 장관에게",@황뽁뽁,다 삭감시켜라ㅡㅡ 물건 살사람없다는데 만들겠다는 무슨경우냐ㅡㅡ
NJagO8h0OFU,2025년부터 AI 디지털교과서 도입!📚｜AI 교과서 76종 검정 완료｜정책 속으로🔎,@옥련-n6w,좋아요.. 좋아요..😂😂
NJagO8h0OFU,2025년부터 AI 디지털교과서 도입!📚｜AI 교과서 76종 검정 완료｜정책 속으로🔎,@kingdomnetworker.official,별로인 거 같아요. 좀더 신중하게 검토하고 시작하면 좋겠습니다.
NJagO8h0OFU,2025년부터 AI 디지털교과서 도입!📚｜AI 교과서 76종 검정 완료｜정책 속으로🔎,@glory_jane,디지털교과서 반대합니다 애들에게 디지털로 가르치는건 도움이 안된다고요... 다른나라들은 수업만은 아날로그로 돌아가는데 이게 뭔..  역행입니까
NJagO8h0OFU,2025년부터 AI 디지털교과서 도입!📚｜AI 교과서 76종 검정 완료｜정책 속으로🔎,@철수2-w4j,맞춤형에 대한 이야기만 하네요. 아이들이 집에서 하는 테블릿 공부와 차이가 뭔가요? 손으로 만지고 조립해보는 아날로그가 두뇌를 자극하고 창의력을 높입니다.
NJagO8h0OFU,2025년부터 AI 디지털교과서 도입!📚｜AI 교과서 76종 검정 완료｜정책 속으로🔎,@은수저생활,킹윤 외교의왕 뚝심의왕 ❤❤❤
NJagO8h0OFU,2025년부터 AI 디지털교과서 도입!📚｜AI 교과서 76종 검정 완료｜정책 속으로🔎,@아세찾기,윤석열 대통령님 감사합니다 응원합니다 ❤❤❤❤❤
NJagO8h0OFU,2025년부터 AI 디지털교과서 도입!📚｜AI 교과서 76종 검정 완료｜정책 속으로🔎,@천장-v5s,윤석열 대통령님 감사합니다 최곱니다 ❤❤❤❤❤❤❤❤
kMRBxDBbUas,"AI디지털교과서 논란, 핵심이 무엇인지 딱 알려드립니다!(교육대기자)[이슈따라잡기]",@daegizatv,"새학기를 한달여 남겨둔 지금도 AI디지털교과서 논란은 진행중입니다. 오랜기간 논란을 지켜보면서 아쉬운 점과, 이제라도 생각해야 할 점을 담아봤습니다!!
📌AI교육플랫폼을 만든 살만칸의 이야기 '나는 AI와 공부한다' 
✔교보 : https://bit.ly/40rtQmG
✔예스 : https://bit.ly/4h5qXxd
✔알라딘 : https://bit.ly/4h86Z4Z"
kMRBxDBbUas,"AI디지털교과서 논란, 핵심이 무엇인지 딱 알려드립니다!(교육대기자)[이슈따라잡기]",@JeeEunLee-v2g,국민청원올려 반대해야됨
kMRBxDBbUas,"AI디지털교과서 논란, 핵심이 무엇인지 딱 알려드립니다!(교육대기자)[이슈따라잡기]",@수키05,아이들에대한 걱정과 고민은 찾아보지 못한채 무슨 실적달성을 위해 이용하는것만 같아 더 화가 나네요. 기자님 말씀대로 정말 깊은 고민과 협의를 통해 이루어져야 할것 입니다.
kMRBxDBbUas,"AI디지털교과서 논란, 핵심이 무엇인지 딱 알려드립니다!(교육대기자)[이슈따라잡기]",@noname-gm3hh,"ai 자체가 문제가 아니라, 제대로 할줄이나 아냐는게 문젭니다. ai 가 무슨 청소기 로보트 이런데도 막 갖다붙이는데 우리나라 아직 생성형 인공지능 구현도 제대로 못해서 한참 밀려나고 있는 시점인데, 혹시 초기버전 들고와서 말랑말랑한 우리 애들 대상으로 실험하면서 보완해나가는거 아닌가요?"
kMRBxDBbUas,"AI디지털교과서 논란, 핵심이 무엇인지 딱 알려드립니다!(교육대기자)[이슈따라잡기]",@yoonjeong-k1v,"막대한 예산 퍼붓고 안그래도 문해력 걱정되는 요즘 아이들에게 비체계적인 스마트교육을 왜 밀어붙이는지 모르겠어요.. 현직 교사들과 학부모도
반대하며 외국 사례에서도 실패한 이정책을 AI기업들의 배만 불려주는 불편한 이현실이 개탄스럽습니다ㅜ"
kMRBxDBbUas,"AI디지털교과서 논란, 핵심이 무엇인지 딱 알려드립니다!(교육대기자)[이슈따라잡기]",@jongminlee7700,교육자료로 되는줄 알았는데요. 교육청마다 생각이 다른줄은 몰랐네요. 하ㅠㅠ..
kMRBxDBbUas,"AI디지털교과서 논란, 핵심이 무엇인지 딱 알려드립니다!(교육대기자)[이슈따라잡기]",@베짱이-k6c,이토록 교육부장관만 원하는 정책이 있었나요?? 왜 사용해야하는 모든이가 반대하는 정책을 시행해야하는지 이해가 안되어요😢
kMRBxDBbUas,"AI디지털교과서 논란, 핵심이 무엇인지 딱 알려드립니다!(교육대기자)[이슈따라잡기]",@김용-h1w,"애들이 무슨 테스터기도 아니고 다들 반대하는걸 왜 자꾸 미는건지 과연 애들 교육을 위한건가 싶네요 본인애들은 외국 교육받게하면서 한국애들이 봉인가 이 돈으로
고교 무상교육이나 유지하길"
kMRBxDBbUas,"AI디지털교과서 논란, 핵심이 무엇인지 딱 알려드립니다!(교육대기자)[이슈따라잡기]",@llllllll-h3o,고등학교 입학 때 까지라도 학생들 스마트폰 보유하지 못하게 법으로 만들어라 스마트폰 부작용 너무 크다. 특히 중독된 아이들 너무 많다. 엄마 아빠도 못알아볼 정도로 중독문제 심각하다.
kMRBxDBbUas,"AI디지털교과서 논란, 핵심이 무엇인지 딱 알려드립니다!(교육대기자)[이슈따라잡기]",@40여자이야기,AI디지털교과서가 아직도 결론이 안났다는게;;ㅠㅠ속상하고 화나네요
kMRBxDBbUas,"AI디지털교과서 논란, 핵심이 무엇인지 딱 알려드립니다!(교육대기자)[이슈따라잡기]",@MrDalzze,"교육에 전자식이 개입하는거는 옳지 않다고 보는 입장인데
과연 교육효과가??? 책보다 낫다고??
책으로 안하는 걸 ai로 바꾸면 잘하겠냐고
의미없음 
벌써 과제들을 ai로 해결하는 걸 보면 싹수가 보이는데"
kMRBxDBbUas,"AI디지털교과서 논란, 핵심이 무엇인지 딱 알려드립니다!(교육대기자)[이슈따라잡기]",@이민정-w2y1o,"서울교육청에서 중학생대상으로 나눠주는 디벗으로도 정말 아이와 많이 싸우고 교육감 욕을 엄청 했는데
교육부장관의 ai디지털교과서라니...
싫다고 정말 싫다고요.
모든 부모가 싫다잖아요.
절대반대입니다."
kMRBxDBbUas,"AI디지털교과서 논란, 핵심이 무엇인지 딱 알려드립니다!(교육대기자)[이슈따라잡기]",@siyoungyang4850,"AI교과서 디지털 성급하게 도입하는 교육부와 정부의 정책에 결사반대합니다. 교육부장관과 자신의 딸이 AI디지털교과서 찬성에 관련된 논문을 써서 그런지 이렇게 반대하는데도 도입하려는것보면 그 저의가 의심스럽고 몹시 화가 나네요. 
이렇게 중요한 일을 꼼꼼한 설계과 대책없이, 대기자님이 말씀하신 숙의를 거치치 않고 도입하는 것은 결사반대입니다."
kMRBxDBbUas,"AI디지털교과서 논란, 핵심이 무엇인지 딱 알려드립니다!(교육대기자)[이슈따라잡기]",@뚜뚜-q6h,교사와 학부모가 한목소리로 ai교과서를 반대하는데 대체 정부는 왜 급하게 밀어붙일까요?아이들만 불쌍하네요 누굴 위한 정책인가요
kMRBxDBbUas,"AI디지털교과서 논란, 핵심이 무엇인지 딱 알려드립니다!(교육대기자)[이슈따라잡기]",@노지영-c1g,교육주체인 교사와 학부모가 반대하는 정책을 기업을 위해 강행하는 이유가 무엇인가요? 우리 아이들은 실험쥐가 아닙니다. 우리 아이들이 불안세대갸 되는데 교육이 앞장서면 될까요?  디지털 시대에 우리아이들울 위해 학교에서 어떤 교육을 해야할지 정말 깊은 고민과 정책이 필요한 중요한 시기에 졸속으로 ai교과서 도입이라니요! 교과서에 매달 구독료를 내야한다는 사실은 다들 알고 계신가요?
kMRBxDBbUas,"AI디지털교과서 논란, 핵심이 무엇인지 딱 알려드립니다!(교육대기자)[이슈따라잡기]",@unamsang-uq4zu,눈 나빠지는건 한순간 ㅠㅜ.
kMRBxDBbUas,"AI디지털교과서 논란, 핵심이 무엇인지 딱 알려드립니다!(교육대기자)[이슈따라잡기]",@양양-1,"AI교과서 반대합니다.
제발 좀 바른 정책을 좀 하세요 
학부모님 의견은 수렴하지 않나요?"
kMRBxDBbUas,"AI디지털교과서 논란, 핵심이 무엇인지 딱 알려드립니다!(교육대기자)[이슈따라잡기]",@angelasim4937,"AI교과서로 어떻게 교육격차를 해소시킵니까? 실질적으로 사용하는 교사와 학생, 학부모 모두 반대하는데도 추진하는 이유가 무엇입니까!!"
kMRBxDBbUas,"AI디지털교과서 논란, 핵심이 무엇인지 딱 알려드립니다!(교육대기자)[이슈따라잡기]",@greenlove1124,디지털교과서 반대합니다. 교육대기자 좀 더 힘내주세요!
kMRBxDBbUas,"AI디지털교과서 논란, 핵심이 무엇인지 딱 알려드립니다!(교육대기자)[이슈따라잡기]",@sep8468,대체 얼마를 받아서 이리 밀어붙이는지ㅜㅜ 아이들 생각은 안하는지...
kMRBxDBbUas,"AI디지털교과서 논란, 핵심이 무엇인지 딱 알려드립니다!(교육대기자)[이슈따라잡기]",@yy-2027,이건 그냥 현시점에선 애들에 대한 생각은  하나도 없는 어른들의 이권사업일 뿐입니다..
kMRBxDBbUas,"AI디지털교과서 논란, 핵심이 무엇인지 딱 알려드립니다!(교육대기자)[이슈따라잡기]",@전사민-d5k,교육에. 정치의 논리가. 그리고 경제논리가 스며들어 교육 기반을 흔들고 있습니다. 교육 주체는 학생과 교사입니다. 업체와 정부관리가 아닙니다.
kMRBxDBbUas,"AI디지털교과서 논란, 핵심이 무엇인지 딱 알려드립니다!(교육대기자)[이슈따라잡기]",@eunheekim1854,"참내..... 정치적 이슈ㅠㅠㅠㅠ
희생량은 오롯이 다음세대!!!
국민을 우민화 시키려는구나!!!
생각없이 시키는데로...인간양성계획???!!!
좀더 시간을두고 ai교과서 검토 후 추후에 도입해야한다.
애들 불쌍해서 어쩌나......ㅠㅠ"
kMRBxDBbUas,"AI디지털교과서 논란, 핵심이 무엇인지 딱 알려드립니다!(교육대기자)[이슈따라잡기]",@paperkidsa,AI를 연구 의료 산업 같은 분야에 써야지..초등 교육에 AI라니 세금을 소프트웨어 회사와 패드제조회사에 주려고 난리네요. 노벨 물리학상 노벨 화학상을 AI 개발자들이 받았다고 들었는데 우리나라는 초등교과서에 AI를 사용한다니.. 수준이 너무 낮아요. 덧셈 곱셈 체점하는데 쓰지말고 박사들 연구를 도와줄수 있는곳에 AI를 사용하길 바랍니다.
kMRBxDBbUas,"AI디지털교과서 논란, 핵심이 무엇인지 딱 알려드립니다!(교육대기자)[이슈따라잡기]",@민규급똥,그래서 강요하지 말고 교육자료로 하라고 ㅡㅡ;;
kMRBxDBbUas,"AI디지털교과서 논란, 핵심이 무엇인지 딱 알려드립니다!(교육대기자)[이슈따라잡기]",@사랑둥이힘내라,책 사볼게요^^의견 감사합니다
kMRBxDBbUas,"AI디지털교과서 논란, 핵심이 무엇인지 딱 알려드립니다!(교육대기자)[이슈따라잡기]",@amy5087,무늬만 그럴듯한 정책
kMRBxDBbUas,"AI디지털교과서 논란, 핵심이 무엇인지 딱 알려드립니다!(교육대기자)[이슈따라잡기]",@pine_orange1493,"코앞에 닥친 교육이슈라, 더는 미룰수 없어 추천도서 구매했습니다~ 잘 읽고 인사이트 얻어볼게요! 8살 아이 교육에 대한 막막한 마음에 이 책이 도움이 되어주길 바래봅니다"
kMRBxDBbUas,"AI디지털교과서 논란, 핵심이 무엇인지 딱 알려드립니다!(교육대기자)[이슈따라잡기]",@와신상담-m4b,본인 재임기간에 실행해보고자하는 욕심으로 합의없이 서두른 것. 의대증원도 마찬가지. 이공계입시도 같이 망쳐버린 좋아 빠르게 가 의 비극. 망친자 따로 피해보고 수습하고 자 따로.
kMRBxDBbUas,"AI디지털교과서 논란, 핵심이 무엇인지 딱 알려드립니다!(교육대기자)[이슈따라잡기]",@정그냥-r5r,기업 배만 불리는 정책입니다
kMRBxDBbUas,"AI디지털교과서 논란, 핵심이 무엇인지 딱 알려드립니다!(교육대기자)[이슈따라잡기]",@jungjakang3852,"그들의 이권이 밑바탕이 깔려있겠죠^^

고교 무상교육이나 계속 유지하시기 바랍니다"
kMRBxDBbUas,"AI디지털교과서 논란, 핵심이 무엇인지 딱 알려드립니다!(교육대기자)[이슈따라잡기]",@goqkfkrl-f6c,"현 교육에서 필요한 건 AI디지털 교과서가 아니라 AI를 다루는 교육이 필요하다고 생각해요.
초등 고학년부터 AI교육을  적용해  빠르게 변화하는  시대에 뒤지지않도록 하는 교육이 필요하다고 봐요."
kMRBxDBbUas,"AI디지털교과서 논란, 핵심이 무엇인지 딱 알려드립니다!(교육대기자)[이슈따라잡기]",@수키05,정부에 너무 화가납니다!!
kMRBxDBbUas,"AI디지털교과서 논란, 핵심이 무엇인지 딱 알려드립니다!(교육대기자)[이슈따라잡기]",@전유선-o9l,누구를 위해 진행하는 ai교과서 도입인지.학부모.정작 학생들에게 그 어떤 의견도 듣지 않고 반영없이 추진하는건 돈 버리는 꼴 ㅡ현 교육에 맞춰지지 않는 ....
kMRBxDBbUas,"AI디지털교과서 논란, 핵심이 무엇인지 딱 알려드립니다!(교육대기자)[이슈따라잡기]",@임경민-h5p,"부모들 들고 일어나야됩니다
아이들 바보만드는겁니다"
kMRBxDBbUas,"AI디지털교과서 논란, 핵심이 무엇인지 딱 알려드립니다!(교육대기자)[이슈따라잡기]",@hisat30,교육자료로는 활용할수있다고하지만 교과서는 절대 안된다고 생각합니다. 아이들에게 사고할 시간을 주세요. 사교육에도 패드수업은 많구요. 개개인이 선택할수 있는데 왜 굳이 교육부에서 이런 교육과정을 시행하려하는건가요! 제발 중단해주세요.
kMRBxDBbUas,"AI디지털교과서 논란, 핵심이 무엇인지 딱 알려드립니다!(교육대기자)[이슈따라잡기]",@twincolorful,이런 현상이야말로 지방자치제의 핵심이죠 각 지방에 맞는 맞춤형 행정 ㅎㅎㅎ
kMRBxDBbUas,"AI디지털교과서 논란, 핵심이 무엇인지 딱 알려드립니다!(교육대기자)[이슈따라잡기]",@Ylva2000,반대합니다! 아이 망칠 위험이 너무 큽니다!
kMRBxDBbUas,"AI디지털교과서 논란, 핵심이 무엇인지 딱 알려드립니다!(교육대기자)[이슈따라잡기]",@꿀나무-koo,대구교육청 아이들을 인질로 이용하고 막대한 이익은 나눠먹는 어른들이 있다는게 기가막힐 노릇이죠.
kMRBxDBbUas,"AI디지털교과서 논란, 핵심이 무엇인지 딱 알려드립니다!(교육대기자)[이슈따라잡기]",@haneulsom,"평소 영상만 열심히 보고 있던 시청자입니다. 이 부분에 목소리를 내주셔서 너무 감사합니다. 최근에 칸아카데미를 알게 되었는데 덕분에 책도 구입했습니다. 모든 새로운 방안에는 시행착오가 있겠지만, 교육만큼은 숙의하고 또 숙의한 끝에 가장 시행착오를 겪으면 안되는 부분이라고 생각해요. 저도 교육학을 공부했던 적이 있었지만, 이번 제도에 대해선 평소에 공교육을 무시하고 비난하는 사람들에게 뭐라고 변명도 할 수 없는 부분이었습니다. 그게 너무 씁쓸합니다. 최초-라는 수식어에 얽매이지 말고 훗날, 가장 성공적인-이란 수식어를 달 수 있는 교육정책이 되도록, 좀 더 신중하게 다뤘으면 좋겠네요 ㅜㅜ"
kMRBxDBbUas,"AI디지털교과서 논란, 핵심이 무엇인지 딱 알려드립니다!(교육대기자)[이슈따라잡기]",@크림아이스-s9m,내아이는 초4가 되는데 정말 그교과서 쓰면 다 망한다.
kMRBxDBbUas,"AI디지털교과서 논란, 핵심이 무엇인지 딱 알려드립니다!(교육대기자)[이슈따라잡기]",@bokhai-lee,선택에  영역 아닙니다  ~   지금껏   강제로  주입식  우린 정답을 강요 ~  실제론 답이 아님  ~   테슬라 처럼  실패에서  원인을 도출  빠른 피트백을 얻어  성과를 얻어 가야  ~   어짜피  AI 는  전문가 가 없음   평등함 ~ 인류 모두가 처음이다
kMRBxDBbUas,"AI디지털교과서 논란, 핵심이 무엇인지 딱 알려드립니다!(교육대기자)[이슈따라잡기]",@minn.0y,"안녕하세요. AI 디지털 교과서 도입 찬성을 주제로 설득문 쓰기를 수행으로 잡은 고1학생입니다. 내용 생성 전 사람들의 실재 의견을 듣고자 댓글을 씁니다. 댓글을 실펴보니 대부분 반대하는 분위기 인 것 같지만, 전 학생들을 상대로 설득해야 하기 때문에 찬성으로 의견을 정했습니다😢 혹시 Ai 디지털 교과서 도입에 관련해 찬성 입장을 가지신 분들은 없으신가요? 반대든 찬성이든 여러분의 의견이 듣고 싶습니다. 학부모, 교사, 학생 또는 다른 분들이 어떻게 생각하고 그 근거가 무엇인지 알려주시면 감사하겠습니다.

한가지 궁금한 게 더 있는데요. 이 채널은 논설문이나 설득뭉을 쓸 때 근거로 적합할까요? 신뢰가 될 수도 있지만ㅠㅠ 수시로 가야해서 중요해서 물어봅니다..!"
kMRBxDBbUas,"AI디지털교과서 논란, 핵심이 무엇인지 딱 알려드립니다!(교육대기자)[이슈따라잡기]",@yunsikkim9582,"경기도 교육청 하이러닝에 쏟아부은 세금 좀 조사해주길 바랍니다
하이러닝과 선도학교
하이러닝과 개발업체
교육청 하이러닝 담당부서 업무
등등 자세히 뒤져보면 😂"
kMRBxDBbUas,"AI디지털교과서 논란, 핵심이 무엇인지 딱 알려드립니다!(교육대기자)[이슈따라잡기]",@나는나-x9z,"AI교과서는 안됩니다
학부모라면 반대이유를 알겁니다
대부분선생님도 반대입니다

제발 애들 교육은 신중에 신중을 기해야 합니다"
kMRBxDBbUas,"AI디지털교과서 논란, 핵심이 무엇인지 딱 알려드립니다!(교육대기자)[이슈따라잡기]",@자기주도학습-k9q,코로나때  크나큰 부작용이 있었는데 또다시  전두엽 성장발달에 치명적인 이번 정책을 특히나 학생 학부모 교사가 모두 반대하는데 강력 추진하는건 대통령실 쪽에서  추진하는 사업 아닐까하는 의구심이 듭니다. 해외자금 은닉 및 새로운 사업으로 이득을 계획하고 있었다는 추측이 드네요.
kMRBxDBbUas,"AI디지털교과서 논란, 핵심이 무엇인지 딱 알려드립니다!(교육대기자)[이슈따라잡기]",@웃기네까닭,"이주호 너혼자 해.
멀미나서 못한다.
사람 잡을려고 환장한다"
kMRBxDBbUas,"AI디지털교과서 논란, 핵심이 무엇인지 딱 알려드립니다!(교육대기자)[이슈따라잡기]",@Qbcnjh,해먹을 결심
kMRBxDBbUas,"AI디지털교과서 논란, 핵심이 무엇인지 딱 알려드립니다!(교육대기자)[이슈따라잡기]",@bokhai-lee,"이제는 학습하는 방법도 바뀌고 있습니다 (NotebookLM, 마인드맵 기능)https://youtu.be/DR_3RK99Xyc?si=6faCn9cadwcwKtx7

그때 그때  모르는것  질문만 할수 있는 것만으로도  AI    그 가치는 차고 넘친다  ~  난 고등학교 까지  교실은  악몽이엿다 ~  남자들에게   군대 잡혀 가는거 학교 잡혀 가는 꿈  악몽이다 ~  강남 이미 선행학습  등교해서 책상에 업드려  자는 교실이 현실 아닌가 ~"
kMRBxDBbUas,"AI디지털교과서 논란, 핵심이 무엇인지 딱 알려드립니다!(교육대기자)[이슈따라잡기]",@HayleyKim-jp8qo,AI 교과서가 어떤 것인지 소개도 안해주고 그냥 검증이루어지지 않았으니 나쁘다고만 ㅎ 이번 컨텐츠는 주장만 있고 근거는 제대로 없네요 실망스럽습니다
kMRBxDBbUas,"AI디지털교과서 논란, 핵심이 무엇인지 딱 알려드립니다!(교육대기자)[이슈따라잡기]",@justicedoctor86,"도대체 정부 누굴 믿고 수십억 수백억씩 투자했다는거지? 처음엔 수십억 수백억씯 투자했다더니 이제는 2조 투자 했다고 말이 나오네 ㅋㅋㅋㅋㅋ 
교육부 내에 누구랑 약속하고 저 짓한거면 혈세농단 배임 사건 될 소지는 알고 떠드는건지
학부모 교사 다수 반대여론 다 무시하고 날치기 하듯 추진해놓고 이제와서 소송한단다… 교육부 누구한테 검정 채택 약속 받았는지 얼마 투자해서 손실 얼마인지 딱 정확히 계산해서 그 사람 상대로 소송 걸면 되겠네요. 그리고 그렇게 자신있는 컨텐츠면 왜 교과서 필수 지정 고집하는지 모르겠음, 서비스가 좋으면 사교육 공교육 안가리고 유료라도 팔립니다. 그게 자본주의 기본이죠. 정부에 도대체 누굴 믿었는지 모르겠는데 그거 믿고 수백억 수천억 투자했다고 수조원대 예산 내달라는건 거의 대놓고 해쳐먹겠단 소리나 다름없어보이는데
반대 여론에도 무릎쓰고 졸속추진하고 뭐 압박이라도 한 듯 90%이상 채택해서 써본 대구 학교들 설문 만족도 처참할 정도로 낮게 나왔다던데 반성이 먼저 아님? 
돌아가는 꼴 보니 막판까지 직원들, 기레기들 데리고 시위하고 AI 교과서 폐지 반대 기사 쓰느라 정신없던데 떼 쓴다고 천문학적인 국민혈세 수조원이 왜 매년 낭비되어야 하는지부터 설명 좀
(종이값드는 종이 교과서 1년 예산 추정 9000억대, 한번 만들어놓고 업데이트만 하면 되는 무형의 디지털 교과서 예산 5~10조 조단위 예상)"
kMRBxDBbUas,"AI디지털교과서 논란, 핵심이 무엇인지 딱 알려드립니다!(교육대기자)[이슈따라잡기]",@빛날BitNal,"안녕하세요, 하루 8시간씩 주 6일 
교재의 98%를 태블릿으로 공부하는 전업 전문직시험 수험생입니다

현재 종이없이 공부한지 1년이 넘었는데요 
다른건 다 좋은데 눈이 너무 시려요 죽을만큼,,, 블루라이트때문인거같아요, 블루라이트안경을 구매한뒤로 많이 좋아졌습니다만,,,
아이들이 이 고통을 이겨낼수있을지, 자라나는 시기에 시력에는 문제없을지 걱정되네요"
kMRBxDBbUas,"AI디지털교과서 논란, 핵심이 무엇인지 딱 알려드립니다!(교육대기자)[이슈따라잡기]",@선미김-h3b,미국한테 안 쫄팔리냐. 성심당 가서 빵이나 먹어.
kMRBxDBbUas,"AI디지털교과서 논란, 핵심이 무엇인지 딱 알려드립니다!(교육대기자)[이슈따라잡기]",@오예스-e5h,디지털기기 보급할 때는 왜 가만히 있었을까요? 왜 AI교과서를 교육자료로 쓰게 할까요? 대통령과 교육부장관이 바뀐 것 뿐인데요. 그 때는 자기들이 계속 할 줄 알고 시작했던 거였을까요? 디지털교과서와 AI교과서는 다른데 어떻게 이걸 비교하는지 전제가 다릅니다...
kMRBxDBbUas,"AI디지털교과서 논란, 핵심이 무엇인지 딱 알려드립니다!(교육대기자)[이슈따라잡기]",@jacktwomc3305,"Ai 교과서..일부는 동의 합니다만, 높은 확율로 책 장사만 배불릴 수 있습니다. 2021년에 정부는 실제 Ai민간과 파트너 연구를 안하고, 대학같은 준연구기관에 헛돈을 사용 했고, 나온 결과는 형편없는 자원 낭비 결과를 만들었죠.(누굴위한돈섰나?)
준연구기관은 어중간한 결과 조합일 뿐이며, 
{{작동 가능한 완성도 시스템은 전문 사업체에서 }}나온다는것."
kMRBxDBbUas,"AI디지털교과서 논란, 핵심이 무엇인지 딱 알려드립니다!(교육대기자)[이슈따라잡기]",@goqkfkrl-f6c,"10년 가량 AI디지털 교과서를  적극 도입한 필란드의 예를 참고한다면 절대로 AI디지털교과서를 도입해서는 안된다고 봐요.
A I 디지털 교과서를 사용한 학생들이 집중력과 학력 저하현상이 많이 나타나는 부작용이 있어서 다시 책으로 돌아갔다고 해요.
유럽의 선진국에서  학생들에게 가능한 휴대폰이나 디지털기기 사용을  금지하거나 줄이는 이유를 고려할 가치가 있다고 생각해요."
kMRBxDBbUas,"AI디지털교과서 논란, 핵심이 무엇인지 딱 알려드립니다!(교육대기자)[이슈따라잡기]",@감사와찬양1004,"기자님의 아이가 아직 어려서 잘 모르시는거 같은데요. 요즘 중고등 학생들은 이미 GPT에 익숙하고 이를 활용해서 과제를하고 교과서와 각종 문제집과 참고서를 파일로 만들어서  태블릿에 가지고 다녀요. 오히려 초등 영재원 아이들은 이미 벌써 AI 활용을 배워왔구요. 아니 초등아이들 조차 학습지를 태블릿으로 하고 AI오답을 한지가 10년이 지났지요. 갑작스러운게 아닙니다. 양질의 컨텐츠를 교육부가 소외계층까지 공정하게 제공해주겠다는데도, 가지가지 이유를 들어 정책에 반대하는 사럼들보면, 오히려 본인들은 자녀교육에 교육적 인프라를 구축한 교사, 사교육자들 또는 그 주변인 이더군요. 디지털교과서 확인해본 학부모 입장에서 오히려, 반대하는 그들의 저의가 의심스러웠어요. 본인 자녀만 좋은 자료를 주려고 했는데, 교육부가 공개해서 주는게 싫은건가??? 그런생각도 들었습니다."
kMRBxDBbUas,"AI디지털교과서 논란, 핵심이 무엇인지 딱 알려드립니다!(교육대기자)[이슈따라잡기]",@오예스-e5h,디지털교과서가 왜 중독이 된다는 거죠?  ㅜ.ㅜ 학습이 중독이 되면 좋죠^^ 답을 찾아주는게 아니라 답을 분석하는 것도 AI에요 제발 혹시 박람회라도 가보셨나요?
kMRBxDBbUas,"AI디지털교과서 논란, 핵심이 무엇인지 딱 알려드립니다!(교육대기자)[이슈따라잡기]",@dhk8752,개별 수준별학습은 ai말고는 답이 없고 선생들의 수준미달과 의지부족 문제를 보완하기 위해서는 ai밖에 답이 없음. 철밥통 교사 한명이 20명을 무슨수로 개별지도가 가능할 까?
kMRBxDBbUas,"AI디지털교과서 논란, 핵심이 무엇인지 딱 알려드립니다!(교육대기자)[이슈따라잡기]",@garri-sarang,사실 문통때부터 시작되었던 사업을 정권 바뀌었다고 이렇게 결사반대하는게 맞나싶다! 일단 시작이라도 해보고 보완할 것 보완하면서 나가면 안되는걸까?!
kMRBxDBbUas,"AI디지털교과서 논란, 핵심이 무엇인지 딱 알려드립니다!(교육대기자)[이슈따라잡기]",@HTHT2045,진보구나.칸 만난지도 14년이 됐구나
kMRBxDBbUas,"AI디지털교과서 논란, 핵심이 무엇인지 딱 알려드립니다!(교육대기자)[이슈따라잡기]",@크림아이스-s9m,실리콘밸리의 아주 좋은 초교가 망한거 모르냐?
kMRBxDBbUas,"AI디지털교과서 논란, 핵심이 무엇인지 딱 알려드립니다!(교육대기자)[이슈따라잡기]",@yoeguyoon3506,돈 처먹고 모른다 하는거지 ㅋㅋㅋ 돈 처먹은거 조사좀 해라
nlCMI3Lne88,"[이백규 인터뷰] AI 디지털 교과서, 공정한 대입 부른다...윤석열 표 교육개혁은?ㅣ 이주호 교육부 총리",@avocadoslice,"이백규 평소엔 젊잖은 척 하나봐요. 사석에서 마주한 적 있습니다. 눈 하나 깜빡 안하면서 거짓말 하고 남한테 뒤집어 씌우며 갑질하는거 보고 이런 사람이 언론인이고 한 회사의 사장이라는게 통탄스럽고 소름돋더군요. 미치고 팔짝 뛰게 억울해서 잠도 못자고 저 사람 얼굴 생각만 나면 얼굴에 열꽃피고 퇴사까지 할 것 같습니다. 이후 보니, 전형적인 강약약강 이더군요. 사회생활 오래 하며 무수히 많은 사람을 겪었는데 저런 인간은 처음이어서 평생 기억에 남을 것 같습니다. 어디에든 기록을 하고 글을 쓰려했는데 도저히 참을 수가 없네요."
nlCMI3Lne88,"[이백규 인터뷰] AI 디지털 교과서, 공정한 대입 부른다...윤석열 표 교육개혁은?ㅣ 이주호 교육부 총리",@tedchoi8488,"AI교과서 말은 참 좋은데
그럴바에 그냥 학원 보내지"
nlCMI3Lne88,"[이백규 인터뷰] AI 디지털 교과서, 공정한 대입 부른다...윤석열 표 교육개혁은?ㅣ 이주호 교육부 총리",@ck6554,"디지털AI 시대, 신세계네요."
nlCMI3Lne88,"[이백규 인터뷰] AI 디지털 교과서, 공정한 대입 부른다...윤석열 표 교육개혁은?ㅣ 이주호 교육부 총리",@MIYABIsholl,"틀니들은 왤캐 사이버를좋아함?
X나 지들이 뭔가 선도하고있다는 느낌받나?"
nlCMI3Lne88,"[이백규 인터뷰] AI 디지털 교과서, 공정한 대입 부른다...윤석열 표 교육개혁은?ㅣ 이주호 교육부 총리",@우리고양이귀여웡,이백규 저 사람 부끄러운줄 모르는 사람이더군요 본인이 하는 말에 대해서 뭔가 모순이 있다고 분명 알고 있는 상태에서 ㅋ 자기가 가지고 있는 무언가가 대단하다고 생각하며 갑질 + 가스라이팅 요즘 시대에 그런거 씨알도 안먹혀요 나락 가는거 한순간이고 계속 그렇게 해보세요  고집 아집 부리면서 자기말이 맞다는듯이 행동하는거 참 웃기지도 않는다
IsSq98Ekjos,"[자막] 박은정 “윤석열표 교육, 또 실패”…AI 디지털교과서 전면 비판",@d3n-l4x,"모니터만 보면서  공부하는 것과 공책에다 써가면서 공부하는 것는 질적으로 틀리다, 그리고 역사교육을 더 강화해야 한다, 불법 종교단체에 관여한 학생들이 있는지 전수조사해야 한다,"
IsSq98Ekjos,"[자막] 박은정 “윤석열표 교육, 또 실패”…AI 디지털교과서 전면 비판",@k김진구,소리가 완전 1:03 비호감
IsSq98Ekjos,"[자막] 박은정 “윤석열표 교육, 또 실패”…AI 디지털교과서 전면 비판",@user-qs7zl6sq7t,"현직 수험생인데 고교학점제나 때려쳐라 진짜 제발 30등하면 6~7등급이 맞냐. 10등안에서 4등급 다 결정나고. 고교학점제는 상대평가가 아니라 절대평가로 됐어야 한다. 5등급제 한다고 하지만 효과가 있겠음? 1등급 아니면 대학 못가고 심지어 자소서, 논술 부활하고 사교육 해소는 개뿔 오히려 더 확장됨."
IsSq98Ekjos,"[자막] 박은정 “윤석열표 교육, 또 실패”…AI 디지털교과서 전면 비판",@내맘이다-d9j,이것도 세금 해 쳐먹을려고 그랬겠지..굥거니 ㄴ 3년동안에 일어난일에 세금삥땅 대입 해보면 답 나옴...
IsSq98Ekjos,"[자막] 박은정 “윤석열표 교육, 또 실패”…AI 디지털교과서 전면 비판",@uuu-hv8xp,"이주호 교육부장관이 시행했거나, 시행하려고 했던거  전부 다 취소해라"
IsSq98Ekjos,"[자막] 박은정 “윤석열표 교육, 또 실패”…AI 디지털교과서 전면 비판",@Minhyeok_ha,이미 다른나라에서 시도했다가 전부 실패한 모델을 왜 굳이 도입할라고 억지를 썼을까? 얼마나 빼돌릴라고?
IsSq98Ekjos,"[자막] 박은정 “윤석열표 교육, 또 실패”…AI 디지털교과서 전면 비판",@honey7856,박은정의원은 천생이 국회의원인데 수십년 검사생활을 어찌하셨소😂 내란수괴로 인해 천직을 찾은듯😂😂😂
Hm2mj361syM,AI 디지털교과서가 오히려 격차 유발,@심슨-g3t,성급한결정임!! 이거  문제점 엄청났다고 함
Hm2mj361syM,AI 디지털교과서가 오히려 격차 유발,@로봇태권브이-o9b,가정에서는 독서량 올린다고 아이방과 거실 벽면을 책으로 채우고 티비도 컴퓨터도 아이 휴대폰도 안방에 두는데 정책 방향이 잘 못 된 것 같다. 디지털 교과서 예산을 고등학교 의무 교육 유지하기 위한 예산으로 돌려라.
Hm2mj361syM,AI 디지털교과서가 오히려 격차 유발,@nostalgia4041,누구 또 하나 배 불렀네
Hm2mj361syM,AI 디지털교과서가 오히려 격차 유발,@somiko1487,"심각하다. 이젠
초등교과서 까지 건드리나"
Hm2mj361syM,AI 디지털교과서가 오히려 격차 유발,@김지은-v7h2g,반대를 해도 지들맘대로야
Hm2mj361syM,AI 디지털교과서가 오히려 격차 유발,@고슴도치-q7i,"애들 눈 다버리고 
집중력 꽝 대고"
Hm2mj361syM,AI 디지털교과서가 오히려 격차 유발,@kairos521,해쳐드실 결심
Hm2mj361syM,AI 디지털교과서가 오히려 격차 유발,@캐시-z6y,다른 나라는 스마트폰 사용도 줄이게 한다는게 이나라는 거꾸로 가네
Hm2mj361syM,AI 디지털교과서가 오히려 격차 유발,@seulgo437,"저게 편하지도 않고 끊기고 렉걸리고…. 
쓰다보면 고장난것도 있는데 단연히 수리도 안되고 그냥 종이책이 훨 편하죠"
Hm2mj361syM,AI 디지털교과서가 오히려 격차 유발,@TV-rw2wd,어디에다가 반대를 외쳐야할지...
Hm2mj361syM,AI 디지털교과서가 오히려 격차 유발,@옥빛바다-b9e,"그냥 하지 마라
그냥 공부는 책이 제일좋다
아이들 ADHD가 많다
디지털 안좋다"
Hm2mj361syM,AI 디지털교과서가 오히려 격차 유발,@Ljmq-y4j,구린내가 진동하네 ㅋㅋ
Hm2mj361syM,AI 디지털교과서가 오히려 격차 유발,@모니카-c9y,선진국의 실패한교육을 도입한다고? 부작용과 역효과있다고 다시 책자로돌아감
Hm2mj361syM,AI 디지털교과서가 오히려 격차 유발,@jyc6566,지금이라도 디지털 교과서라는 말도 안돼는 짓거리 하지말고 그거 추진한 기관 카르텔 조사해라
Hm2mj361syM,AI 디지털교과서가 오히려 격차 유발,@Hehehehehg,글씨는 언제쓰나 클릭하나로 끝날텐데ᆢ
Hm2mj361syM,AI 디지털교과서가 오히려 격차 유발,@taiyang-hb4rl,가지가지 하네요 ~무슨 애들 눈 나빠진다고 핸드폰과 TV도 덜보게하는판에 이젠 학교에서 하루종일 그런걸로 공부하라니 격차도 격차지만 전자파니 뭐니 애들 건강이 더 걱정이 되네요
Hm2mj361syM,AI 디지털교과서가 오히려 격차 유발,@hyeinc.3872,아.....이 나라는 망했어
Hm2mj361syM,AI 디지털교과서가 오히려 격차 유발,@김유경-n9t,완전 별로임 학생일때라도 종이교과서 쓰게 해야지
Hm2mj361syM,AI 디지털교과서가 오히려 격차 유발,@moonstone91,화면을 터치하는 전자기기는 터치하는 행위만으로도 도파민이 분비됩니다. 장시간 기기로 공부할 시 오히려 집중력이 저하될 우려가 있네요...
Hm2mj361syM,AI 디지털교과서가 오히려 격차 유발,@mosstube2170,종이책을 없애다니....이건 아주 잘못된 정책이다. 책을 읽게 해야한다. 스마트폰도 중등 이상이 되면 쓰게 해야한다.
Hm2mj361syM,AI 디지털교과서가 오히려 격차 유발,@juangaros,어릴 때는 종이책 독서 교육이 가장 중요합니다.
Hm2mj361syM,AI 디지털교과서가 오히려 격차 유발,@KTYart79,뭐든 디지털이면 다 최곤 줄 아냐???
Hm2mj361syM,AI 디지털교과서가 오히려 격차 유발,@i-wanna-go-home,또 또 저거 만들겠다고 얼마를 해쳐먹을지..
Hm2mj361syM,AI 디지털교과서가 오히려 격차 유발,@duybbjyt8677,책도 필요하단다.
Hm2mj361syM,AI 디지털교과서가 오히려 격차 유발,@명순오-f7x,하.... 진짜 누구 머리에서 나왔는지... 진짜 화가 난다!!! 미친거 아니냐고!!!! 토요일 시청역 7번 출구로 모여야 한다!!
Hm2mj361syM,AI 디지털교과서가 오히려 격차 유발,@고릴라-i9y,"아이들 교육보다 
누군가의 로비로 AI기기 소비를 위한 꼼수가  아닐까요? 거니친구가 기기 판매로 뒷돈 빼내는 수단 아닌지 철저한 감시 요망됩니다."
Hm2mj361syM,AI 디지털교과서가 오히려 격차 유발,@우정희-i2o,"미쳤다
미쳤어
아무런 준비없이
맨날 뭘그리 하냐"
Hm2mj361syM,AI 디지털교과서가 오히려 격차 유발,@Hehehehehg,변화하지마라 꼭 변화가 필요한가
Hm2mj361syM,AI 디지털교과서가 오히려 격차 유발,@StillWaterMind-o2d,누가 또 해쳐묵으려고 하나...하
Hm2mj361syM,AI 디지털교과서가 오히려 격차 유발,@JJH-qi3lc,와... 미친....
Hm2mj361syM,AI 디지털교과서가 오히려 격차 유발,@Dr.안젤라,일부 학부모가 아나라 대다수가 반대한다. 세금이 누군가의 입으로 들어가는 중.
Hm2mj361syM,AI 디지털교과서가 오히려 격차 유발,@오호라-e5k,애들 이제 책과는 빠이빠이. 시력 빠이빠이
Hm2mj361syM,AI 디지털교과서가 오히려 격차 유발,@장승희-v4p,"아이들을 멍청이 범죄자로 만드는거임.
이건 변화가 아니라
죽이는거임"
Hm2mj361syM,AI 디지털교과서가 오히려 격차 유발,@auoman,하....... 디지털교과서가 어떻게 시대를 주도하는 거냐고
Hm2mj361syM,AI 디지털교과서가 오히려 격차 유발,@user-wq6pf4vc2u,디지털교과서 반대합니다!
Hm2mj361syM,AI 디지털교과서가 오히려 격차 유발,@tutulip10,막장 교육부
Hm2mj361syM,AI 디지털교과서가 오히려 격차 유발,@user-go2dv7vy1b,책 비싸서 수특 다 pdf로 보는 수험생인 난 반대 진짜 반대 태블릿 한 3시간만 봐도 목부터 머리까지 그냥 다 뻐근하고 아프고 눈 나빠지고 난리나는데 그걸 하루종일 애들한테? 니들부터 서류 다 태블릿으로 봐라
Hm2mj361syM,AI 디지털교과서가 오히려 격차 유발,@참깨빵-j8d,기업의검은손이 어린학생들의 학습권까지 돈으로매점매석
Hm2mj361syM,AI 디지털교과서가 오히려 격차 유발,@grace.nr.0001,시각장애인인 나는 어떻게공부하냐
Hm2mj361syM,AI 디지털교과서가 오히려 격차 유발,@오선미-f8n,절대 해서는 안됩니다. 검증이 완벽하게 끝나고 실행해야 합니다. 아이들 생각도 대화도 못하는 바보 만들 겁니까 ?
Hm2mj361syM,AI 디지털교과서가 오히려 격차 유발,@맑고향기롭게-b3s,"그냥 한숨만 난다!
나라의 보배! 아이들 정책까지 사리사욕으로 망치지 말자! 쫌!!!"
Hm2mj361syM,AI 디지털교과서가 오히려 격차 유발,@이지연-w5x,완전  완전 반대
Hm2mj361syM,AI 디지털교과서가 오히려 격차 유발,@JJH-qi3lc,누구를 위한 것인가..
Hm2mj361syM,AI 디지털교과서가 오히려 격차 유발,@wis9581,누구 주머니 불려주려고 강행중인지
Hm2mj361syM,AI 디지털교과서가 오히려 격차 유발,@조예삐-z4r,맙소사 애들 눈과 뇌는 신경 안쓰냐
Hm2mj361syM,AI 디지털교과서가 오히려 격차 유발,@피하지방,음..유럽쪽은 다시 책으로 돌아간다고 했던 기사를 한달전에 본거 같은데 네던란드 였나
Hm2mj361syM,AI 디지털교과서가 오히려 격차 유발,@이혜경-e6q,"IT강국이라지만
이건 아니다 !"
Hm2mj361syM,AI 디지털교과서가 오히려 격차 유발,@patzzy-w7x,성급해 진짜
Hm2mj361syM,AI 디지털교과서가 오히려 격차 유발,@juiee3644,하지마라 좀!!!
Hm2mj361syM,AI 디지털교과서가 오히려 격차 유발,@mathadmission1742,"응, 아냐.... 지금도 멀티미디어 너무 많이 사용한다.. 수업시간만이라도 책을 보자.."
Hm2mj361syM,AI 디지털교과서가 오히려 격차 유발,@좋은나무-x8x,애들 다 버린다ㅜ
Hm2mj361syM,AI 디지털교과서가 오히려 격차 유발,@JIN그래,헉. 책으로해라
Hm2mj361syM,AI 디지털교과서가 오히려 격차 유발,@고릴라-i9y,"거니와 이권개입된 정책일 것 같아요. 철저한 검토. 공청회도 없는 졸속정책. 부작용이 더 클것입니다.
요즘 어린이들이 너무나 전자기기에 노출되어 사고력. 창의력저하  우려되는데 학교에서까지 절대 반대합니다. 
38년 경력.교사."
Hm2mj361syM,AI 디지털교과서가 오히려 격차 유발,@it5535,교육툴이 이렇게까지 빠르게 ai로 대체되는건 바람직하지 않다. 안그래도 일상생활에서 접하는 시간이 많은데 교재마저 이런다면 아이들 뇌 사용량을 축소시키는데 일조하는것이다. 종이책이 주는 뇌의 안정감이나 활성화가 얼마나 좋은데. . .빠르다고 좋은게 아니다. 교사 수를 줄이고 ai도입하고 결과적으로는 학교의 붕괴를 초래한다.
Hm2mj361syM,AI 디지털교과서가 오히려 격차 유발,@HS-jz7zy,"적극 반대합니다.
누가 도입원한다고...ㅜ
초등생에게 디지털교과서는 애들 망치는 길이죠. 스스로의  조절 감각으로 읽는게 아닌 자동으로 읽어주는 미디어형식 이게 교육적으로 초등생들에게 얼마나 최악인지 모르는지. 답답하군요."
Hm2mj361syM,AI 디지털교과서가 오히려 격차 유발,@xksw11,"현대인의 고질병인 목디스크와 난독증, 노안을 초등학교때부터 알려주고싶은 교육부의 스마트한 정책이네요. 기계값은 누군가 헤먹을수 있고요."
Hm2mj361syM,AI 디지털교과서가 오히려 격차 유발,@Nicoleshin.official,성장기에 있는데 시력나빠질거 같은데 초등학교6년은 종이책으로 해야??
Hm2mj361syM,AI 디지털교과서가 오히려 격차 유발,@jges4864able,누구도 반기지 않는데 제발 하지 않기를
Hm2mj361syM,AI 디지털교과서가 오히려 격차 유발,@정현이-y7o,"지금이라도 취소해라!!!
도대체 뭐하는짓이야!!!
누가 찬성해!!!"
Hm2mj361syM,AI 디지털교과서가 오히려 격차 유발,@꿀라스미르,시골 은 오히려 디지털 교과서 불리한데 인터넷 안되는 집이 수두룩하다 다 쓰러져가는집에 인터넷 설치도 안해준다
Hm2mj361syM,AI 디지털교과서가 오히려 격차 유발,@아리-l6d,아...진짜 누구를 위한 거냐 정말... 시대적 흐름이면 다 유익한거냐? 미쳐.
Hm2mj361syM,AI 디지털교과서가 오히려 격차 유발,@서미옥-h9x,반대가  많어면  안해야  한다
Hm2mj361syM,AI 디지털교과서가 오히려 격차 유발,@eunha6878,초등은 종이책. 코로나 때 초등 저학년 죽쑴
Hm2mj361syM,AI 디지털교과서가 오히려 격차 유발,@bts_v9995,이런건 누가 결정하는건지..에휴
Hm2mj361syM,AI 디지털교과서가 오히려 격차 유발,@좋은나무-x8x,지금도 테블릿으로 수업진도 후 시간 남으면 개인별 학습할수 있음. 누구 배불릴려고 이 따구 짓 하는거임2?
Hm2mj361syM,AI 디지털교과서가 오히려 격차 유발,@yang8729,"왜 저런 짓을 할까
안그래도 종이책과 안친한데"
Hm2mj361syM,AI 디지털교과서가 오히려 격차 유발,@chocho48642,"성급하지!!!
지금도 책 안보고 미디어 노출 심하다고 난린데
초등부터 한다고? 애들 눈 피로와 시력은 어쩌고???"
Hm2mj361syM,AI 디지털교과서가 오히려 격차 유발,@user-ja7ghkdler3,저러면 종이 교과서 쓰는 대안학교나 사립학교 다니려 할거다. 유럽에서 실패한 디지탈 수업 폐해 겪은걸 왜 따라 하냐 .
Hm2mj361syM,AI 디지털교과서가 오히려 격차 유발,@aa-gx6nx,디지털로 보면 오히려 글 잘 안읽히는데... 집중은 종이책이 더 잘 될텐데..
Hm2mj361syM,AI 디지털교과서가 오히려 격차 유발,@박혜숙-e9r,외국에서 실패힌건 외면하고 있네요
Hm2mj361syM,AI 디지털교과서가 오히려 격차 유발,@namooenorae,애를 홈스쿨링 해야 할까요?ㅠㅜ
Hm2mj361syM,AI 디지털교과서가 오히려 격차 유발,@이주은-t8z5e,미쳤나봐 진짜.....아무것도 하지마세요 제발
Hm2mj361syM,AI 디지털교과서가 오히려 격차 유발,@행운을-s3x,일부러 책보고 연필로 따라 쓰라고 하는데. 이걸 디지털로 바꾼다고?! 눈 나빠진다고 게임고 하루에 한시간씩 하게만해주고 바깥 하늘 바라보게 하는데?! 미치겠다
Hm2mj361syM,AI 디지털교과서가 오히려 격차 유발,@러언더언,반대요 제발!!!! 유치원생 엄마 너무 걱정됩니다
Hm2mj361syM,AI 디지털교과서가 오히려 격차 유발,@rt567ff,교육에 관심 1도 없는 교육부
Hm2mj361syM,AI 디지털교과서가 오히려 격차 유발,@Usushsjxbw,아니 대체 교육이 왜 이따위야
Hm2mj361syM,AI 디지털교과서가 오히려 격차 유발,@eio798,"어느 나라인지 기억 안나지만 디지털로 했다가 학습력이 떨어져서 다시 종이로 바꾼다고 하드만...
사례가 않좋은데 왜 하는거야?"
Hm2mj361syM,AI 디지털교과서가 오히려 격차 유발,@CHERISH_MIWOO,전혀 아니라고 봄 AI 하는순간 더 공부안할껄  글씨도 못쓰고 맞춤법은 더 엉망이 되고 지능은 더 떨어질껄 연필을 쓰면서 배우는게 더 좋다고 들었는데 수학은 어떻게 계산하려나 풀이과정을  필요한경우는
Hm2mj361syM,AI 디지털교과서가 오히려 격차 유발,@더잘될거야,ㅜㅜ 이건 전국적으로 진행하는 정책이라 전북도 하긴 해야되는데  참 우려가 크네요
Hm2mj361syM,AI 디지털교과서가 오히려 격차 유발,@user-nm9lk8cx6t,정말 무조건 반대한다. 반대한다.
Hm2mj361syM,AI 디지털교과서가 오히려 격차 유발,@나힘냅시다,디지털 교과서 카르텔 감사해보자
Hm2mj361syM,AI 디지털교과서가 오히려 격차 유발,@sunbell1124,컨텐츠만 받쳐준다면 바꿔야지
Hm2mj361syM,AI 디지털교과서가 오히려 격차 유발,@힘내라대한민국-h1m,"왜 종이로 안하고 디지털로 하는가?? 종이에서 대체할 수 없는 것만 디지털로 하면 된다. 
종이가 주는 장점이 큰데 그걸 무시하면 안된다. 
아울러 소외되는 사람이 없게 평등하게 교육하라."
Hm2mj361syM,AI 디지털교과서가 오히려 격차 유발,@jeongheeson2170,미친 정책.
Hm2mj361syM,AI 디지털교과서가 오히려 격차 유발,@라니77-n4k,종이의 힘은 다르다~~~
Hm2mj361syM,AI 디지털교과서가 오히려 격차 유발,@고양이친구-k4t,아니.......눈다 나가리 되겠네  고집센 바보가 세상을 어지럽게만드네
Hm2mj361syM,AI 디지털교과서가 오히려 격차 유발,@샤론-l5p,세상에나 종이책도 싫어하는데 퍽이나 좋겠다. 게임중독으로 이끄는구나.
Hm2mj361syM,AI 디지털교과서가 오히려 격차 유발,@Kim-by5be,또 학급 프로그램 관리 나옴서 돈 왕창
Hm2mj361syM,AI 디지털교과서가 오히려 격차 유발,@박선영-d3s5x,원래대로 돌려놔라 해야 할일들은 안하고 쓸때없는 짓들만 하고있어 진짜.정치인들 없는게 낫다니까
Hm2mj361syM,AI 디지털교과서가 오히려 격차 유발,@훌륭한나-x7t,종이 교과서가 좋습니다. 디지털 교과서를 반대합니다.
Hm2mj361syM,AI 디지털교과서가 오히려 격차 유발,@푸바오-t4e,아무리 우리가 이래도 ㅠ
Hm2mj361syM,AI 디지털교과서가 오히려 격차 유발,@바람이분다-k8h,실험 결과도 있쟎아요~ E-북으로 볼때랑 종이책으로 읽을때랑 뇌 활성되는 부분이 다르던데요~~ 아이들에겐 종이책 주세요~~
Hm2mj361syM,AI 디지털교과서가 오히려 격차 유발,@벼리-b5v,학부모들 다 반대함! 비리 조사해주세요!!
Hm2mj361syM,AI 디지털교과서가 오히려 격차 유발,@심플이-m4b,미친 나라 나라 망하는 지름길
Hm2mj361syM,AI 디지털교과서가 오히려 격차 유발,@bdbdbd_bdbdbdbd,이젠 애들 미래 망칠려고 작정했넼ㅋ
Hm2mj361syM,AI 디지털교과서가 오히려 격차 유발,@user-vy2sz8mj6m,이것도 뒷돈 받았을 듯 삼성꺼 쓰나 패드를????
Hm2mj361syM,AI 디지털교과서가 오히려 격차 유발,@YTB-i6p,해먹었네 쥴리가그러더나
Hm2mj361syM,AI 디지털교과서가 오히려 격차 유발,@user-lf5es1zm8h,포기자가 쑤두룩 생기겠네
Hm2mj361syM,AI 디지털교과서가 오히려 격차 유발,@밍지-x9t,디지털교과서하면 격차 더 커질거라고 시행한다할때부터 예상했음.
Hm2mj361syM,AI 디지털교과서가 오히려 격차 유발,@안기오-p5x,"기득권 유지에만 힘 쓰고 있다니까!!
지금은 저렇게 일방적으로 디지털만 주장하는 인간들이 기득층이지!!"
